key,0,1,2,3,4,5,6,7,8,9,10,11,12,13,14,15,16,17,18,19,20,21,22,23,24,25,26,27,28,29,30,31,32,33,34,35,36,37,38,39,40,41,42,43
#,HyurMidlander[Male],HyurMidlander[Female],HyurMidlander[LastName],HyurHighlander[Male],HyurHighlander[Female],HyurHighlander[LastName],Elezen[Male],Elezen[Female],ElezenWildwood[LastName],ElezenDuskwight[LastName],MiqoteSun[Male],MiqoteSun[Female],MiqoteSun[MaleLastName],MiqoteSun[FemaleLastName],MiqoteMoon[Male],MiqoteMoon[Female],MiqoteMoon[Lastname],LalafellPlainsfolk[FirstNameStart],LalafellPlainsfolk[LastNameStart],LalafellPlainsfolk[EndOfNames],LalafellDunesfolk[Male],LalafellDunesfolk[MaleLastName],LalafellDunesfolk[Female],LalafellDunesfolk[FemaleLastName],RoegadynSeaWolf[Male],RoegadynSeaWolf[MaleLastName],RoegadynSeaWolf[Female],RoegadynSeaWolf[FemaleLastName],RoegadynHellsguard[FirstName],RoegadynHellsguard[MaleLastName],RoegadynHellsguard[FemaleLastName],AuRaRaen[Male],AuRaRaen[Female],AuRaRaen[LastName],AuRaXaela[Male],AuRaXaela[Female],AuRaXaela[LastName],HrothgarHellions[FirstName],HrothgarHellions[LastName],HrothgarLost[FirstName],HrothgarLost[LastName],Viera[FirstName],VieraRava[LastName],VieraVeena[LastName]
offset,0,4,8,12,16,20,24,28,32,36,40,44,48,52,56,60,64,68,72,76,80,84,88,92,96,100,104,108,112,116,120,124,128,132,136,140,144,148,152,156,160,164,168,172
int32,str,str,str,str,str,str,str,str,str,str,str,str,str,str,str,str,str,str,str,str,str,str,str,str,str,str,str,str,str,str,str,str,str,str,str,str,str,str,str,str,str,str,str,str
0,"安賽爾梅特","赫敏","Abbey","維拉海爾姆","阿達拉","Alvey","艾貝坦","阿爾布瓦茲","Alamenain","Alambertel","阿・提卡","阿・琳波","Tia","Taqa","內烏・阿","內烏","Jawantal","阿","An","阿卡","比比","亞恩","芭","芭","艾利爾維恩","Lonwoerdsyn","狄爾佛希斯","Lonwoerdwyn","丹興","Coeurl","Herring","赤城","葵","Kaneuchi","阿巴哈","巴古兒赤","Adarkim","伊維察","Amira","達沃爾","Zlatasch","克琳","Hyskaris","Roda"
1,"克萊雷博爾德","艾莉森","Abel","維拉馬爾","阿拉爾博塔","Archer","阿爾德里克","阿芒迪娜","Arscelin","Alboichamps","黎・提卡","碧・妮姆莉","Tia","Dhen","密亞・托","密亞","Molkot","阿比","Aro","巴斯","布布","貝塔","比","恰","埃利福魯斯克","Wastwebbsyn","埃爾納希斯","Wastwebbwyn","萬德靈","Buffalo","Salmon","一畝","薊","Akiudo","阿嘎斯勒台","巴爾呼金","Angura","馬蒂亞","Azora","蒂霍米爾","Liubasch","克廷","Eryut","Lesrekta"
2,"羅德維卡斯","蓋娃","Ackerman","維雷爾姆","阿達琳德","Ashdale","亞歷克蘇瓦","阿梅莉娜","Asturmaux","Archevauliere","雅・利加","卡・蘭麥雅","Tia","Rhiki","馬夏・托","馬夏","Mhakaracca","阿帕","Ato","奇奧","恰恰","多亞","布","妲","菲利爾森","Wistweinsyn","弗魯爾希斯","Wistweinwyn","斯派拉靈","Chocobo","Trout","右岸","紫陽","Oshidari","阿格沙台","巴爾庫金","Arulaq","奧索裡奧","Avesna","利裡姆","Brankasch","阿莉絲","Camoa","Arda"
3,"塔蘭","吉爾達","Addock","瓦因博德","阿德蕾娜","Ashe","安托瓦諾","阿芒妮","Aubaints","Auberlaint","茶・利加","德・旺嘉莉","Tia","Rhof","茹布・阿","茹布","Epocan","巴","Bu","基恩","切切","多加","恰","芙","菲厄穆爾","Wuntwilfsyn","弗雷希斯","Wuntwilfwyn","波若溫","Aurochs","Whale","右京","花鳥","Gakuto","阿古扎木","巴烏古兒赤","Avagnar","弗拉季斯加","Azorya","克雷西米爾","Tirasch","維伊絲","Muscadet","Ymir"
4,"奧爾德斯","茉特","Allen","維斯卡德","艾貝","Ayers","阿里斯蒙","阿米安娜","Aubierault","Aucheforne","伊・拉特","艾・妮布妮帕","Tia","Rahz","拉卡・阿","拉卡","Nelhah","茶","Buli","古達","可可","菲諾","丘","伊","菲利爾斯奇夫","Untawhasyn","菲利爾希斯","Untawhawyn","洛靈","Bull","Dolphin","雨月","菖蒲","Ushikai","雅布合","孛魯德","Bairon","內納德","Astana","多布","Ratyasch","露伊","Atoel","Bosco"
5,"亞伯拉罕","塞西莉亞","Allond","維森坎德","艾里娜","Bailey","阿耳曼泰爾","阿斯特蕾勒","Aubrenard","Bamponcet","碧・拉特","芙・瑪裡波","Tia","Hena","納吉・利","納吉","Amariyo","杜","Buoy","霍伊","達達","伊薩","達","嘉","海爾布漢斯","Ubyltusyn","吉姆希斯","Ubyltuwyn","萊京","Buck","Clam","牛伏","淡雪","Kataribe","林丹","孛爾只斤","Bayaqud","茲拉坦","Arodica","德西米爾","Slanasch","夏拉","Bysnoe","Gucuma"
6,"曼賽爾","阿米絲","Arkwright","沃爾坎","艾諾爾","Baines","阿蒂裡烏","阿特魯娜","Aurifort","Bardelaurain","奧・恰達","古・柯恩娜拉","Tia","Tyata","奇特・阿","奇特","Gamduhla","艾","Dala","伊珀","迪迪","焦尼","德","柯","荷爾斯克蓋斯","Sykursyn","哈爾德希斯","Sykurwyn","瑤寧","Antelope","Wave","雨讀","杏","Bakuro","魯夫山","孛拉格琴","Bolir","托普利察","Amilan","斯拉薩克","Enyasch","蕾娜","Dei-Ijla","Kisne"
7,"維爾納","艾弗麗爾","Aubrey","拉克烏爾夫","阿海里莎","Barrett","阿圖瓦雷爾","奧蕾勒","Beltardois","Barnabontant","佩・恰達","赫・亞拉巴莉","Tia","Bamu","奇斯・阿","奇斯","Chalahko","菲","Du","吉卡","法法","萊伊","蒂","琪","凱坦伯恩","Swarsweigsyn","伊西爾希斯","Swarsweigwyn","拉芬","Wolf","Ocean","雲山","十六夜","Urabe","阿達契台","孛洛格琴","Borlaaq","日丹","Amirka","馬泰","Natasch","萊爾","Fyth","Tehp"
8,"波韋爾","艾德希達","Bagley","烏爾特加爾","阿爾布蕾達","Battle","奧古斯蒂涅爾","布萊西","Bertouaint","Beaudefoins","維・阿帕","伊・基恩姬","Tia","Aba","希珀・利","希珀","Jakkya","弗","E","吉恩","弗弗","蘭恩","法","庫","梅爾吉恩","Swozstyrmsyn","康拖塔","Swozstyrmwyn","塔沃靈","Coyote","Abyss","雲龍","交喙","Shikibu","阿術吉木","孛洛琴","Buduga","米斯蒂斯加","Asvana","多布裡卡","Svenach","比永絲","Golmarr","Paharo"
9,"阿爾賓","萊維娜","Ballard","烏尼哈德","阿爾德露斯","Beake","奧梅裡克","布蘭蒂","Blodoint","Beaudonet","西・阿帕","嘉・塔爾姬","Tia","Raha","達卡・托","扎烏","Nbolo","伽","Gami","拉多","付付","勞歐","菲","菈","穆厄菲安","Solksthalsyn","克林拖塔","Solksthalwyn","薩爾京","Jackal","River","炎節","荊棘","Sakimuri","阿德契拉黑","博托惠","Dalamiq","穆蒂米爾","Avira","奧斯特羅米爾","Ditasch","阿麗姆","Iryut","Muruc"
10,"亞瑟","米拉貝爾","Barker","瓦伊雅特","阿蕾迪絲","Beck","巴蒂斯托","布萊妮","Branchais","Bontensont","艾・瑪提","克・莉夏","Tia","Mhasi","達卡・利","達卡","Jinjahl","戈","Gu","爾比","伽伽","蘭塔","芙","蕾","尼斯特比爾姆","Sunnskyfsyn","欽德拖塔","Sunnskyfwyn","巴恩丁","Griffin","Lake","海燕","伊吹","Hatasashi","阿納爾巴","查侖","Iriq","博戈米爾","Aredna","伊萬","Anatalyasch","庫麗","Ljanta","Cahuac"
11,"奧古斯丁","艾蒂莎","Barlow","瓦伊馬","阿蕾索妮","Benbow","巴爾納貝","布莉吉","Cahernaut","Braitognieux","喬・瑪提","梅・拉艾波麗","Tia","Odh","茹布・利","奧克","Polaali","哈","Ha","爾戈","濟濟","邁伊","嘉","蘿","佛裡姆洛夫","Seiksatzsyn","拉戈拖塔","Seiksatzwyn","斯奇特靈","Dragon","Spring","影虎","善知","Tabito","阿馬沙","怯怯伊真","Jhungid","拉蒂米爾","Azetina","弗謝米爾","Inivisch","伊塞拉","Miret-Moor","Isshu"
12,"貝亞德","阿爾蒂特","Bell","瓦伊蒙德","阿爾薇瑞德","Blackburn","貝爾農","索莉","Carrilaut","Brucemont","黎・歐爾赫","黎・科裡維","Tia","Tykha","林・阿","琳","Maimhov","霍","Hamy","裡恩","戈戈","邁雅","果","露","裡特阿緹恩","Rhansathsyn","利那拖塔","Rhansathwyn","阮寧","Rat","Waterfall","陽炎","梅","Kaujin","阿馬山赤","查木貝","Kharlu","拉季薩","Astolla","米斯加","Jovasch","尤爾希","Miret-Njer","Cebe"
13,"貝爾蒙特","奧德葉","Bellveil","西姆","阿琉恩","Brood","布盧瓦西朗","塞莉","Charlemend","Cedrepierre","奇・歐爾赫","恩・赫恩格","Tia","Khuba","維拉・利","維拉","Lyehga","卡","Hon","裡托","古古","穆克","哈","茉","斯凱恩利斯","Pfymseiksyn","諾爾拖塔","Pfymseikwyn","沃爾京","Mouse","Creek","喜鵲","豔麗","Gyoji","阿拉直布","傑傑伊真","Khatayin","察奇","Amarya","亞羅米爾","Onasch","維娜絲","Otoel","Yapih"
14,"本尼德克特","艾露琺","Berry","塔伊奧恩","阿莉絲","Blacke","布瓦瑟隆","塞維莉雅","Chaunollet","Chamberliaux","恩・貝姆","奧・亞拉沫","Tia","Rhid","維拉・托","茨姆","Kaatapoh","卡姆","Ke","爾卡","哈哈","穆恩","希","姆","斯卡恩瑪爾","Ostornsyn","拉姆拖塔","Ostornwyn","維平","Falcon","Stream","華山","落實","Daisho","阿拉布查","朵兒格聶","Malqir","茲沃尼米爾","Atolna","沃羅斯","Petyasch","烏其娜","Qoet","Yaxin"
15,"本尼格爾","蒂亞曼德","Bishop","烏爾塔","阿梅羅特","Bloode","布里亞迪安","克麗奧","Cimeaurant","Charledore","卡・貝姆","佩・瓦巴茨","Tia","Bhen","緹芙・阿","緹芙","Khamazom","凱","Kelu","爾諾","希希","奈蘇","佳","娜","修提姆維恩","Rosnsathsyn","利姆拖塔","Rosnsathwyn","奇青","Eagle","Bream","神威","楓","Kanshi","阿力克","朵兒革諾","Mankhad","涅克拉斯","Atessa","塞亞德","Linasch","索尼婭","Rysto","Huin"
16,"博伊爾","艾德布加","Braddock","烏恩弗雷","阿爾蕾特","Brand","布呂納迪耶","德妮亞","Corentiaux","Chassebel","德・羅西","奇・姬瑞柯","Tia","Qolnh","緹奧・利","緹奧","Panipahr","克","Kesu","爾托","嘉嘉","奈嘉","傑","涅","斯姆雷特","Niunaglsyn","薩茨拖塔","Niunaglwyn","瑞京","Buzzard","Siren","可樂","花月","Godo","阿嘎沙","也貝該","Mierqid","弗謝斯加","Ayurya","瓦茨拉夫","Ulgasch","斯蕾婭","Sjasaris","Oghu"
17,"布蘭","艾達","Brasher","瓦拉弗里德","阿莎拉","Bullock","塞萊斯托","多塞特","Coultenet","Chatelfort","芙・羅西","爾・魯恩","Tia","Loha","莫裡・托","莫裡","Moshroca","利弗","Kog","魯吉","吉吉","奈恩","柯","妮","西希爾迪格","Moeramohtsyn","斯酷恩拖塔","Moeramohtwyn","斯提明","Crow","Whirlpool","灌水","霞","Ishiku","阿爾古胡","格孛兒金","Noykin","塔曼","Amov","盧德維特","Maevsch","凱絲特拉","Tym","Tswarra"
18,"布魯斯","艾德金","Brewer","瓦爾查","阿泰莉絲","Butcher","西塞魯瓦","德艾勒","Dailemont","Cibleroit","古・阿茲","絲・納伊嘉","Tia","Phen","莫裡・拉","琪雅","Garanjy","莫","Loh","爾約","喬喬","尼瑪","琪","諾","西文瑪斯","Moegmhusyn","斯太爾拖塔","Moegmhuwyn","蘭佩京","Dragonfly","Current","曉星","桔梗","Urabito","阿斯朗","古兒博蘇","Olkund","謝文","Adeanna","安德裡亞","Lentyasch","彼得拉","Viras","Guguerro"
19,"克利夫頓","艾德薇雅","Broadbent","瓦爾迪伯特","奧雅辛","Byrde","西里安","多麗","Dariustel","Colbernoux","嘉・阿茲","茶・布羅卡","Tia","Falh","佩裡・賽","佩裡","Jawantal","納","Ma","爾扎","科科","恩吉","科","珀","特拉哈塗姆","Marmannsyn","森拖塔","Marmannwyn","賽寧","Peiste","Eddy","旭峰","菊水","Edakumi","阿爾赤黑","忽格侖","Dazkar","姆拉登","Ajolla","烏爾福","Ovasch","諾伊拉","Wolt","Gugoza"
20,"克萊夫","埃爾蒂德","Brooks","瓦爾德馬爾","奧琳","Byrne","克萊芒坦","蒂莉絲","Drillemont","Dechamberre","克・法爾科","烏・夏柯爾","Tia","Banhi","卡塔・阿","卡塔","Lihzeh","諾","Maba","瑪嘉","酷酷","努黎","庫","璞","維布阿科特","Oebmannsyn","西茲恩拖塔","Oebmannwyn","斯皮寧","Yarzon","Turtle","魚道","水鳥","Okeya","阿魯庫泰","忽類罕","Oronir","拉季米爾","","拉茨勞","Yorvasch","尼麗莎","Yascaret","Tormelados"
21,"科爾伯特","艾爾芙蕾妲","Browne","瓦爾伯特","奧裡阿娜","Cordwyk","克洛泰勒","埃德梅勒","Drividot","Deresnels","梅・巴洛","烏・喬恩格","Tia","Malha","卡塔・托","雅赫","Mujuuk","奧","Mada","瑪尼","拉拉","恩帕","拉","瑞","瓦斯特拉哈","Ostyrmannsyn","烏畢爾威達","Ostyrmannwyn","戴溫","Morbol","Orobon","慶典","雲切","Onishi","阿木巴格海","呼札格兒","Oroq","拉迪奧","","齊夫","Slobasch","奈伊","Voras",""
22,"科爾森","艾特芙蕾德","Carmine","瓦雷恩海裡","奧里爾迪絲","Cotter","克洛泰里翁","艾爾德","Duimessand","Derinloire","爾・恩達爾","瓦・帕哈拉","Tia","Pahlo","拉雅・利","拉雅","Jaab","佩","Magu","米恰","利利","恩佐","樂","若","韋爾夫穆恩","Loezmannsyn","烏辛威達","Loezmannwyn","克萊姆兵","Hornet","Apple","傾穗","紅","Kaisuri","也林台","亦巴哈","Qerel","傑維亞特科","","馬特科","Piryasch","麗婭","",""
23,"坎法斯","埃塞琳達","Carver","塞奧德里克","阿維絲","Crewe","達西安","艾爾維德","Duremert","Drancelmans","絲・恩達爾","維・琵柯伊","Tia","Tyatu","拉雅・洛","恩達","Tayuun","普","Mena","莫諾","羅羅","包其","莉","紗","溫修特奧拉","Lubbloefsyn","凡威達","Lubbloefwyn","墜弗廷","Wasp","Plum","啟明","紅玉","Kaifu","亦圖成","札裡凱","Torgud","弗拉托潘","","斯拉德奇","Votyasch","瑞夏","",""
24,"科奈爾","芙瑞斯維德","Clarke","泰烏德巴爾德","阿薇金","Dalvag","達爾斯盧瓦","埃米娜","Ebrelnaux","Dubeltaire","烏・奎伊","西・格納柯","Tia","Naweh","拉雅・拉","烏拉","Bajhiri","拉","Mesha","納恩","瑪瑪","萊吉","蘿","霞","威修特森","Loetrlihtsyn","威爾特威達","Loetrlihtwyn","斯利平","Goobbue","Swan","玄武","小櫻","Gakunin","亦魯該","哈達甘","Tumet","斯瓦托米爾","","多瑪戈伊","Anovsch","約蒂爾","",""
25,"科斯特","加絲麗特","Clay","泰奧德馬爾","阿薇拉","Denman","多米西安","艾爾米安絲","Estrelaint","Duchesnelt","瓦・奎伊","雅・雅拉妮","Tia","Ndai","塔塔・賽","塔塔","Zhwan","洛","Mol","恩可","梅梅","萊卡","露","秀","烏恩特希姆爾","Klynkestsyn","沃爾威達","Klynkestwyn","斯托萊京","Mole","Gull","豪雪","琴風","Kasanui","兀赤金","火加格琴","Ugund","費利博爾","","維亞奇科","Ellasch","伊維特","",""
26,"西利亞克","格特","Clayworth","塞維爾","阿薇恩","Elder","迪維庫魯瓦","費娜","Eurelt","Eudestand","阿・瓦諾","喬・莫爾巴","Tia","Halha","克瑪・其","克瑪","Molkoh","夏","Na","奈可","瀰瀰","瑞亞","瑪","絲","威斯羅爾","Hyllkestsyn","威斯威達","Hyllkestwyn","莊寧","Crab","Dodo","金剛","琴月","Kazarishi","兀都台","火金","Uyagir","格魯古爾","","博裡克","Lantasch","海琳","",""
27,"丹伯特","金奈德","Cooke","西爾蓋恩","巴爾泰爾達","Forester","埃馬內蘭","菲妮亞","Faintillaud","Eugeoiret","卡・瓦諾","碧・愛爾","Tia","Quah","阿姆・阿","阿姆","Mewrilah","肖","Po","奈利","那那","山姆","彌","蘇","威茲恩古爾德","Horskhundsyn","吉恩威達","Horskhundwyn","彌興","Goat","Pelican","彩雲","小春","Kawanami","也速成","火裡金","Dhoro","德揚","","茲德拉夫科","Stalyasch","尤瑪","",""
28,"達馬斯","歌德蕾瓦","Corwell","西博爾德","巴爾緹爾迪絲","Frost","昂蓋朗","弗拉維艾勒","Faucertaux","Evrardoux","赫・拉恰","阿・納雅克","Tia","Vanih","凱達・利","凱達","Rabntah","蘇","Poto","恩伽","諾諾","山恩","茉","塔","塞斯烏雅","Glazhwabsyn","茲厄威達","Glazhwabwyn","興英","Drake","Doe","左岸","小町","Kusakari","也木裡克","忽古兒琴","Orben","亞羅米爾","","米奧德拉格","Zelasch","阿希婭","",""
29,"丹尼爾","古蒂芙","Covey","西迪蒙德","貝蕾塔","Garrott","埃斯蒂尼安","弗洛麗娜","Faucillien","Fauchetemps","茶・拉恰","阿・赫茱碧","Tia","Laqi","凱達・托","帕納","Wahcondalo","特","Ra","恩吉","帕帕","托尼","娜","托","扎赫克雷普夫","Glazghotsyn","艾斯威達","Glazghotwyn","淘爾京","Wyvern","Rabbit","左京","小琉璃","Kusushi","窩闊台","納林加娃","Ejinn","茨季博爾","","弗拉斯季米爾","Vetasch","愛琳","",""
30,"迪特里希","古蒂莎","Dorne","西弗里德","博加爾德","Goffe","厄讓努瓦","弗裡娜","Ferdillaix","Fauconnoix","碧・艾利","碧・蕾莫","Tia","Amih","凱達・阿","巴索","Jomalah","瓦","Rala","恩戈","佩佩","烏陸","妮","茨","扎赫利姆","Guhtgeissyn","阿黎威達","Guhtgeiswyn","微斯珀靈","Toad","Squirrel","殘星","石榴","Kodakumi","窩只別克","努木侖","Dotharl","德米塔爾","","杜貝尼亞","Lianasch","約爾","",""
31,"登斯頓","海德休","Dracht","羅裡克","博特里阿娜","Grayve","法布雷耶","加埃勒","Forchetaix","Feuillelains","喬・艾利","碧・雅波基","Tia","Chaho","烏納・阿","烏納","Relanah","雅","Rom","奧恩","珀珀","萬其","諾","娃","茲恩古太爾賓","Haerfrusksyn","巴拉威達","Haerfruskwyn","斯塔靈","Ghost","Calf","殘雪","小波","Sashihai","哈勒","窩闊林","Hotgo","博裡米爾","","拉多萬","Stevasch","特莎","",""
32,"戴文","希妲","Eugene","拉吉恩蒙德","西莉亞","Grey","費利謝昂","格溫諾莉","Forsemart","Fierlaine","德・茶赫","卡・蘭塔","Tia","Jhamei","烏納・托","克羅","Akhabila","尤","Tam","帕斯","庫庫","萬伊","努","沃","吉貝特溫德","Ghimfolgsyn","布魯威達","Ghimfolgwyn","法爾靈","Bear","Sparrow","紫雲","小夜","Sarugaku","哈勒扎","窩兒貝","Sagahl","勒曼","","伊利科","Utyasch","耶克","",""
33,"迪裡克","休德耶德","Fairclough","蘭德","克拉莉蒙德","Hammil","費雷奧爾","艾爾曼絲","Fraideoux","Fortanceste","嘉・茶赫","德・馬拉德爾","Tia","Khah","烏納・利","薩嘉","Awandah","嘉","Taya","普珀","菈菈","萬茲","帕","婭","奧斯特西格","Geimfoetsyn","伯恩威達","Geimfoetwyn","利平","Galago","Crow","紫電","紫苑","Shibunuri","海山","掃哈台","Kahkol","盧切扎爾","","德拉斯科","Rolvasch","基艾特","",""
34,"埃萊亞薩","蕾芙奇爾德","Fields","奧迪布蘭德","德姆絲","Hart","菲爾米安","艾爾珊德","Frilaix","Fourchenault","艾・卡亞","艾・茱薩奈","Tia","Yarhu","烏納・賽","恰格","Anbolho","窪","Tha","拉爾","雷雷","彥迪","佩","悠","隆沃德","Fhilfhisyn","布羅特威達","Fhilfhiwyn","朱爾德","Gnat","Heron","白波","翠","Tanshi","海台","掃爾哈塔妮","Kha","多布裡","","達科","Wenyasch","比耶爾","",""
35,"伊曼紐爾","蕾芙蕾達","Fisher","奧迪內爾","德達","Hawke","菲米尼南","伊莉艾特","Fromelaut","Fousquenet","伊・卡亞","奧・茱拉姆","Tia","Gayha","西扎・利","伊吉","Betwanhe","扎","Tun","利姆","力力","彥克","珀","傑","阿爾德福特","Farredzasyn","比利古威達","Farredzawyn","艾福瑞","Boar","Stork","白獅","雀","Chosai","卻思黎黑","掃若參","Mol","普蒂米爾","","文采爾","Nintasch","埃麗絲","",""
36,"伊拉斯馬斯","密爾布絲","Fletcher","奧爾特爾夫","艾博希爾德","Hext","弗洛倫泰爾","伊奧蕾恩","Georjeaux","Frageorloix","芙・雅賀","卡・塔達拉","Tia","Iahe","薩密・托","琵赫","Binbotaj","佐","Vu","洛克","洛洛","勇恩","璞","潔","阿特瑪斯","Eifaentsyn","登恩威達","Eifaentwyn","格瑞斯福","Beetle","Crane","神刀","堇","Dejiki","忽朱克","速爾庫帖妮","Gesi","洛夫羅","","文茨拉斯","Olanasch","米亞拉","",""
37,"艾里克","密爾德斯瑞斯","Fulke","奧特維恩","艾迪拉","Hicke","弗洛里蒙","伊蕾娜","Gibrillont","Franchemontiaux","黎・雅賀","艾・帕古羅","Tia","Rhuwa","西扎・托","西扎","Burwani","","Yara","塔恩","露露","贊恩","葵","","巴爾德威爾恩","Doerdyrfsyn","杜恩蓋姆","Doerdyrfwyn","加格德","Ant","Duck","瑞光","青花","Torioi","忽查兒","塔丘檀","Kagon","尤拉伊","","克裡夫","Mildasch","舍爾","",""
38,"艾斯蒙德","麥德蕾德","Gardner","奧太林","艾麗婭","Horne","弗蘭凱","讓謝蒂","Grillairmais","Francmontois","梅・維爾希","奧・博柯奈","Tia","Belhi","薩密・阿","薩密","Dolabnha","","Yu","托尼","薩薩","傑戈","璐","","凱爾興","Fiandoensyn","德瑞斯蓋姆","Fiandoenwyn","寇伊爾德","Raptor","Fawn","剪定","雪花","Naeuri","奎由","塔爾坤","Goro","沃龍","","瓦爾德馬","Ridnisch","伊裡絲","",""
39,"埃斯穆爾","奧絲吉絲","Gelson","奧索","艾麗絲","Hunt","加比諾","雅妮","Grinnaux","Gerraldieux","恩・維爾希","芙・瑪納琺","Tia","Celah","薩密・坦","柯塔","Dakwhil","","Za","托帕","海海","","莎","","登克爾特拉哈","Bryndoensyn","愛因蓋姆","Bryndoenwyn","克魯克德","Mite","Bee","千両","千草","Hakuuchi","貴由","帖古斯金","Gharl","斯韋蒂斯加","","戈蘭","Tilvisch","阿納","",""
40,"埃斯佩蘭斯","奧西薩","Glover","拉多爾夫","艾麗艾諾拉","Keene","加埃唐","若艾莉","Guerrique","Godriquelain","茶・傑恩瑪","嘉・達西姆","Tia","Denma","奇特・利","納巴","Entialpoh","","Zo","瓦吉","賽賽","","思","","艾伊利森","Blaetibaensyn","菲厄蓋姆","Blaetibaenwyn","佩恩提德","Ale","Bat","湛水","千鳥","Banjo","庫力布查","托真聶","Dataq","亞裡克","","佐裡亞","Slendisch","阿絲迪絲","",""
41,"埃特加爾","奧斯特瑞絲","Goode","拉福爾德","艾麗珊德","Kemp","加斯帕爾","若萊娜","Hanrieaux","Goudernoux","佩・傑恩瑪","奧・恩達妮亞","Tia","Fhey","柯納・利","柯納","Elakha","","Zu","扎伊","塔塔","","肖","","費茲穆恩","Floerasksyn","甘茲蓋姆","Floeraskwyn","諾提德","Wine","Lamb","月影","千早","Fukiku","哲布可","托拉嘉娜","Haragin","斯萬特","","貝倫","Erayasch","菲約拉","",""
42,"弗雷迪裡克","賽布加","Goode","拉加納爾德","艾梅茵","Knight","吉約諾","拉耶","Hobriaut","Grandeterre","烏・荷爾哈","嘉・拉瑪妮","Tia","Genhu","柯納・托","瑪夏","Fashonti","","Zuka","扎克","圖圖","","索","","雲格巴爾","Guolfyrsyn","古特蓋姆","Guolfyrwyn","布拉蒂德","Fox","Ladybug","桃源","鶇","Furukane","哲貝","兀怵真","Ura","韋利斯加","","梅採克","Yanavsch","利婭","",""
43,"喬弗里","桑吉芙","Goodfellow","拉加恩弗里德","艾默琳","Lak","吉耶弗雷納","利艾姆","Hortimont","Guillestet","瓦・荷爾哈","伊・納恩嘉爾","Tia","Heleh","格塔・利","格塔","Ganajai","","","佐恩","瓦瓦","","塔","","柯爾特雷恩","Hezzfyrsyn","海爾蓋姆","Hezzfyrwyn","坦德","Fire","Frog","桃夭","椿","Bunja","者勒蔑","也孫帖","Moks","米洛拉德","","貝爾納丹","Veitasch","利奧特","",""
44,"傑拉爾德","辛諾芙","Greave","梅因弗里德","艾梅特","Langdale","居斯塔萬","莉西","Hourlinet","Handeloup","阿・維特","西・帕塔羅","Tia","Jesal","珀奇・阿","珀奇","Lanbatal","","","吉爾","雅雅","","泰","","魯特斯菲伊克","Fyrlihtsyn","哈特蓋姆","Fyrlihtwyn","坎德","Flame","Condor","胴割","棗","Maibito","真克思","阿剌格","Geneq","貝裡米爾","","米洛萬","Lunyasch","奧斯克","",""
45,"格博爾德","賽爾德莉","Greene","穆尼弗里德","艾恩娜","Lodall","吉德洛","洛阿娜","Hubairtin","Haurtefert","西・維特","瓦・拉雅恩","Tia","Kett","克嘉・阿","克嘉","Moshantu","","","吉因","耀耀","","托","","魯茲奇厄茲","Merlskyfsyn","希厄特蓋姆","Merlskyfwyn","泰瑞布爾","Smoke","Marmot","苗代","鳴海","Benitoki","思都兒古","阿闌","Horo","弗托拉克","","布拉斯加","Wirasch","特婭","",""
46,"戈斯頓","尤麗絲","Happer","萊文哈特","阿密娜","Lowe","阿德勒福","露西娜","Iseterre","Haustefort","碧・涅亞","克・雅爾薇恩","Tia","Lhea","克嘉・托","凱妮","Chelewae","","","","尤尤","","圖","","布蘭戴穆","Swyroegansyn","洛特厄蓋姆","Swyroeganwyn","勞德","Spear","Firefly","梅園","葉櫻","Mizuhiki","札嘎台","阿勒特","Himaa","亞羅波爾","","米爾科","Liorasch","烏娜","",""
47,"格維因","伍爾夫尤","Hill","里加特","阿普希德","Marshall","埃裡貝爾","露妮","Janlenoux","Hortefense","維・涅亞","克・碧瓦莉","Tia","Menh","塔拉・托","塔拉","Wolndara","","","","扎扎","","薇","","里特斯奇爾特","Maetironnsyn","梅爾蓋姆","Maetironnwyn","賽倫特","Herd","Hare","隼","花芽","Yumitori","札木哈","阿勒塔妮","Malaguld","達朗","","豪裡什","Svanasch","維珂塔","",""
48,"吉爾伯特","畢蒂","Hodder","約弗里德","艾西娜","Moore","艾爾姆諾","莉塞勒","Jantellot","Ignemortel","伊・菲爾","雅・恩布莉亞","Tia","Neneh","伊恩・爾","蕾","Wilzuun","","","","澤澤","","瓦","","里爾哈厄","Eynfoetsyn","奧方蓋姆","Eynfoetwyn","沙朵維","Brother","Dove","半作","雲雀","Yumishi","失拉蒙","阿勒敦","Urumet","巴任","","米倫科","Irryasch","米迪婭","",""
49,"哈爾斯坦","柏蕾雅","Holmes","蘭巴德","福爾德拉","Outlawe","奧諾蘭","馬埃娜","Jehantel","Imbertain","克・菲爾","伊・達奇亞","Tia","Petih","伊恩・沃","奧雅","Quowaital","","","","茲茲","","沃","","魯漢斯","Eynmoensyn","斯努蓋姆","Eynmoenwyn","斯利珀瑞","Cyclone","Orchid","飛雲","風蘭","Doshin","失勒該","阿侖","Qalli","布季米爾","","艾丁","","阿露埃特","",""
50,"休瑞","埃莉內德","Holt","赫羅德里克","蓋伊拉","Payne","於貝爾蒂安","馬爾塞特","Josseloux","Jandelaine","奧・騰沛","喬・阿塔諾","Tia","Rhel","伊恩・阿","伊恩","Jawantal","","","","","","雅","","斯酷恩裡希特","Zwynwyrstsyn","修緹爾蓋姆","Zwynwyrstwyn","佩森特","Tower","Moss","飛燕","牡丹","Jizutsu","速哥該","安格吉兒","Qestir","斯韋托扎爾","","沃伊諾米爾","","瓦倫丁","",""
51,"霍丁","艾莫妮","Hunt","赫羅德裡希","蓋勒","Pytte","於格蒙","馬爾熱琳","Lanquairt","Jeulerand","古・騰沛","烏・博瓦奇","Tia","Sheqa","雷爾・爾","蕾爾","Molkot","","","","","","悠","","修太爾胡恩德","Zeinkletsyn","斯恩迪爾維布","Zeinkletwyn","斯婁","Snake","Elm","百部","真琴","Musa","台都庫兒","孛奇","","濟斯加","","約夫","","維爾","",""
52,"漢弗萊","埃西爾特","Jeanne","赫羅多爾夫","蓋蕾恩","Quick","伊薩穆瓦","瑪麗奧特","Lanverlais","Juliembert","雅・維塔","奇・納爾奇","Tia","Tenbe","雷爾・拉","塞娜","Mhakaracca","","","","","","優","","斯太爾布羅達","Hyllingilsyn","斯維恩維布","Hyllingilwyn","寧博爾","Adder","Oak","風月","愛","Buhen","塔馬查哥","伯多","","赫爾沃耶","","達米爾","","皮亞內","",""
53,"約翰尼斯","芙蕾","Kirk","赫羅特馬爾","加希爾德","Rakes","伊索多雷爾","瑪麗埃勒","Larsonient","Lamberteint","喬・維塔","西・德娃卡","Tia","Vheo","雷爾・沃","扎海","Epocan","","","","","","潔","","斯恩迪爾溫德","Helbmannsyn","斯維爾德維布","Helbmannwyn","瓦伊茲","Cedar","Mahogany","覆土","真鶴","Tsuwamono","赤哥","孛兒特","","亞雷克","","戈斯蒂米爾","","索菲","",""
54,"喬納森","芬德蕾克","Lannis","赫爾德爾夫","吉塞拉","Rayne","伊沃洛","莫妮","Liautroix","Langloisiert","恩・澤特","奇・哈特亞","Tia","Wetae","密克・阿","奧奇","Nelhah","","","","","","佐","","斯沃茲維恩","Guldgarasyn","托爾維布","Guldgarawyn","達爾","Knife","Tree","圃場","金翅","Nagae","赤都胡兒","卡烏爾","","韋塞林","","武克","","埃蓮","",""
55,"喬瑟夫","格洛森","Leach","赫羅迪加","吉斯拉","Redd","雅克曼","梅莉西","Lionnellais","Lantonceins","赫・澤特","絲・拉克夏伊","Tia","Yelho","密克・托","密克","Amariyo","","","","","","茱","","西茲恩斯克夫","Drysfalksyn","圖古維布","Drysfalkwyn","陶爾","Hand","Sentinel","正土","鶚","Ritsuso","察合台","查碧","","瓦迪姆","","格拉迪米爾","","斯皮娜","",""
56,"肯納德","格洛梅德","Leatherby","赫羅德蘭德","格瑞德","Reeve","讓勒米","莫莉絲","Lothaire","Larsefauceais","阿・比恩","茶・瑪拉薇","Tia","Zhed","密克・利","奇彌","Gamduhla","","","","","","","","特辛伍爾德","Borgbyldasyn","拖夫維布","Borgbyldawyn","昂格瑞","Scythe","Meadow","群雲","水木","Tosho","察合幹","查古兒","","杜沙","","斯洛博丹","","賽爾尼德","",""
57,"克里奇","格蘭奈","Lee","雷姆菲恩","格裡希爾德","Rowntree","朗斯費爾","米安娜","Matigniant","Logedanrel","德・比恩","絲・卡爾卡雅","Tia","Zolwe","雷修・阿","蕾修","Chalahko","","","","","","","","特拉古希厄","Bleibornsyn","特拉哈維布","Bleibornwyn","海皮","Castle","Willow","元肥","三葉","Obinata","察納兒","查哈","","拉特米爾","","斯坦尼克","","布萊娜","",""
58,"基尼森","古恩森","Little","赫羅克","加伊艾爾","Royce","朗德雷內爾","內蘿爾","Mayeulons","Marcechamp","佩・因瓦","茶・朋達奧","Tia","Bihl","扎納・賽","扎納","Jakkya","","","","","","","","特拉格韋爾夫","Flekkbornsyn","溫塔維布","Flekkbornwyn","泰尼","Frost","Rose","藪鮫","峰","Tachikake","察拉哈","徹兒賓","","蘇蒂米爾","","羅斯季克","","賽迪拉","",""
59,"拉迪斯拉斯","古恩修","Mason","修維林","哈德維斯","Royle","萊奧代爾","妮米","Merthelin","Marinterre","嘉・因瓦","梅・克洛洛恩","Tia","Cirha","扎納・坦","茨海","Nbolo","","","","","","","","維姆特爾斌","Geissbornsyn","維姆維布","Geissbornwyn","瑪蒂斯特","Needle","Lily","湧水","伯勞","Tsurugi","查拉該","僑檀","","蒂霍米爾","","茲傑斯加","","珂尓迪雅","",""
60,"蘭伯特","伊爾卡姆","Meath","修維拉爾德","海吉裡娜","Rush","萊昂索","妮娜","Mestonnaux","Monranguin","絲・尼嘉","恩・拉碧艾","Tia","Dinhe","羅赫・阿","羅赫","Jinjahl","","","","","","","","凡瑪伽","Guldhaemrsyn","瓦爾德維布","Guldhaemrwyn","雷吉","Thunder","Daisy","陽明","八千代","Miyumi","恰克納兒","赤日娜","","德拉戈米爾","","杜贊","","克蕾妮絲","",""
61,"勞倫斯","伊瑪尼亞","Mercer","哈里伯特","海琳達","Ryder","利多瓦雷","尼維","Miraudont","Montenbelt","恩・尼嘉","烏・扎恩格","Tia","Fijah","羅赫・爾","吉婭","Polaali","","","","","","","","瓦斯特雷德","Hollkoensyn","沃爾克維布","Hollkoenwyn","珀伊珍","Rain","Tulip","雷電","彌生","Yuzuka","秋格帖","丘塔","","帕瓦奧","","弗拉丹","","德布羅伊","",""
62,"勞倫修斯","喬西亞","Miller","哈裡沃爾德","海莉森特","Savage","利奧內","諾阿勒","Muraudel","Montorgains","西・黎因","雅・柯奈布","Tia","Ginwa","納格・利","娜格","Maimhov","","","","","","","","維布羅特","Hollmyrgansyn","伍爾特維布","Hollmyrganwyn","懷特","Snow","Flower","落葉","雪","Yumite","丘麻幹","丘檀","","卡切克","","科斯謝伊","","多妮","",""
63,"羅德維克","莉娜","Moore","海伊德爾夫","哈麗芙","Skinner","路易斯蒂奧","諾莉娜","Narmandais","Nillefrant","奇・黎因","佩・迪羅格","Tia","Hiqoh","納格・拉","娜修","Lyehga","","","","","","","","威爾特維克","Pfarskratsyn","贊特維布","Pfarskratwyn","雷德","Hammer","Acorn","羅生","夜櫻","Rokuyari","赤勒坤","丘托塔","","托米斯加","","拉基斯加","","埃雷米婭","",""
64,"麥迪遜","琳妮薇","Morning","海伊馬特","海爾梅森特","Souther","呂多佛蘭","諾蕾絲","Nellemond","Noirterel","烏・米圖","佩・達密亞","Tia","Jinh","納格・雅","約姆","Kaatapoh","","","","","","","","米特納克特","Sundwilfsyn","艾爾姆維布","Sundwilfwyn","布魯","Helm","Plain","嵐雪","夜見","Daitou","赤兒庫","達加思","","拉迪米爾","","茲拉托米爾","","菲多娜","",""
65,"曼佛羅依","梅朵爾","Newton","海爾弗里克","希爾德拉娜","Speare","呂凱洛","奧德烏","Nogeloix","Norbertillon","絲・米圖","赫・莫羅茜","Tia","Khilo","皮茉・阿","皮茉","Khamazom","","","","","","","","烏恩特希爾","Ostyrwilfsyn","艾爾格維布","Ostyrwilfwyn","耶婁","Shield","Rafflesia","稜線","和香","Tatewaki","赤兒革","朵庫茲","","拉祖姆尼克","","弗拉基米爾","","格琳塔","",""
66,"瑪斯","梅蕾維娜","Nolan","海爾姆哈特","阿伊茲維芙","Stark","馬爾塞盧瓦","奧蒂莉","Norbettaux","Notrelchamps","瓦・林哈","伊・迪奈克","Tia","Lizha","皮茉・托","玖茲","Panipahr","","","","","","","","德瑞斯納古爾","Loetwilfsyn","貝爾克維布","Loetwilfwyn","斯蒂爾","Axe","Ivy","麟凰","塔花","Hagane","赤勒都","朵伊","","梅龍","","諾瓦克","","哈蒂雅","",""
67,"莫丁","愛蕾爾","North","海梅特","伊馬妮艾","Starr","馬克凱洛爾","翁布莉娜","Noudenet","Orchambaut","艾・林哈","爾・阿德布","Tia","Mitnu","納奧・阿","娜奧","Moshroca","","","","","","","","愛因特魯古","Kindlaentsyn","布拉特維布","Kindlaentwyn","伊戈爾","Mythril","Blossom","飯綱","畔菜","Bugai","查嘎台","也吉","","布拉尼米爾","","韋利米爾","","朱莉塔","",""
68,"摩甘特","艾絲琳","Oswell","艾爾內伊斯","阿梅爾","Steele","馬里於斯泰爾","昂蒂娜","Oirellain","Ormesang","伊・林赫恩","爾・納畢雅諾","Tia","Nitsah","納奧・利","瓊恩","Garanjy","","","","","","","","福爾扎吉爾","Hirskhwabsyn","布瑞恩維布","Hirskhwabwyn","迪普","Copper","Thorn","","","Gunji","答里巴","也克","","維塞斯加","","斯坦尼米爾","","琪娜拉","",""
69,"摩律斯","阿琳","Piper","古恩特馬爾","拉薇娜","Sternn","馬魯瓦勒","奧菲麗","Orselfaux","Ortefauchel","赫・林赫恩","芙・瓦羅恩","Tia","Oimeh","納奧・拉","蘿艾","Jawantal","","","","","","","","古雷因塗姆","Syvinsnoesyn","杜斯維布","Syvinsnoewyn","畢特爾","Iron","Daughter","","","Abumi","特勒孛哥","也末真","","布龍迪","","切斯加","","庫克拉","",""
70,"納瓦拉","西艾娜","Poole","古恩德巴爾德","琉金","Stone","馬蒂亞萊","奧菲安娜","Ouraux","Ostoiraint","卡・施塔","古・因塔娜","Tia","Pinha","雷拉・阿","蕾拉","Lihzeh","","","","","","","","格林瓦希特","Wastmyndsyn","菲特維布","Wastmyndwyn","喬伊爾斯","Mountain","Bride","","","Kabuto","土爾東","歌兒該","","博然","","斯塔斯","","拉謝勒","",""
71,"諾埃斯","卡埃拉","Potter","蓋爾維辛","莉芙恩","Thorne","莫雷蘭","奧莉亞娜","Padilloux","Outreguerlain","克・施塔","克・帕恩德爾","Tia","Rihll","雷拉・托","德約","Mujuuk","","","","","","","","古爾德維茲","Wastgreinsyn","菲達爾隆納","Wastgreinwyn","傑勒斯","Stone","Veil","","","Oshiga","道爾貝","革阿","","米拉丁","","斯維亞托戈爾","","拉杜妮雅","",""
72,"奧利弗","迪德拉","Reed","蓋弗哈德","莉塞","Walder","馬克西米盧瓦","佩瑟勒","Pamisolaux","Parsemontret","恩・斌巴","奧・達納恩","Tia","Sthah","雷拉・利","科姆","Jaab","","","","","","","","海爾布修緹恩","Wastbyrtsyn","福魯斯克隆納","Wastbyrtwyn","阿登特","Boulder","Bridle","","","Ittetsu","巴夫該","高娃","","澤米爾","","博策克","","斯瑞希","",""
73,"奧利西克","艾阿拉","Rich","吉賽爾伯達斯","馬緹爾德","Vance","納坦","佩琳娜","Paulecrain","Pasdevillet","梅・斌巴","梅・斯恩布拉","Tia","Thish","戴比・利","黛比","Tayuun","","","","","","","","伊恩沃爾德","Bloedornnsyn","福魯特隆納","Bloedornnwyn","奧本","Spire","Feather","","","Iteya","巴圖","呼也侖","","波格丹","","弗塞沃洛德","","洛裡萊","",""
74,"奧裡克","艾阿凡","Rose","蓋爾弗拉達斯","梅海妮爾達","Vann","諾拉內爾","佩爾娜","Pelderain","Pierriquet","烏・維洛","佩・茶克赫","Tia","Shikhu","戴比・雅","奈莫","Bajhiri","","","","","","","","柯坦拉姆","Bloelaksyn","吉貝特隆納","Bloelakwyn","阿福","Hill","Moon","","","Kiba","拜答兒","呼札烏爾","","佩塔爾","","布萊茲","","茉蒂","",""
75,"奧爾溫","艾達琳","Sadler","蓋爾塔","密拉","Weard","奧克塔韋爾","皮耶娜","Prairillot","Portelaine","古・維洛","維・阿琳貝","Tia","Vimba","奇納・阿","奇娜","Zhwan","","","","","","","","克瑞斯特利姆","Bloegaezsyn","柯斯特隆納","Bloegaezwyn","賽德","Mesa","Star","","","Mihata","拜都兒","哈敦","","克爾斯托","","蒂洛","","姆婭","",""
76,"奧斯里克","愛伊利斯","Sawyer","蓋伊羅瓦爾德","奧德布爾嘉","Warren","奧爾達裡克","蕾內特","Primerain","Quemperlain","奧・津巴","瓦・雅恩荻","Tia","Wiloh","奇納・托","茨布","Molkoh","","","","","","","","米特米爾剛","Guoljarrsyn","庫雷特隆納","Guoljarrwyn","斯濤沃特","Ravine","Heaven","","","Meiken","巴加裡台","火爾赤","","沃因","","達萊克","","拉希妮","",""
77,"拉夫","芬內拉","Shepard","弗里德伯特","奧迪拉","Wayne","奧斯卡萊","里維恩娜","Priorfaix","Quimperin","碧・津巴","梅・特裡姆納","Tia","Yhisa","奇納・拉","約赫","Mewrilah","","","","","","","","紐恩克雷普夫","Loezkhansyn","奇厄斯隆納","Loezkhanwyn","捷勒斯","Gorge","Dawn","","","Yatsurugi","巴塔查只幹","呼闌","","伊澤特","","澤利米爾","","塔拉妮絲","",""
78,"羅浮","菲阿庫拉","Slater","法拉蒙德","奧蕾拉","Weekes","帕爾塞梅爾","勒埃爾","Quemilien","Robairlaint","阿・努洛","德・奧恩德羅","Tia","Zinbhe","戴特・利","黛特","Rabntah","","","","","","","","菲姆博爾古","Lyngmholsyn","瑪斯隆納","Lyngmholwyn","索利德","Glacier","Dusk","","","Kensaki","巴塔赤罕","科克","","米羅斯加","","德拉贊","","維爾瑪","",""
79,"羅林","菲因內亞","Smith","阿梅恩奧爾德","奧莉爾迪絲","West","帕斯卡耶雷","索蕾特","Quiloud","Rochedalaix","德・努洛","佩・菲洛","Tia","Jhida","賽達・阿","賽達","Wahcondalo","","","","","","","","利斯緹爾","Lyngroegansyn","穆格雷爾","Lyngroeganwyn","斯特萊登特","Forest","Eve","","","Kogane","巴亞爾","麻拉勒","","博日達爾","","米卡茨","","茵澤爾","",""
80,"里巴爾德","格麗妮絲","Southway","艾爾諾爾德","奧特吉瓦","Wynter","波勒蒙","塞蕾恩","Rainteau","Roiteloint","雅・蘇布","奧・波拉芙","Tia","Nulah","賽達・利","帕瓦","Jomalah","","","","","","","","塞斯布羅達","Lyngwintsyn","納克特雷爾","Lyngwintwyn","奇恩","Desert","Comet","","","Kurogane","巴彥","末兒真","","斯捷潘","","拉迪戈斯特","","澤爾菲","",""
81,"里卡德","伊安娜","Spence","阿諾爾夫","奧伊德拉","Woode","佩瑟凡","索菲娜","Raitmeaux","Rontremont","喬・蘇布","烏・卡瓦烏","Tia","Bhudi","歐夏・利","歐夏","Relanah","","","","","","","","斯塔爾瑞特","Wintwyrnsyn","利斯雷爾","Wintwyrnwyn","布萊特","Volcano","Jewel","","","Shirogane","巴爾丹","彌德","","亞羅斯加","","米盧廷","","","",""
82,"里克曼","凱埃拉","Stark","艾德爾斯坦","拉德莉亞","Wyght","雷蒙多","索蕾勒","Rillemont","Roustebant","伊・庫奧恩","瓦・凱帕嘉","Tia","Vhuh","歐夏・托","帕佳","Akhabila","","","","","","","","西爾布維茲","Wintbrotsyn","斯凱恩雷爾","Wintbrotwyn","勞斯特","Geyser","Gem","","","Aogane","矛赤","妮真","","普雷本","","科採利","","","",""
83,"勞力士","姬迪","Tanner","貝爾維爾夫","蕾加娜","Wyman","羅馬里克","索菲亞娜","Roulemet","Saintrelmaux","恩・庫奧恩","維・多雅嘉","Tia","Lhuil","歐夏・其","穆吉","Awandah","","","","","","","","西文伯恩","Wintfohcsyn","斯威古雷爾","Wintfohcwyn","勒古布瑞斯","Island","Cloud","","","Akagane","麻卡裡","窩忽兒","","博爾納","","庫林","","","",""
84,"羅賓","凱夏","Walker","貝緹恩","蕾茵嘉特","Wynne","席爾瓦勒","塔妮娜","Saistenioux","Sarmantoix","茶・柯特","喬・吉美","Tia","Quohn","歐夏・坦","塔吉","Anbolho","","","","","","","","瓦斯比爾姆","Ernafolgsyn","西茲恩雷爾","Ernafolgwyn","道烏爾","Jungle","Light","","","","麻思古德","窩古兒","","西尼薩","","布羅尼斯加","","","",""
85,"羅傑","梅芙","Ward","貝林哈爾德","琳伊爾達","Reed","松布雷坎","泰西","Silmontaix","Sellecerre","烏・柯特","卡・佳瓦娜","Tia","Tohka","拉拉・托","菈菈","Betwanhe","","","","","","","","吉恩貝爾克","Ernahaemrsyn","維步雷爾","Ernahaemrwyn","諾森","Grotto","Dream","","","","蒙裡克","窩奇","","佐蘭","","盧博米爾","","","",""
86,"羅斯","米拉","Weild","巴尼爾","羅海伊莎","Hayle","斯特凡諾","蒂法娜","Solainteau","Soilanteaux","赫・祖拉","瓦・札姆科","Tia","Rhowa","珂爾・阿","珂爾","Binbotaj","","","","","","","","艾斯比爾","Grymgaezsyn","韋爾夫碧達","Grymgaezwyn","薩森","Steel","Glass","","","","呼沙兒","窩兒哈娜","","盧托米斯","","阿迪斯","","","",""
87,"朗德爾夫","梅里埃爾","West","貝羅阿爾德","羅莎琳德","Speake","西爾弗雷","特裡娜","Surlaint","Teaurelin","芙・祖拉","烏・洛約德","Tia","Cott","珂爾・利","米伊","Burwani","","","","","","","","艾斯特拉哈","Grymkoelsyn","吉恩碧達","Grymkoelwyn","維斯特恩","Oak","Goddess","","","","伯卡泰","卡敦","","戈裡尼亞","","伊萬尼斯","","","",""
88,"洛蘭德","紐拉","White","貝羅爾德","羅伊莎","Crofte","泰奧巴蘭","特裡塞勒","Terremiaux","Terrechant","嘉・宇赫","西・特莉格","Tia","Muhih","珂爾・賽","哈絲","Dolabnha","","","","","","","","費茲吉姆","Gyrmoensyn","阿爾碧達","Gyrmoenwyn","伊斯特恩","Elm","Sky","","","","伯契台","闊亞兒","","尼諾斯加","","塔尼克斯","","","",""
89,"萊查德","希里斯","Winsome","貝爾塔爾","塞莉","Lance","特奧菲蘭","於勒瓦娜","Thievenaix","Thierremont","絲・宇赫","西・托爾妲","Tia","Xhula","芭茨・阿","芭茨","Dakwhil","","","","","","","","伊恩布羅達","Saesraensyn","安卡碧達","Saesraenwyn","厄利","Walnut","Heaven","","","","伯古努帖","沙木加","","阿斯米爾","","博萊克","","","",""
90,"薩姆森","蒂芙","Witte","阿烏多因","希格博塔","Redwyne","特魯阿納","於爾西耶勒","Tirauland","Torsefers","阿・果爾","阿・凱碧卡","Tia","Runja","奇伊・托","奇伊","Entialpoh","","","","","","","","古雷因博爾古","Kroemkhezlsyn","巴爾德碧達","Kroemkhezlwyn","雷特","Stump","Ghost","","","","伯吉兒","斯琴","","塞德達","","茨韋特科","","","",""
91,"桑德雷","阿格尼絲","Yaeger","奧特加爾","莎伊艾勒","Blackthorne","蒂埃戈","維亞娜","Tourcenet","Tristechambel","碧・果爾","梅・登茉","Tia","Ghuh","奇伊・賽","布卡","Elakha","","","","","","","","斯沃茲拉姆","Hyrtfyrsyn","蓋姆碧達","Hyrtfyrwyn","瓦裡恩特","Sentinel","Laurel","","","","伯哲哥","沙兒","","拉蒂博爾","","博爾施","","","",""
92,"西古爾德","阿蓮奈","Yar","阿維里特","緹拉","Blackstone","於爾敘蘭","薇艾爾","Travanchet","Uchemantoin","西・茶伊","伊・札贊","Tia","Dhol","奇伊・沃","蒙恩","Fashonti","","","","","","","","Xxxxxxx","Hyrtberasyn","Xxxxxxx","Hyrtberawyn","諾博","Pine","Diamond","","","","伯察蘭","速夫德","","米哈洛","","普裡比娜","","","",""
93,"西蒙德","阿米莉亞","Yarborough","安茲海爾姆","烏達","Greywolfe","瓦朗蒂努瓦","雅埃勒","Urleaux","Urselmert","伊・茶伊","黎・米嘉茲","Tia","Fhuz","哈舞・利","哈舞","Ganajai","","","","","","","","Xxxxxxx","Floeransasyn","Xxxxxxx","Floeransawyn","普勞德","Fir","Emerald","","","","伯德哲","帖木侖","","","","埃邁裡克","","","",""
94,"坦普爾頓","安費莉絲","Weaver","安索伯特","烏伊蕾達","Greywoode","瓦勒蘭","伊黛娜","Usurlois","Vaincannet","爾・艾托","奧・柯爾貝","Tia","Jutah","雷伊・托","娜伊","Lanbatal","","","","","","","","Xxxxxxx","Ansamhasyn","Xxxxxxx","Ansamhawyn","格勞瑞斯","Cactus","Sapphire","","","","布彥圖","托雷真妮","","","","卡齊米爾","","","",""
95,"瓦訥","安格萊特","Webb","阿爾凱威烏斯","烏爾嘉爾達","Greyashe","瓦爾特蒙","伊勒瓦絲","Valeriant","Vainchelon","嘉・艾托","茶・沛嘉","Tia","Aboh","雷伊・阿","蕾伊","Moshantu","","","","","","","","Xxxxxxx","Nyunmerlsyn","Xxxxxxx","Nyunmerlwyn","奧諾熱博","Tree","Ruby","","","","布卡答兒","岑薩兒","","","","特皮米爾","","","",""
96,"維斯","安娜","Wells","阿凱姆巴爾德","薇蕾達","Westmoore","旺特爾姆","約恩娜","Valtin","Vairemont","伊・達提","絲・霍茲恰","Tia","Batih","雷伊・利","瑪舞","Chelewae","","","","","","","","Xxxxxxx","Rhutirammsyn","Xxxxxxx","Rhutirammwyn","布若肯","Sword","Amber","","","","布魯幹","圖拉齊娜","","","","博拉斯","","","",""
97,"文森特","阿弗麗爾","Wheeler","阿奇姆巴爾特","維爾博嘉","Westknight","維利貝爾","約萊娜","Voilinaut","Valeroyant","艾・達提","佩・拉穆伊","Nunh","Qhulu","萊伊・阿","萊伊","Wolndara","","","","","","","","Xxxxxxx","Rhotsatzasyn","Xxxxxxx","Rhotsatzawyn","莊肯","Tomb","Pearl","","","","布特丘","烏金","","","","","","","",""
98,"威廉姆斯","艾蕾絲","Wright","阿雷恩瓦爾德","維爾梅塔","Frostwyght","亞尼斯唐","伊絲特里德","Vremaix","Vilauclaire","喬・莫納","佩・塔嘉","Nunh","Monhi","萊伊・利","諾吉","Wilzuun","","","","","","","","Xxxxxxx","Ghutsaldsyn","Xxxxxxx","Ghutsaldwyn","布瑞珍","Shadow","Smile","","","","布特革","烏蘭","","","","","","","",""
99,"維恩伯格","卡門","Young","安塞羅特","米露達","Redsteele","伊夫隆","扎碧妮","Xavalien","Vortefaurt","卡・莫納","嘉・瑪嘉","Nunh","Tyanu","吉利・阿","吉莉","Quowaital","","","","","","","","","","","","艾博爾","Bone","Wool","","","","孛古哥帖","","","","","","","","",""
