key,0,1,2,3,4,5,6,7,8,9,10,11,12,13,14,15,16,17,18,19,20,21,22,23,24,25,26,27
#,,,,,,,,,,,,,,,,,,,,,,,,,,,,
offset,68,69,71,44,70,46,71,48,50,52,54,56,58,60,62,64,66,0,4,8,12,16,20,24,28,32,36,40
int32,byte,byte,bit&01,uint16,byte,uint16,bit&02,uint16,uint16,uint16,uint16,uint16,uint16,uint16,uint16,uint16,uint16,str,str,str,str,str,str,str,str,str,str,str
0,0,0,False,0,0,0,False,0,0,0,0,0,0,0,0,0,0,"","","","","","","","","","",""
1,0,0,False,0,0,0,False,0,0,0,0,0,0,0,0,0,0,"","","","","","","","","","",""
2,0,0,False,0,0,0,False,0,0,0,0,0,0,0,0,0,0,"","","","","","","","","","",""
3,0,0,False,0,0,0,False,0,0,0,0,0,0,0,0,0,0,"","","","","","","","","","",""
4,0,0,False,0,0,0,False,0,0,0,0,0,0,0,0,0,0,"","","","","","","","","","",""
5,0,0,False,0,0,0,False,0,0,0,0,0,0,0,0,0,0,"","","","","","","","","","",""
6,0,0,False,0,0,0,False,0,0,0,0,0,0,0,0,0,0,"","","","","","","","","","",""
7,0,0,False,0,0,0,False,0,0,0,0,0,0,0,0,0,0,"","","","","","","","","","",""
8,0,0,False,0,0,0,False,0,0,0,0,0,0,0,0,0,0,"","","","","","","","","","",""
9,0,0,False,0,0,0,False,0,0,0,0,0,0,0,0,0,0,"","","","","","","","","","",""
10,0,0,False,0,0,0,False,0,0,0,0,0,0,0,0,0,0,"","","","","","","","","","",""
11,0,0,False,0,0,0,False,0,0,0,0,0,0,0,0,0,0,"","","","","","","","","","",""
12,0,0,False,0,0,0,False,0,0,0,0,0,0,0,0,0,0,"","","","","","","","","","",""
13,0,0,False,0,0,0,False,0,0,0,0,0,0,0,0,0,0,"","","","","","","","","","",""
14,0,0,False,0,0,0,False,0,0,0,0,0,0,0,0,0,0,"","","","","","","","","","",""
15,3,0,False,0,0,0,False,0,0,0,0,0,0,0,0,0,0,"必要MGP：<hex:022206E802FF022C03>MGP","やる","やる(無料券)","キャンセル","","","","","","",""
16,2,0,False,0,2,764,False,0,0,0,0,0,0,0,0,0,0,"參加仙人微彩有獎競猜需要<hex:022003E80203>金碟幣。<hex:02100103>確定要參加嗎？<hex:02100103>[所持金碟幣：<hex:022206E803FF022C03>]","是","否","","","","","","","",""
17,1,0,False,44,2,0,False,0,0,0,0,0,0,0,0,0,0,"哎呀，您的金碟幣好像不夠呢……<hex:02100103>先去金碟幣兌換員那換些金碟幣如何？","","","","","","","","","",""
18,1,0,False,45,2,0,False,0,0,0,0,0,0,0,0,0,0,"哎呀，客人您剛剛也參加過我們的有獎競猜了……<hex:02100103>您這麼喜歡仙人微彩是我們的榮幸。<hex:02100103>不過每位客人最多只能參加3次，請您諒解……","","","","","","","","","",""
19,1,0,False,16,2,764,False,0,0,0,0,0,0,0,0,0,0,"第<hex:022003E80403>期仙人微彩正在舉辦之中！<hex:02100103>怎麼樣，要不要來試試今天的運氣？","","","","","","","","","",""
20,1,0,False,21,2,764,False,0,0,0,0,0,0,0,0,0,0,"哎呀，不得了了！<hex:02100103>我家的小陸行鳥在山頂上迷了路，<hex:02100103>不巧又碰上愛惡作劇的哥布林族搗亂，我現在正頭疼呢。","","","","","","","","","",""
21,1,0,False,158,2,0,False,0,0,0,0,0,0,0,0,0,0,"他們到處亂丟炸彈，我根本無法靠近……<hex:02100103>拜託您了，請登上科瑞爾山的山頂，<hex:02100103>把小陸行鳥救出來吧！","","","","","","","","","",""
22,1,0,False,23,2,764,False,0,0,0,0,0,0,0,0,0,0,"您勇於挑戰的身姿真是太令我感動了，<hex:02100103>連摔下來的姿勢都那麼帥！可是小陸行鳥還在山頂瑟瑟發抖……<hex:02100103>您能救救那孩子嗎？","","","","","","","","","",""
23,2,0,False,0,2,764,False,0,0,0,0,0,0,0,0,0,0,"要再次進行挑戰嗎？","是","否","","","","","","","",""
24,1,0,False,0,2,764,False,0,0,0,0,0,0,0,0,0,0,"感謝您幫助了迷路的小陸行鳥！<hex:02100103>說不定它以後還會走失……<hex:02100103>到時候也要拜託您了！","","","","","","","","","",""
25,1,0,False,140,2,0,False,0,0,0,0,0,0,0,0,0,0,"可不可以麻煩你避開那些傢伙的視線，<hex:02100103>把這個易碎的壺送過去？<hex:02100103>這個壺非常容易壞，運送的時候一定要小心輕放啊。","","","","","","","","","",""
26,1,0,False,143,2,0,False,0,0,0,0,0,0,0,0,0,0,"可不可以麻煩你避開那些傢伙的視線，<hex:02100103>把這個易碎的壺送過去？<hex:02100103>這個壺非常容易壞，運送的時候一定要小心輕放啊。","","","","","","","","","",""
27,1,0,False,28,2,764,False,0,0,0,0,0,0,0,0,0,0,"<hex:020819E905FF0A>大姐姐<hex:FF0A>大哥哥<hex:03>，不好了！<hex:02100103>我的小陸行鳥在巨人柱上迷了路，<hex:02100103>可是哥布林族卻跑來搗亂，沒辦法幫助它！","","","","","","","","","",""
28,1,0,False,159,2,0,False,0,0,0,0,0,0,0,0,0,0,"他們到處亂丟炸彈，我過不去……<hex:02100103>請你登上巨人柱的頂端，<hex:02100103>救救小陸行鳥吧！","","","","","","","","","",""
29,1,0,False,30,2,764,False,0,0,0,0,0,0,0,0,0,0,"<hex:020819E905FF0A>大姐姐<hex:FF0A>大哥哥<hex:03>努力的樣子，我都看在眼裡了！<hex:02100103>但是小陸行鳥它還在頂上……<hex:02100103>求求你，再加把勁吧！","","","","","","","","","",""
30,2,0,False,0,2,764,False,0,0,0,0,0,0,0,0,0,0,"要再次進行挑戰嗎？","是","否","","","","","","","",""
31,1,0,False,0,2,764,False,0,0,0,0,0,0,0,0,0,0,"謝謝你救出了小陸行鳥！<hex:02100103>啊，要是它下次再跑掉的話……<hex:02100103>到時候就再拜託<hex:020819E905FF0A>大姐姐<hex:FF0A>大哥哥<hex:03>幫忙啦！","","","","","","","","","",""
32,1,0,False,0,2,764,False,0,0,0,0,0,0,0,0,0,0,"哎呀，您的背包好像滿了呢……<hex:02100103>在領取獎品之前還是先整理一下吧。","","","","","","","","","",""
33,1,0,True,100,2,764,False,0,0,0,0,0,0,0,0,0,0,"您持有的仙人仙彩已經可以兌換了。<hex:02100103>那麼這就告訴您抽選結果！","","","","","","","","","",""
34,1,0,False,35,2,764,False,0,0,0,0,0,0,0,0,0,0,"哎呀，你看起來很有天分啊。<hex:02100103>怎麼樣，要不要跟我學跳舞？<hex:02100103>我會把你培養成烏爾達哈的舞會之星的。","","","","","","","","","",""
35,1,0,False,37,2,0,False,0,0,0,0,0,0,0,0,0,0,"如果你有興趣，就到舞台上來吧。<hex:02100103>仔細觀察舞蹈大師們的動作，然後試著模仿。<hex:02100103>要是能完美重覆所有的動作，你就是新的舞蹈大師了！","","","","","","","","","",""
36,2,0,False,0,2,764,False,0,0,0,0,0,0,0,0,0,0,"要前往舞台嗎？","是","否","","","","","","","",""
37,1,7,False,277,2,0,False,0,0,0,0,0,0,0,0,0,0,"舞蹈大師們會連續使用4種情感動作。<hex:02100103>仔細觀察，並重覆同樣的情感動作。<hex:02100103>需要用到的情感動作可以通過特殊熱鍵欄來使用。","","","","","","","","","",""
38,1,0,False,39,2,764,False,0,0,0,0,0,0,0,0,0,0,"參加人數越多，仙人仙彩的金碟幣獎勵就越高。<hex:02100103>所以請叫上朋友一起參加吧！","","","","","","","","","",""
39,1,7,False,40,0,0,False,0,0,0,0,0,0,0,0,0,0,"仙人仙彩的金碟幣獎勵，<hex:02100103>會根據該周的購買人數另外追加額外獎勵。","","","","","","","","","",""
40,1,7,False,105,0,0,False,0,0,0,0,0,0,0,0,0,0,"購買人數獎勵有數個等級。<hex:02100103>仙人仙彩的購買者越多，則等級越高，<hex:02100103>可以獲得的額外獎勵就會越多。","","","","","","","","","",""
41,1,7,False,42,0,0,False,0,0,0,0,0,0,0,0,0,0,"每週<hex:020603170703><hex:02093ADDFF07>週日<hex:FF07>週一<hex:FF07>週二<hex:FF07>週三<hex:FF07>週四<hex:FF07>週五<hex:FF07>週六<hex:03>的<hex:020821DBFF1D><hex:020919DB02030405060708090A0B0C0D0E0F10111213141516171803><hex:0103>點（地球時間）<hex:02100103>將會公布當期仙人仙彩的抽選結果。","","","","","","","","","",""
42,1,7,False,0,0,0,False,0,0,0,0,0,0,0,0,0,0,"兌換時間是抽選結果發表後一週內，<hex:02100103>即下週<hex:020603170703><hex:02093ADDFF07>週日<hex:FF07>週一<hex:FF07>週二<hex:FF07>週三<hex:FF07>週四<hex:FF07>週五<hex:FF07>週六<hex:03>的<hex:020821DBFF1D><hex:020919DB02030405060708090A0B0C0D0E0F10111213141516171803><hex:0103>點（地球時間）為止。<hex:02100103>錯過兌換時間將不予兌換，敬請注意。","","","","","","","","","",""
43,1,7,False,0,0,0,False,0,0,0,0,0,0,0,0,0,0,"每週<hex:020603170703><hex:02093ADDFF07>週日<hex:FF07>週一<hex:FF07>週二<hex:FF07>週三<hex:FF07>週四<hex:FF07>週五<hex:FF07>週六<hex:03>的<hex:020821DBFF1D><hex:020919DB02030405060708090A0B0C0D0E0F10111213141516171803><hex:0103>點（地球時間）<hex:02100103>將會公布當期仙人仙彩的抽選結果。","","","","","","","","","",""
44,1,7,False,0,0,0,False,0,0,0,0,0,0,0,0,0,0,"參加仙人微彩有獎競猜需要<hex:022003E80203>金碟幣。","","","","","","","","","",""
45,1,7,False,0,0,0,False,0,0,0,0,0,0,0,0,0,0,"仙人微彩有獎競猜的參加次數將在每天<hex:0206020103><hex:020821DBFF1D><hex:020919DB02030405060708090A0B0C0D0E0F10111213141516171803><hex:0103>點（地球時間）被重置。<hex:02100103>在重置參加次數後便可再次參加仙人微彩的有獎競猜。","","","","","","","","","",""
46,1,0,False,0,2,764,False,0,0,0,0,0,0,0,0,0,0,"您獲得了<hex:022003E80203>等獎，恭喜您！<hex:02100103>請收下包括了前期兌換獎勵的金碟幣。","","","","","","","","","",""
47,1,0,False,0,2,764,False,0,0,0,0,0,0,0,0,0,0,"哇，居然是1等獎，恭喜您！<hex:02100103>那麼，請收下包括了前期兌換獎勵的金碟幣，<hex:02100103>以及附加獎品<hex:02280AFF05>Item<hex:E8020103>！","","","","","","","","","",""
48,1,0,False,0,2,764,False,0,0,0,0,0,0,0,0,0,0,"哎呀，您好像錯過兌換時間了呢……<hex:02100103>那麼這張仙人仙彩我們就回收了。<hex:02100103>下次可不要忘記兌換哦！","","","","","","","","","",""
49,2,0,False,0,0,0,False,0,0,0,0,0,0,0,0,0,0,"","","","","","","","","","",""
50,1,0,False,51,2,764,False,0,0,0,0,0,0,0,0,0,0,"有一隻小魔精混入了金碟遊樂場之中。<hex:02100103>它會使用一種叫做換膚的能力變身成人類。<hex:02100103>這傢伙似乎變成我的樣子在到處惡作劇……","","","","","","","","","",""
51,1,0,False,163,2,0,False,0,0,0,0,0,0,0,0,0,0,"幫我個忙，找到跟我長得一樣的傢伙，<hex:02100103>然後把這個特製煙球扔在他臉上，識破他的偽裝！<hex:02100103>要是想確認我的外貌，只要再找我搭話就行！","","","","","","","","","",""
52,0,0,False,0,0,0,False,0,0,0,0,0,0,0,0,0,0,"","","","","","","","","","",""
53,1,0,False,0,2,764,False,0,0,0,0,0,0,0,0,0,0,"噢噢，幫了我大忙了！<hex:02100103>真是只喜歡惡作劇的小魔精啊……<hex:02100103>它要是再混進來，恐怕還得拜託你幫忙啦！","","","","","","","","","",""
54,1,0,False,0,2,764,False,0,0,0,0,0,0,0,0,0,0,"沒找到嗎……<hex:02100103>沒辦法，這回就先放棄吧……","","","","","","","","","",""
55,1,0,False,0,2,0,False,0,0,0,0,0,0,0,0,0,0,"哎呀，你的觀察力真是厲害！<hex:02100103>我可以給你點好處，這次能放過我嗎？<hex:02100103>放心吧，我不會再惡作劇了！","","","","","","","","","",""
56,1,0,False,0,2,0,False,0,0,0,0,0,0,0,0,0,0,"我不會再惡作劇了！<hex:02100103>……大概吧！","","","","","","","","","",""
57,1,0,False,0,2,764,False,0,0,0,0,0,0,0,0,0,0,"咳咳咳、咳咳！<hex:02100103>你幹什麼！","","","","","","","","","",""
58,1,0,False,0,2,764,False,0,0,0,0,0,0,0,0,0,0,"嗚……煙霧迷了眼睛。","","","","","","","","","",""
59,1,0,False,0,2,764,False,0,0,0,0,0,0,0,0,0,0,"喂喂，人家玩得正開心呢，<hex:02100103>能不能別搗亂啊。","","","","","","","","","",""
60,1,0,False,0,2,764,False,0,0,0,0,0,0,0,0,0,0,"還來啊，有完沒完……<hex:02100103>從剛才起就有好幾個人衝我扔煙霧彈了。<hex:02100103>再來我可要生氣了啊！","","","","","","","","","",""
61,1,0,False,0,2,764,False,0,0,0,0,0,0,0,0,0,0,"哇！<hex:02100103>我說你，幹這種惡作劇可不太好啊！","","","","","","","","","",""
62,1,0,False,0,2,764,False,0,0,0,0,0,0,0,0,0,0,"啊，真是的！<hex:02100103>就算是為了引起我的注意，也不能搞惡作劇！","","","","","","","","","",""
63,1,0,False,0,2,764,False,0,0,0,0,0,0,0,0,0,0,"呀！你幹什麼？！","","","","","","","","","",""
64,1,0,False,0,2,764,False,0,0,0,0,0,0,0,0,0,0,"咳咳……冷不丁地做什麼？<hex:02100103>真是掃興。","","","","","","","","","",""
65,1,0,False,0,2,764,False,0,0,0,0,0,0,0,0,0,0,"咳咳、咳咳……<hex:02100103>喂，你把我當什麼了！","","","","","","","","","",""
66,1,0,False,0,2,764,False,0,0,0,0,0,0,0,0,0,0,"嗚哇？！<hex:02100103>真是的，人家還想接著玩呢，別再搞惡作劇啦！","","","","","","","","","",""
67,1,0,False,0,2,764,False,0,0,0,0,0,0,0,0,0,0,"唔哈、咳咳……<hex:02100103>這、這是金碟遊樂場的特別節目之類的嗎？","","","","","","","","","",""
68,1,0,False,0,2,764,False,0,0,0,0,0,0,0,0,0,0,"哇啊啊！<hex:02100103>就算我是鄉下人，也不該受到這樣的對待吧。<hex:02100103>……誒？不是這樣嗎？","","","","","","","","","",""
69,1,0,False,0,2,764,False,0,0,0,0,0,0,0,0,0,0,"唔噗？！<hex:02100103>看、看不到前面……","","","","","","","","","",""
70,1,0,False,0,2,764,False,0,0,0,0,0,0,0,0,0,0,"……唔咳。<hex:02100103>這就是金碟遊樂場的待客之道嗎？","","","","","","","","","",""
71,1,0,False,72,2,764,False,0,0,0,0,0,0,0,0,0,0,"我這裡有些東西要送給金碟遊樂場的工作人員，<hex:02100103>可麻煩的是，跟我們作對的某個盜賊團，<hex:02100103>現在正緊盯著我的一舉一動。","","","","","","","","","",""
72,1,0,False,80,2,0,False,0,0,0,0,0,0,0,0,0,0,"可不可以麻煩你避開那些傢伙的視線，<hex:02100103>把這個易碎的壺送過去？<hex:02100103>這個壺非常容易壞，運送的時候一定要小心輕放啊。","","","","","","","","","",""
73,1,0,False,0,2,764,False,0,0,0,0,0,0,0,0,0,0,"非常感謝，看來是平安送到了呢！<hex:02100103>要是下次還有東西要送，<hex:02100103>還得麻煩你幫忙！","","","","","","","","","",""
74,1,0,False,0,2,764,False,0,0,0,0,0,0,0,0,0,0,"那群粗魯的盜賊完全不會管你運送的東西貴不貴重。<hex:02100103>要是被他們發現，肯定會把易碎的壺打碎的。<hex:02100103>運送的時候要注意不要進入他們的視線！","","","","","","","","","",""
75,1,0,False,76,2,0,False,0,0,0,0,0,0,0,0,0,0,"哎呀，被那些盜賊發現了嗎？<hex:02100103>其實我早就預料到會發生這種事情，<hex:02100103>所以同樣的壺我準備了好幾個呢。","","","","","","","","","",""
76,2,0,False,0,2,764,False,0,0,0,0,0,0,0,0,0,0,"要再次進行挑戰嗎？","是","否","","","","","","","",""
77,1,0,False,0,2,764,False,0,0,0,0,0,0,0,0,0,0,"噢噢！你把壺送來了啊。<hex:02100103>對你謹慎認真的態度和敏銳的判斷力表示萬分的敬佩！","","","","","","","","","",""
78,1,0,False,0,2,764,False,0,0,0,0,0,0,0,0,0,0,"呵呵，竟然能到達我這裡，真不簡單！<hex:02100103>東西我就收下了。<hex:02100103>真是謝謝你特意送過來！","","","","","","","","","",""
79,1,0,False,0,2,764,False,0,0,0,0,0,0,0,0,0,0,"有東西要給我？<hex:02100103>一路走來想必你也很不容易吧。<hex:02100103>謝謝了！","","","","","","","","","",""
80,2,0,False,97,2,764,False,0,0,0,0,0,0,0,0,0,0,"要進行挑戰嗎？","是","否","","","","","","","",""
81,1,0,False,82,2,0,False,0,0,0,0,0,0,0,0,0,0,"另外，對於在公布仙人仙彩的中選號碼後，<hex:02100103>立刻進行了獎品兌換的客人，<hex:02100103>我們還準備了更加令人驚喜的額外獎勵哦！","","","","","","","","","",""
82,1,0,False,130,2,0,False,0,0,0,0,0,0,0,0,0,0,"至於額外獎勵的內容，<hex:02100103>會在公布中選號碼時通知各位客人的，<hex:02100103>還請多多期待！","","","","","","","","","",""
83,1,7,False,105,0,0,False,0,0,0,0,0,0,0,0,0,0,"在公布中選號碼後的<hex:022003E80403>小時（地球時間）內兌換獎品的話，<hex:02100103>可以獲得前期兌換獎勵。","","","","","","","","","",""
84,0,0,False,0,0,0,False,0,0,0,0,0,0,0,0,0,0,"","","","","","","","","","",""
85,0,0,False,0,0,0,False,0,0,0,0,0,0,0,0,0,0,"","","","","","","","","","",""
86,0,0,False,0,0,0,False,0,0,0,0,0,0,0,0,0,0,"","","","","","","","","","",""
87,0,0,False,0,0,0,False,0,0,0,0,0,0,0,0,0,0,"","","","","","","","","","",""
88,0,0,False,0,0,0,False,0,0,0,0,0,0,0,0,0,0,"","","","","","","","","","",""
89,1,0,False,90,2,764,False,0,0,0,0,0,0,0,0,0,0,"在光芒閃耀的舞台之上，提豐老師的鼻息秀閃亮登場了！<hex:02100103>各位挑戰者能否預測鼻息噴發的位置，<hex:02100103>始終屹立於舞台之上而不倒呢？","","","","","","","","","",""
90,1,0,False,276,2,0,False,0,0,0,0,0,0,0,0,0,0,"如果你有自信能躲過每一次鼻息，就到舞台上面去吧！<hex:02100103>可是一旦被鼻息吹飛，帶給著你的將會是恐怖的精神攻擊，<hex:02100103>做好心理準備吧！","","","","","","","","","",""
91,1,0,False,92,2,764,False,0,0,0,0,0,0,0,0,0,0,"哎喲，這位冒險者表示並不懼怕我們的提豐老師啊？<hex:02100103>如果你還殘留著些許面對鼻息的勇氣，<hex:02100103>我會再次將你引導到舞台之上！","","","","","","","","","",""
92,2,0,False,0,2,0,False,0,0,0,0,0,0,0,0,0,0,"要前往舞台嗎？","是","否","","","","","","","",""
93,1,0,False,0,2,0,False,0,0,0,0,0,0,0,0,0,0,"哼嗯，你只是來膜拜提豐老師的英姿的嗎？<hex:02100103>只是旁觀未免乏味，有機會請務必親身體驗一下！","","","","","","","","","",""
94,1,0,False,0,2,764,False,0,0,0,0,0,0,0,0,0,0,"鼻息拂遍全身的感覺如何？<hex:02100103>不過，倒也不必消沉……<hex:02100103>這難以釋懷的心情，正是你挑戰過強敵的證明。","","","","","","","","","",""
95,1,0,False,36,2,764,False,0,0,0,0,0,0,0,0,0,0,"哎呀，再不趕快就要開始了！<hex:02100103>要再次移動到舞台上去嗎？","","","","","","","","","",""
96,0,0,False,0,0,0,False,0,0,0,0,0,0,0,0,0,0,"","","","","","","","","","",""
97,1,0,False,0,2,764,False,0,0,0,0,0,0,0,0,0,0,"我已經在你的地圖上做好標記了，<hex:02100103>請你將壺交給在任意標記位置的1名工作人員！","","","","","","","","","",""
98,1,0,False,0,2,764,False,0,0,0,0,0,0,0,0,0,0,"<hex:026003020303>恭喜您。<hex:02100103>這<hex:022206E802FF022C03>金碟幣是您的獎品，請收下！<hex:02100103>歡迎再次光臨！","","","","","","","","","",""
99,1,0,False,0,2,764,False,0,0,0,0,0,0,0,0,0,0,"感謝您的參與。<hex:02100103>歡迎再次光臨！","","","","","","","","","",""
100,1,7,False,134,0,0,False,0,0,0,0,0,0,0,0,0,0,"獲得了前期兌換獎勵，所得金碟幣增加了！","","","","","","","","","",""
101,1,0,False,105,2,764,False,0,0,0,0,0,0,0,0,0,0,"第<hex:022003E80203>期仙人仙彩正在舉辦之中！<hex:02100103>怎麼樣，要不要試一下？","","","","","","","","","",""
102,1,0,False,105,2,764,False,0,0,0,0,0,0,0,0,0,0,"在中選號碼公布之前還請再等待一段時間。<hex:02100103>……還是說您還有什麼其他的事嗎？","","","","","","","","","",""
103,1,0,False,0,2,764,False,0,0,0,0,0,0,0,0,0,0,"哎呀，您所持的這期仙人仙彩的抽選結果已經公布了！<hex:02100103>請先去獎品兌換員那裡兌換獎品吧。","","","","","","","","","",""
104,1,0,False,0,2,764,False,0,0,0,0,0,0,0,0,0,0,"您所持的這期仙人仙彩已經過了兌獎時間……<hex:02100103>真是抱歉，這張仙人仙彩我就回收了。<hex:02100103>下次請不要錯過兌換時間哦！","","","","","","","","","",""
105,5,0,False,0,2,0,False,0,0,0,0,0,0,0,0,0,0,"要做什麼？","參加仙人仙彩有獎競猜","查看購買人數獎勵","查看過去的1等獎中選者名單","聽取仙人仙彩的說明","聽取購買人數獎勵的說明","取消","","","",""
106,8,0,False,137,2,764,False,0,0,0,0,0,0,0,0,0,0,"","","","","","","","","","",""
107,7,0,False,105,2,764,False,0,0,0,0,0,0,0,0,0,0,"","","","","","","","","","",""
108,1,0,False,128,2,764,False,0,0,0,0,0,0,0,0,0,0,"參加仙人仙彩需要<hex:022003E80203>金碟幣。<hex:02100103>參加的時候請選擇一組喜歡的4位號碼！<hex:02100103>這就是客人您的抽選號碼！","","","","","","","","","",""
109,6,0,False,105,2,764,False,0,0,0,0,0,0,0,0,0,0,"","","","","","","","","","",""
110,1,0,False,105,2,764,False,0,0,0,0,0,0,0,0,0,0,"現在好像還沒有人獲得過1等獎。<hex:02100103>希望您會是第一位！","","","","","","","","","",""
111,1,0,False,0,2,764,False,0,0,0,0,0,0,0,0,0,0,"您身上似乎沒有可供兌換的仙人仙彩呢。<hex:02100103>請您先去中央的櫃檯選擇抽選用的號碼吧！","","","","","","","","","",""
112,1,0,False,43,2,764,False,0,0,0,0,0,0,0,0,0,0,"客人您的這期仙人仙彩還沒有公布中選號碼……<hex:02100103>在中選號碼公布之前還請您耐心等待。","","","","","","","","","",""
113,1,0,False,134,2,764,False,0,0,0,0,0,0,0,0,0,0,"您持有的仙人仙彩已經可以兌換了。<hex:02100103>那麼這就告訴您抽選結果！","","","","","","","","","",""
114,1,0,False,0,0,0,False,0,0,0,0,0,0,0,0,0,0,"在這裡可以進行陸行鳥競賽的參賽登記！","","","","","","","","","",""
115,1,0,False,0,0,0,False,0,0,0,0,0,0,0,0,0,0,"哎呀，你已經見過凱特瑞小姐了嗎？<hex:02100103>我會期待你和你的競賽陸行鳥一同前來登記的。","","","","","","","","","",""
116,2,0,False,0,0,0,False,0,0,0,0,0,0,0,0,0,0,"要取消參賽申請嗎？","是","否","","","","","","","",""
117,1,0,False,0,0,0,False,0,0,0,0,0,0,0,0,0,0,"已取消參賽申請。","","","","","","","","","",""
118,10,0,False,0,2,764,False,0,0,0,0,0,0,0,0,0,0,"要做什麼？","申請參賽","聽取說明","取消","","","","","","",""
119,10,0,False,0,2,764,False,120,121,122,281,282,283,284,285,118,0,"想了解什麼？","什麼是陸行鳥競賽？","關於競賽陸行鳥的登記","關於參賽申請","關於羽力和競賽等級","關於競賽道具","關於競賽道具的種類","關於競賽能力","關於影響競賽的天氣","取消",""
120,1,0,True,286,2,764,False,0,0,0,0,0,0,0,0,0,0,"所謂陸行鳥競賽，就是讓強化過奔跑能力的陸行鳥們，<hex:02100103>以終點為目標互相爭奪名次的比賽。<hex:02100103>在金碟遊樂場裡，它可是超熱門的競技項目！","","","","","","","","","",""
121,1,0,True,287,2,764,False,0,0,0,0,0,0,0,0,0,0,"將新陸行鳥登記成為「競賽陸行鳥」後，<hex:02100103>可以對陸行鳥進行訓練並讓其參賽。","","","","","","","","","",""
122,1,0,True,289,2,764,False,0,0,0,0,0,0,0,0,0,0,"競賽陸行鳥在申請參賽後便可以參加競賽！<hex:02100103>根據陸行鳥的能力不同，競賽也分為好幾個等級。","","","","","","","","","",""
123,1,0,False,0,0,0,False,0,0,0,0,0,0,0,0,0,0,"咦，你似乎沒有可以申請參賽的陸行鳥呢。<hex:02100103>請先去訓鳥師那裡，<hex:02100103>將新陸行鳥登記為競賽陸行鳥後再來這裡吧。","","","","","","","","","",""
124,1,0,False,0,0,0,False,0,0,0,0,0,0,0,0,0,0,"如果想和小隊成員一起參賽的話，<hex:02100103>要由隊長提出參賽申請哦！","放棄","","","","","","","","",""
125,11,0,False,0,0,0,False,0,0,0,0,0,0,0,0,0,0,"選擇競賽","分級競賽","競速挑戰","競賽教學","取消","","","","","",""
126,12,0,False,0,0,0,False,0,0,0,0,0,0,0,0,0,0,"選擇賽道","隨機賽道","返回","","","","","","","",""
127,1,0,False,0,0,0,False,0,0,0,0,0,0,0,0,0,0,"你已經成功申請了「<hex:022818FF13>GoldSaucerTextData<hex:E8020103>：<hex:022818FF13>GoldSaucerTextData<hex:E8030103>」的比賽！<hex:02100103>在比賽開始前，請在陸行鳥廣場內稍等片刻！","","","","","","","","","",""
128,1,0,False,129,2,0,False,0,0,0,0,0,0,0,0,0,0,"以客人的號碼和每期發布的中選號碼相對照，<hex:02100103>會根據個位起連續吻合的位數多少，來決定您能獲得的獎品。<hex:02100103>因此，個位的號碼是關鍵！","","","","","","","","","",""
129,1,0,False,81,2,764,False,0,0,0,0,0,0,0,0,0,0,"中選號碼公布以後，請務必及時確認哦。<hex:02100103>幸運女神會告訴您中選號碼是多少的！","","","","","","","","","",""
130,1,0,False,131,2,0,False,0,0,0,0,0,0,0,0,0,0,"公布結果後，就可以在獎品兌換員處進行兌換了。<hex:02100103>如果中了1等獎，還可以獲得特別附加的豪華獎品！","","","","","","","","","",""
131,1,7,False,132,2,0,False,0,0,0,0,0,0,0,0,0,0,"仙人仙彩每週只能購買3次。<hex:02100103>每週<hex:020603170703><hex:02093ADDFF07>週日<hex:FF07>週一<hex:FF07>週二<hex:FF07>週三<hex:FF07>週四<hex:FF07>週五<hex:FF07>週六<hex:03>的<hex:020821DBFF1D><hex:020919DB02030405060708090A0B0C0D0E0F10111213141516171803><hex:0103>點（地球時間）<hex:02100103>將會公布當期仙人仙彩的抽選結果。","","","","","","","","","",""
132,1,7,False,133,2,0,False,0,0,0,0,0,0,0,0,0,0,"另外，兌換時間是抽選結果發表後一週內，<hex:02100103>即下週<hex:020603170703><hex:02093ADDFF07>週日<hex:FF07>週一<hex:FF07>週二<hex:FF07>週三<hex:FF07>週四<hex:FF07>週五<hex:FF07>週六<hex:03>的<hex:020821DBFF1D><hex:020919DB02030405060708090A0B0C0D0E0F10111213141516171803><hex:0103>點（地球時間）為止。","","","","","","","","","",""
133,1,7,False,83,2,0,False,0,0,0,0,0,0,0,0,0,0,"請注意：一旦錯過獎品領取時間，<hex:02100103>應得的金碟幣與獎品將會作廢，無法再次領取。","","","","","","","","","",""
134,9,0,False,0,2,764,False,0,0,0,0,0,0,0,0,0,0,"","","","","","","","","","",""
135,1,0,False,0,2,764,False,0,0,0,0,0,0,0,0,0,0,"您獲得了<hex:022003E80203>等獎，恭喜您！<hex:02100103>那麼，請收下獎品金碟幣。","","","","","","","","","",""
136,1,0,False,0,2,764,False,0,0,0,0,0,0,0,0,0,0,"哇，居然是1等獎，恭喜您！<hex:02100103>那麼，請收下獎品金碟幣<hex:02100103>和附加獎品<hex:02280AFF05>Item<hex:E8020103>！","","","","","","","","","",""
137,1,0,False,41,2,764,False,0,0,0,0,0,0,0,0,0,0,"接下來就請耐心等待中選號碼的公布！<hex:02100103>請您務必在仙人彩見證號碼公布的瞬間。","","","","","","","","","",""
138,2,0,False,0,0,0,False,0,0,0,0,0,0,0,0,0,0,"確定要對其使用特製煙球嗎？","是","否","","","","","","","",""
139,1,0,False,25,2,764,False,0,0,0,0,0,0,0,0,0,0,"我這裡有些東西要送給金碟遊樂場的工作人員，<hex:02100103>可麻煩的是，跟我們作對的某個盜賊團，<hex:02100103>現在正緊盯著我的一舉一動。","","","","","","","","","",""
140,2,0,False,141,2,0,False,0,0,0,0,0,0,0,0,0,0,"要進行挑戰嗎？","是","否","","","","","","","",""
141,1,0,False,0,2,764,False,0,0,0,0,0,0,0,0,0,0,"我已經在你的地圖上做好標記了，<hex:02100103>請你將壺交給在任意標記位置的2名工作人員！","","","","","","","","","",""
142,1,0,False,26,2,764,False,0,0,0,0,0,0,0,0,0,0,"我這裡有些東西要送給金碟遊樂場的工作人員，<hex:02100103>可麻煩的是，跟我們作對的某個盜賊團，<hex:02100103>現在正緊盯著我的一舉一動。","","","","","","","","","",""
143,2,0,False,144,2,0,False,0,0,0,0,0,0,0,0,0,0,"要進行挑戰嗎？","是","否","","","","","","","",""
144,1,0,False,0,2,764,False,0,0,0,0,0,0,0,0,0,0,"我已經在你的地圖上做好標記了，<hex:02100103>請你將壺交給在標記位置的3名工作人員！","","","","","","","","","",""
145,1,0,False,0,0,0,False,0,0,0,0,0,0,0,0,0,0,"舞蹈最重要的就是沉住氣！<hex:02100103>越是著急就越跳不好。","","","","","","","","","",""
146,1,0,False,0,0,0,False,0,0,0,0,0,0,0,0,0,0,"要想完美地記住4次動作可不是一件容易事哦？","","","","","","","","","",""
147,1,0,False,0,0,0,False,0,0,0,0,0,0,0,0,0,0,"關鍵在於仔細看清每一次的動作……<hex:02100103>這需要相當優秀的注意力和觀察力。","","","","","","","","","",""
148,1,0,False,0,0,0,False,0,0,0,0,0,0,0,0,0,0,"你的身材還挺不錯的嘛。<hex:02100103>到底能堅持到哪一步呢，我很期待哦！","","","","","","","","","",""
149,1,0,False,0,0,0,False,0,0,0,0,0,0,0,0,0,0,"優雅，柔和……<hex:02100103>舞蹈需要高尚的氣質。","","","","","","","","","",""
150,1,0,False,0,0,0,False,0,0,0,0,0,0,0,0,0,0,"哎呀，竟然還有閒心和我聊天，<hex:02100103>別鬆懈，集中精神堅持到最後！","","","","","","","","","",""
151,1,0,False,0,0,0,False,0,0,0,0,0,0,0,0,0,0,"舞蹈的每一個動作都是有其特殊含義的，<hex:02100103>如果不能理解其意義所在，那就理解不了舞蹈的本質。","","","","","","","","","",""
152,1,0,False,0,0,0,False,0,0,0,0,0,0,0,0,0,0,"你的激情不夠啊！<hex:02100103>再來、再來、再來一組！","","","","","","","","","",""
153,1,0,False,0,0,0,False,0,0,0,0,0,0,0,0,0,0,"將意識集中至指尖上，<hex:02100103>讓全身的神經覺醒！","","","","","","","","","",""
154,1,0,False,0,0,0,False,0,0,0,0,0,0,0,0,0,0,"打開、伸展、交叉……<hex:02100103>對不起，請別和我說話，我需要集中。","","","","","","","","","",""
155,1,0,False,0,0,0,False,0,0,0,0,0,0,0,0,0,0,"……你跟得上我的舞步嗎？<hex:02100103>我的水平可跟別人不一樣！","","","","","","","","","",""
156,1,0,False,0,0,0,False,0,0,0,0,0,0,0,0,0,0,"不去享受舞蹈是種損失！<hex:02100103>來，將你的情感全部爆發出來吧！","","","","","","","","","",""
157,2,0,False,0,0,0,False,0,0,0,0,0,0,0,0,0,0,"申請參賽需要<hex:022003E80203>金碟幣。<hex:02100103>確定要申請嗎？<hex:02100103>[所持金碟幣：<hex:022206E803FF022C03>]","是","否","","","","","","","",""
158,2,0,False,0,2,0,False,0,0,0,0,0,0,0,0,0,0,"要進行挑戰嗎？","是","否","","","","","","","",""
159,2,0,False,0,2,0,False,0,0,0,0,0,0,0,0,0,0,"要進行挑戰嗎？","是","否","","","","","","","",""
160,1,0,False,0,2,764,False,0,0,0,0,0,0,0,0,0,0,"這裡製作的雞尾酒廣受好評，<hex:02100103>喝過的人都說它像一場不會醒的美夢，<hex:02100103>那種甜蜜感、幸福感，絕對值得一試。","","","","","","","","","",""
161,1,0,False,0,2,764,False,0,0,0,0,0,0,0,0,0,0,"我的接客之道與招待之心，<hex:02100103>都是從這遊樂場的所有者——戈德伯特大人那裡學來的……<hex:02100103>每當我看到眼前的這座雕像，都會變得更加努力。","","","","","","","","","",""
162,1,0,False,0,2,0,False,0,0,0,0,0,0,0,0,0,0,"哎喲，我可沒有偷懶哦！<hex:02100103>這也是我工作的一部分，<hex:02100103>至於工作內容是什麼嘛……就不能告訴你啦。","","","","","","","","","",""
163,2,0,False,0,2,0,False,0,0,0,0,0,0,0,0,0,0,"要進行挑戰嗎？","是","否","","","","","","","",""
164,1,0,False,165,2,764,False,0,0,0,0,0,0,0,0,0,0,"糟、糟糕了……<hex:02100103>搗亂的小魔精變成了我的樣子在附近徘徊！","","","","","","","","","",""
165,1,0,False,163,2,0,False,0,0,0,0,0,0,0,0,0,0,"請找到外貌跟我一模一樣的人，<hex:02100103>對其使用這個特製煙球，讓小魔精現出原形！<hex:02100103>注意不要和與我長得相似的人弄混……","","","","","","","","","",""
166,1,0,False,167,2,764,False,0,0,0,0,0,0,0,0,0,0,"我有一事相求，<hex:02100103>有隻小魔精好像變成了我的樣子在附近徘徊……","","","","","","","","","",""
167,1,0,False,163,2,0,False,0,0,0,0,0,0,0,0,0,0,"請找到外貌跟我一模一樣的人，<hex:02100103>對其使用這個特製煙球，揭露小魔精的原形！<hex:02100103>請注意，一定要跟我完全一樣才行。","","","","","","","","","",""
168,1,0,False,169,2,764,False,0,0,0,0,0,0,0,0,0,0,"我想要拜託你一件事啊！<hex:02100103>有隻搗亂的小魔精變成了我的樣子在附近逃竄，<hex:02100103>我希望你能幫我把它找出來！","","","","","","","","","",""
169,1,0,False,163,2,0,False,0,0,0,0,0,0,0,0,0,0,"找到外貌與我一樣的人後，<hex:02100103>就用這特製煙球好好教訓它一番，<hex:02100103>首先，你需要先確認好我的外貌！","","","","","","","","","",""
170,1,0,False,171,2,764,False,0,0,0,0,0,0,0,0,0,0,"請問，你有沒有在附近看到和我長得一樣的人？<hex:02100103>我正在找一隻小魔精，<hex:02100103>你說它變誰不好，非要變成我逃跑！","","","","","","","","","",""
171,1,0,False,163,2,0,False,0,0,0,0,0,0,0,0,0,0,"這個特製煙球你拿好，<hex:02100103>用它的話就可以讓小魔精現出原形了！<hex:02100103>拜託了，請用煙球砸向外貌跟我一樣的傢伙！","","","","","","","","","",""
172,1,0,False,173,2,764,False,0,0,0,0,0,0,0,0,0,0,"那個，金碟遊樂場的人委託我找一隻小魔精，<hex:02100103>結果這隻小魔精變成了我的樣子逃跑了！","","","","","","","","","",""
173,1,0,False,163,2,0,False,0,0,0,0,0,0,0,0,0,0,"請找到外貌跟我一樣的人，<hex:02100103>對其使用這特製煙球，使小魔精現出原形。<hex:02100103>確認好我的外貌後就去找小魔精吧！","","","","","","","","","",""
174,1,0,False,175,2,764,False,0,0,0,0,0,0,0,0,0,0,"在這金碟遊樂場混進了一隻會換膚的小魔精，<hex:02100103>最糟糕的是它變成了我的模樣在附近徘徊！","","","","","","","","","",""
175,1,0,False,163,2,0,False,0,0,0,0,0,0,0,0,0,0,"請找到外貌跟我一樣的冒險者，<hex:02100103>對其使用特製煙球，讓小魔精現出原形！<hex:02100103>注意不要對長得相似的人用這煙球……","","","","","","","","","",""
176,1,0,False,177,2,764,False,0,0,0,0,0,0,0,0,0,0,"哎呀呀，這下糟糕了。<hex:02100103>有隻小魔精變成了我的樣子在附近徘徊呢。","","","","","","","","","",""
177,1,0,False,163,2,0,False,0,0,0,0,0,0,0,0,0,0,"能不能請你幫忙找出外貌跟我一模一樣的女孩子啊？<hex:02100103>對小魔精用這特製煙球應該就可以讓它現出原形了，<hex:02100103>拜託你了！<hex:020819E905FF0A>大姐姐<hex:FF0A>大哥哥<hex:03>！","","","","","","","","","",""
178,1,0,False,179,2,764,False,0,0,0,0,0,0,0,0,0,0,"嗯……我有事想要拜託你啊……<hex:02100103>能不能在那些奇怪的冒險者當中，<hex:02100103>找出外觀與我一樣的人？","","","","","","","","","",""
179,1,0,False,163,2,0,False,0,0,0,0,0,0,0,0,0,0,"有隻擁有變身能力的小魔精變成我的樣子跑掉了……<hex:02100103>拜託你，找到後就用這特製煙球砸它！","","","","","","","","","",""
180,1,0,False,181,2,764,False,0,0,0,0,0,0,0,0,0,0,"那個，我有件事想拜託你……<hex:02100103>其實，有隻小魔精變成了我的樣子藏在這遊樂場裡，<hex:02100103>估計是想要捉弄別人搞惡作劇。","","","","","","","","","",""
181,1,0,False,163,2,0,False,0,0,0,0,0,0,0,0,0,0,"請你找出外貌跟我一模一樣的人，<hex:02100103>並對其使用這特製煙球，讓小魔精現出原形。<hex:02100103>拜託你了！","","","","","","","","","",""
182,1,0,False,183,2,764,False,0,0,0,0,0,0,0,0,0,0,"你有沒有看到過我啊？<hex:02100103>有隻小魔精變成了我的樣子在附近徘徊，<hex:02100103>雖說是工作，但自己找自己實在感覺彆扭。","","","","","","","","","",""
183,1,0,False,163,2,0,False,0,0,0,0,0,0,0,0,0,0,"拜託你找出外貌與我一模一樣的人，<hex:02100103>並對其使用這特製煙球，讓小魔精現出原形。","","","","","","","","","",""
184,1,0,False,185,2,764,False,0,0,0,0,0,0,0,0,0,0,"嘖嘖，找不到啊……<hex:02100103>有隻小魔精利用換膚變成了我的樣子。","","","","","","","","","",""
185,1,0,False,163,2,0,False,0,0,0,0,0,0,0,0,0,0,"能不能請你找到外觀和我一樣的人？<hex:02100103>並用這個特製煙球讓小魔精現出原形。<hex:02100103>還請注意不要傷害到與我長得相似的人。","","","","","","","","","",""
186,1,0,False,187,2,764,False,0,0,0,0,0,0,0,0,0,0,"……變得麻煩了呢。<hex:02100103>本來想抓住跑進這裡的小魔精，<hex:02100103>結果它卻變成了我的樣子逃跑了。","","","","","","","","","",""
187,1,0,False,163,2,0,False,0,0,0,0,0,0,0,0,0,0,"小魔精的外貌應該與我一模一樣才對，<hex:02100103>請你找出與我外貌一樣的人，<hex:02100103>然後對其使用特製煙球，讓小魔精現出原形！","","","","","","","","","",""
188,1,0,False,189,2,764,False,0,0,0,0,0,0,0,0,0,0,"該死！可惡的小魔精！<hex:02100103>你要沒事也幫我找找那隻惡作劇的小魔精。<hex:02100103>你說它變誰不好，非要變成我的樣子逃跑。","","","","","","","","","",""
189,1,0,False,163,2,0,False,0,0,0,0,0,0,0,0,0,0,"拜託你找到外貌與我一模一樣的傢伙，<hex:02100103>然後對其使用特製煙球，教訓教訓那小混蛋！<hex:02100103>千萬別跟與我長得相似的人弄混！","","","","","","","","","",""
190,1,0,False,191,2,764,False,0,0,0,0,0,0,0,0,0,0,"我……長得有那麼醜麼……<hex:02100103>其實我在追一隻小魔精，可它卻變成了我的模樣，<hex:02100103>結果我被我的樣子震撼到了，導致小魔精逃走了……","","","","","","","","","",""
191,1,0,False,163,2,0,False,0,0,0,0,0,0,0,0,0,0,"自己找自己也怪難受的……<hex:02100103>拜託你找出外貌與我一樣的冒險者，並對其使用特製煙球，<hex:02100103>讓小魔精現出原形！","","","","","","","","","",""
192,1,0,False,193,2,764,False,0,0,0,0,0,0,0,0,0,0,"你聽我說……<hex:02100103>有隻搗亂的小魔精用換膚變成了我的樣子！","","","","","","","","","",""
193,1,0,False,163,2,0,False,0,0,0,0,0,0,0,0,0,0,"很過分對吧！<hex:02100103><hex:020819E905FF0A>大姐姐<hex:FF0A>大哥哥<hex:03>，拜託你了，找出變成我樣子的小魔精，<hex:02100103>並對它使用特製煙球，讓它現出原形！","","","","","","","","","",""
194,1,0,False,195,2,764,False,0,0,0,0,0,0,0,0,0,0,"請問，你有沒有在附近看到和我長得一樣的人？<hex:02100103>有隻小魔精變成了我的樣子在附近徘徊才對，<hex:02100103>找了很久都沒找到，愁死了。","","","","","","","","","",""
195,1,0,False,163,2,0,False,0,0,0,0,0,0,0,0,0,0,"可以的話能不能也請你幫忙找找那隻小魔精……<hex:02100103>然後用這特製煙球教訓教訓它，<hex:02100103>不過附近有好多人與我打扮相似，還請多注意。","","","","","","","","","",""
196,1,0,False,197,2,764,False,0,0,0,0,0,0,0,0,0,0,"哇……怎麼辦啊……<hex:02100103>搗蛋的小魔精逃跑了……<hex:02100103>而且還是變成了我的樣子逃跑的……","","","","","","","","","",""
197,1,0,False,163,2,0,False,0,0,0,0,0,0,0,0,0,0,"如果有誰被惡作劇了，遭殃的是我……<hex:02100103>求你了，請找出小魔精並對其使用特製煙球，<hex:02100103>讓它現出原形！","","","","","","","","","",""
198,1,0,False,199,2,764,False,0,0,0,0,0,0,0,0,0,0,"哎……搗亂的小魔精還真是讓人傷腦筋呢……<hex:02100103>本以為能抓住它了，可沒想到它卻變成了我的樣子逃跑了……<hex:02100103>我已經不行了……","","","","","","","","","",""
199,1,0,False,163,2,0,False,0,0,0,0,0,0,0,0,0,0,"請你找出外貌與我一模一樣的人，<hex:02100103>並對其使用特製煙球，好好教訓小魔精一番。<hex:02100103>還請仔細觀察我的特徵，找出一模一樣的人。","","","","","","","","","",""
200,1,0,False,201,2,764,False,0,0,0,0,0,0,0,0,0,0,"啊……跟丟了……<hex:02100103><hex:020819E905FF0A>大姐姐<hex:FF0A>大哥哥<hex:03>，可以的話請幫幫我吧！<hex:02100103>我正在找一隻小魔精，它變成了我的樣子。","","","","","","","","","",""
201,1,0,False,163,2,0,False,0,0,0,0,0,0,0,0,0,0,"小魔精變得和我一模一樣，請你把它找出來，<hex:02100103>並對其使用特製煙球，讓小魔精現出原形！<hex:02100103>拜託你啦！","","","","","","","","","",""
202,1,0,False,203,2,764,False,0,0,0,0,0,0,0,0,0,0,"該死！本來說捕獲一隻愛搗亂的小魔精，<hex:02100103>結果卻被它跑掉了，還變成了我的樣子……<hex:02100103>真是狡猾的妖異！","","","","","","","","","",""
203,1,0,False,163,2,0,False,0,0,0,0,0,0,0,0,0,0,"抱歉，能不能請你找出變成我樣子的小魔精？<hex:02100103>然後用這特製煙球讓它現出原形。<hex:02100103>這附近好像有長得與我相似的人，還請多注意……","","","","","","","","","",""
204,1,0,False,205,2,764,False,0,0,0,0,0,0,0,0,0,0,"我剛要抓住小魔精的時候，它卻突然變成了絕世美女……<hex:02100103>我仔細一看那位絕世美女，沒想到竟然是我自己！<hex:02100103>看來小魔精是變成了我的樣子！","","","","","","","","","",""
205,1,0,False,163,2,0,False,0,0,0,0,0,0,0,0,0,0,"請你找出小魔精，對其使用這特製煙球，讓它現出原形！<hex:02100103>絕世美女有我一個就夠了！請不要手軟！","","","","","","","","","",""
206,1,0,False,207,2,764,False,0,0,0,0,0,0,0,0,0,0,"我正在追捕溜進這裡的小魔精……<hex:02100103>結果它卻變成了我的樣子逃跑了……","","","","","","","","","",""
207,1,0,False,163,2,0,False,0,0,0,0,0,0,0,0,0,0,"真是抱歉，能不能請你幫忙找一下外貌與我一模一樣的人？<hex:02100103>找到了的話就對其使用這特製煙球，讓它現出原形。","","","","","","","","","",""
208,1,0,False,209,2,764,False,0,0,0,0,0,0,0,0,0,0,"我算是服了這搗亂的小魔精……<hex:02100103>它竟然變成了我的樣子……<hex:02100103>你能不能幫我找出小魔精啊？","","","","","","","","","",""
209,1,0,False,163,2,0,False,0,0,0,0,0,0,0,0,0,0,"如果找到了的話，就對其使用這特製煙球。<hex:02100103>如果真是小魔精的話，它就會變回原本的模樣了……<hex:02100103>還請注意不要跟與我相似的人弄混。","","","","","","","","","",""
210,1,0,False,211,2,764,False,0,0,0,0,0,0,0,0,0,0,"總感覺大家在用奇怪的目光看我……<hex:02100103>好像是因為有隻小魔精變成了我的樣子在搗亂……<hex:02100103>能不能請你在它把事情弄大之前把它找出來？","","","","","","","","","",""
211,1,0,False,163,2,0,False,0,0,0,0,0,0,0,0,0,0,"如果看到外貌跟我一樣的女性，就對它用這個特製煙球，<hex:02100103>這樣它就會變回原形了，大家也就知道搗亂的人不是我了！<hex:02100103>只是要注意別對與我相似的普通人使用這個煙球……","","","","","","","","","",""
212,1,0,False,213,2,764,False,0,0,0,0,0,0,0,0,0,0,"該死！可恨的小魔精！<hex:02100103>竟然變成了我的樣子胡搞瞎搞！<hex:02100103>請你幫我找出變成了我的樣子的小魔精！","","","","","","","","","",""
213,1,0,False,163,2,0,False,0,0,0,0,0,0,0,0,0,0,"切記，要找的是外貌與我一模一樣的人！<hex:02100103>找到後就用這個特製煙球砸它！<hex:02100103>我要讓它後悔變成了我的樣子！","","","","","","","","","",""
214,1,0,False,215,2,764,False,0,0,0,0,0,0,0,0,0,0,"我在追捕小魔精的時候，它竟然變成了我的樣子……<hex:02100103>結果我被英俊瀟灑的自己迷得神魂顛倒，<hex:02100103>不小心讓小魔精跑掉了……","","","","","","","","","",""
215,1,0,False,163,2,0,False,0,0,0,0,0,0,0,0,0,0,"不能就這麼放置不管……拜託你找出與我一樣英俊的美男子，<hex:02100103>然後用這個特製煙球讓小魔精現出原形……<hex:02100103>雖然我覺得沒有像我這麼俊俏的人了，不過還是要注意相似的人……","","","","","","","","","",""
216,1,0,False,217,2,764,False,0,0,0,0,0,0,0,0,0,0,"擁有換膚能力的小魔精變成了我的樣子在附近徘徊……<hex:02100103>要是它以我的樣子做了壞事就不好了！<hex:02100103>能不能在它做壞事之前幫我找到它？","","","","","","","","","",""
217,1,0,False,163,2,0,False,0,0,0,0,0,0,0,0,0,0,"不知為何，有很多與我相似的人……我自己也暈了……<hex:02100103>請你找到跟我長得一模一樣，衣著也一樣的人，<hex:02100103>對其使用特製煙球，讓小魔精現出原形！","","","","","","","","","",""
218,1,0,False,219,2,764,False,0,0,0,0,0,0,0,0,0,0,"搗亂的小魔精變成了我的樣子在到處惡作劇……<hex:02100103>這裡客人很多，我想抓它也抓不住……<hex:02100103>請你幫我找出那隻小魔精好不好？","","","","","","","","","",""
219,1,0,False,163,2,0,False,0,0,0,0,0,0,0,0,0,0,"它的樣子與我一模一樣才對，<hex:02100103>找到後就用這個特製煙球讓它現出原形……<hex:02100103>還請注意不要傷及到僅僅相似的人……","","","","","","","","","",""
220,1,0,False,221,2,764,False,0,0,0,0,0,0,0,0,0,0,"該死的小魔精，剛要抓住它的時候，它卻變成了我的樣子……<hex:02100103>結果我被那高大的身軀所嚇倒……使得小魔精跑掉了……<hex:02100103>它應該還在附近才對，能不能幫我把它找出來？","","","","","","","","","",""
221,1,0,False,163,2,0,False,0,0,0,0,0,0,0,0,0,0,"請你去找出外貌與我一模一樣的人……<hex:02100103>然後用這特製煙球使它現出原形……<hex:02100103>不用害怕，看著壯那都是假的……","","","","","","","","","",""
222,1,0,False,223,2,764,False,0,0,0,0,0,0,0,0,0,0,"你有沒有看到過另一個我啊？<hex:02100103>好像有隻小魔精變成了我的樣子在附近徘徊……<hex:02100103>我想在它用我的樣子做壞事之前抓住它！","","","","","","","","","",""
223,1,0,False,163,2,0,False,0,0,0,0,0,0,0,0,0,0,"它應該有著跟我一樣的外貌……<hex:02100103>找到的話就用這特製煙球使它現出原形！<hex:02100103>最近與我長得像的人很多，不要弄錯哦。","","","","","","","","","",""
224,1,0,False,225,2,764,False,0,0,0,0,0,0,0,0,0,0,"不好了不好了！小魔精變成了我的樣子跑掉了！<hex:02100103>如果它在這遊樂場裡瞎搞的話，我就要破產了！","","","","","","","","","",""
225,1,0,False,163,2,0,False,0,0,0,0,0,0,0,0,0,0,"必須快點抓住它才行，請你找到和我外貌完全一致的人，<hex:02100103>並對它使用這特製煙球，讓小魔精現出原形！<hex:02100103>哎呀呀，真是糟糕了，不快點的話！！","","","","","","","","","",""
226,1,0,False,0,2,764,False,0,0,0,0,0,0,0,0,0,0,"咳咳！<hex:02100103>這裡還有用煙球砸人的遊戲嗎？","","","","","","","","","",""
227,1,0,False,0,2,764,False,0,0,0,0,0,0,0,0,0,0,"喵！<hex:02100103>喵哈哈哈，好多煙喵！","","","","","","","","","",""
228,1,0,False,0,2,764,False,0,0,0,0,0,0,0,0,0,0,"哎呀！<hex:02100103>金碟遊樂場居然有這麼過激的遊戲啊……咳……","","","","","","","","","",""
229,1,0,False,0,2,764,False,0,0,0,0,0,0,0,0,0,0,"哇……原來如此……我知道了，<hex:02100103>原來你就是大家說的那隻小魔精啊……<hex:02100103>要是再這麼搗亂的話……我就把你交到妖異獵人手裡！","","","","","","","","","",""
230,1,0,False,0,2,764,False,0,0,0,0,0,0,0,0,0,0,"……咳！<hex:02100103>嗚嗚……有什麼事請動嘴不要動手喵……","","","","","","","","","",""
231,1,0,False,0,2,764,False,0,0,0,0,0,0,0,0,0,0,"哇……這是什麼……<hex:02100103>我知道了，是為了讓我變得更受矚目的活動吧！","","","","","","","","","",""
232,1,0,False,0,2,764,False,0,0,0,0,0,0,0,0,0,0,"……呸，<hex:02100103>原來還有這樣的活動啊。","","","","","","","","","",""
233,1,0,False,0,2,764,False,0,0,0,0,0,0,0,0,0,0,"咳咳……<hex:02100103>原來是為了看我受驚的這一幕，<hex:02100103>所以大家才一直偷偷觀察我的啊！","","","","","","","","","",""
234,1,0,False,0,2,764,False,0,0,0,0,0,0,0,0,0,0,"哎？哎哎？<hex:02100103>……我做什麼了嗎？<hex:02100103>真是嚇死我了！","","","","","","","","","",""
235,1,0,False,0,2,764,False,0,0,0,0,0,0,0,0,0,0,"呀！<hex:02100103>你向我搭話就是為了對我做惡作劇嗎？<hex:02100103>真是過分！","","","","","","","","","",""
236,1,0,False,0,2,764,False,0,0,0,0,0,0,0,0,0,0,"咳咳……<hex:02100103>……這、這也是一種遊戲？","","","","","","","","","",""
237,1,0,False,0,2,764,False,0,0,0,0,0,0,0,0,0,0,"哈啊！<hex:02100103>……嘎哈哈！<hex:02100103>竟然從正面向我扔煙球，真是有意思！","","","","","","","","","",""
238,1,0,False,0,2,764,False,0,0,0,0,0,0,0,0,0,0,"嗯嗯……這是什麼娛樂活動嗎？<hex:02100103>完全不知道發生了什麼，總之好厲害！","","","","","","","","","",""
239,1,0,False,0,2,764,False,0,0,0,0,0,0,0,0,0,0,"哇！嚇死我了！<hex:02100103>這到底是什麼娛樂活動啊！","","","","","","","","","",""
240,1,0,False,0,2,764,False,0,0,0,0,0,0,0,0,0,0,"喂、喂！你這是幹嘛啊？<hex:02100103>我什麼都看不見了啊！","","","","","","","","","",""
241,1,0,False,0,2,764,False,0,0,0,0,0,0,0,0,0,0,"這是什麼味道？<hex:02100103>看來不是普通的煙球啊……","","","","","","","","","",""
242,1,0,False,0,2,764,False,0,0,0,0,0,0,0,0,0,0,"咳咳咳……<hex:02100103>……從沒聽過還有用煙球歡迎別人的。<hex:02100103>不愧是金碟遊樂場，玩法新奇！","","","","","","","","","",""
243,1,0,False,0,2,764,False,0,0,0,0,0,0,0,0,0,0,"呸呸……<hex:02100103>……嘿，我說怎麼感覺有人老盯著我，<hex:02100103>原來要對我做惡作劇啊！","","","","","","","","","",""
244,1,0,False,0,2,764,False,0,0,0,0,0,0,0,0,0,0,"發生了什麼……<hex:02100103>總感覺大家都在盯著我啊……","","","","","","","","","",""
245,1,0,False,0,2,764,False,0,0,0,0,0,0,0,0,0,0,"……你老盯著我的臉看什麼看？<hex:02100103>上面有什麼嗎？","","","","","","","","","",""
246,1,0,False,0,2,764,False,0,0,0,0,0,0,0,0,0,0,"哈哈，金碟遊樂場還真是有趣。<hex:02100103>……不過，總感覺有人在盯著我。","","","","","","","","","",""
247,1,0,False,0,2,764,False,0,0,0,0,0,0,0,0,0,0,"偶爾來這裡休息休息也不錯啊……","","","","","","","","","",""
248,1,0,False,0,2,764,False,0,0,0,0,0,0,0,0,0,0,"是我的錯覺麼？怎麼感覺大家都在看我。","","","","","","","","","",""
249,1,0,False,0,2,764,False,0,0,0,0,0,0,0,0,0,0,"總感覺大家都在注視著我……<hex:02100103>哼哼，太美也是一種罪啊！","","","","","","","","","",""
250,1,0,False,0,2,764,False,0,0,0,0,0,0,0,0,0,0,"這是怎麼回事？總感覺有人在盯著我……","","","","","","","","","",""
251,1,0,False,0,2,764,False,0,0,0,0,0,0,0,0,0,0,"在這裡總感覺時間過得很快，<hex:02100103>你也這麼覺得吧。","","","","","","","","","",""
252,1,0,False,0,2,764,False,0,0,0,0,0,0,0,0,0,0,"都說這附近藏著一隻喜歡搗亂的小魔精，<hex:02100103>真的有麼？","","","","","","","","","",""
253,1,0,False,0,2,764,False,0,0,0,0,0,0,0,0,0,0,"嗯！！今天要好好玩一玩！<hex:02100103>哼哼哼，誰也別想打攪我！","","","","","","","","","",""
254,1,0,False,0,2,764,False,0,0,0,0,0,0,0,0,0,0,"哇哇！金碟遊樂場……<hex:02100103>我只聽過傳聞，沒想到這麼贊……<hex:02100103>今天要玩個夠！","","","","","","","","","",""
255,1,0,False,0,2,764,False,0,0,0,0,0,0,0,0,0,0,"難道說……我的舉止很奇怪？<hex:02100103>要注意不能被其他人看出來我是鄉下來的才行……","","","","","","","","","",""
256,1,0,False,0,2,764,False,0,0,0,0,0,0,0,0,0,0,"總感覺有人盯著我，好難受……","","","","","","","","","",""
257,1,0,False,0,2,764,False,0,0,0,0,0,0,0,0,0,0,"這麼豪華的地方我還是第一次看見。<hex:02100103>真是太棒了。","","","","","","","","","",""
258,1,0,False,0,2,764,False,0,0,0,0,0,0,0,0,0,0,"今天我要痛快地玩一場！<hex:02100103>不過從什麼開始呢，真頭疼。","","","","","","","","","",""
259,1,0,False,0,2,764,False,0,0,0,0,0,0,0,0,0,0,"哈哈哈哈哈！<hex:02100103>這地方太好玩了喵！","","","","","","","","","",""
260,1,0,False,0,2,764,False,0,0,0,0,0,0,0,0,0,0,"就算在金碟遊樂場玩一整天都不會膩啊。<hex:02100103>嗯，接下來去玩什麼呢？","","","","","","","","","",""
261,1,0,False,0,2,764,False,0,0,0,0,0,0,0,0,0,0,"真沒想到搗亂的小魔精潛入遊樂場裡了啊。<hex:02100103>我難得玩得這麼開心，可別掃了我的興。","","","","","","","","","",""
262,1,0,False,0,2,764,False,0,0,0,0,0,0,0,0,0,0,"總覺得自己被注視著喵。<hex:02100103>……是我的錯覺嗎喵？","","","","","","","","","",""
263,1,0,False,0,2,764,False,0,0,0,0,0,0,0,0,0,0,"雖然可能是我想太多了，<hex:02100103>但總覺得大家都在盯著我啊……","","","","","","","","","",""
264,1,0,False,0,2,764,False,0,0,0,0,0,0,0,0,0,0,"真是個熱鬧的地方啊。<hex:02100103>既然如此，就算有妖異混入了人群中，也沒有人知道吧。","","","","","","","","","",""
265,1,0,False,0,2,764,False,0,0,0,0,0,0,0,0,0,0,"總覺得我被人瞟了好幾眼。<hex:02100103>究竟是怎麼回事……","","","","","","","","","",""
266,1,0,False,0,2,764,False,0,0,0,0,0,0,0,0,0,0,"我總覺得有人在盯著我。<hex:02100103>雖說我覺得自己並沒有做什麼引人注目的事吧。","","","","","","","","","",""
267,1,0,False,0,2,764,False,0,0,0,0,0,0,0,0,0,0,"你、你也找我有事？！<hex:02100103>剛剛就好多莫名其妙的人過來跟我搭話，還盯著我的臉看……<hex:02100103>總覺得有點可怕……","","","","","","","","","",""
268,1,0,False,0,2,764,False,0,0,0,0,0,0,0,0,0,0,"有這麼多好玩的娛樂設施，<hex:02100103>究竟從哪個玩起呢，好糾結……","","","","","","","","","",""
269,1,0,False,0,2,764,False,0,0,0,0,0,0,0,0,0,0,"啊哈哈，太開心了，笑得停不下來了！","","","","","","","","","",""
270,1,0,False,0,2,764,False,0,0,0,0,0,0,0,0,0,0,"我說，你知道這是怎麼一回事嗎？<hex:02100103>總感覺自己在被各種各樣的傢伙盯著看……","","","","","","","","","",""
271,1,0,False,0,2,764,False,0,0,0,0,0,0,0,0,0,0,"難道說，我很引人注目？<hex:02100103>大家終於發現我的魅力了啊！","","","","","","","","","",""
272,1,0,False,0,2,764,False,0,0,0,0,0,0,0,0,0,0,"我感受到了奇怪的氣息……<hex:02100103>難道有什麼不是人類的東西混入了這裡？","","","","","","","","","",""
273,1,0,False,0,2,764,False,0,0,0,0,0,0,0,0,0,0,"好像有搗亂的小魔精混入了這裡啊。<hex:02100103>別擔心，要是讓我發現了我會把它收拾掉的！","","","","","","","","","",""
274,1,0,False,0,2,764,False,0,0,0,0,0,0,0,0,0,0,"嗯，這裡就是金碟遊樂場啊……<hex:02100103>跟我聽說的一樣，是個熱鬧又歡樂的地方。","","","","","","","","","",""
275,1,0,False,0,2,764,False,0,0,0,0,0,0,0,0,0,0,"你為什麼一直盯著我看？<hex:02100103>難道說你知道我中了大獎？<hex:02100103>哼，別想從我這拿到一枚金碟幣，求我也沒用！","","","","","","","","","",""
276,2,0,False,0,2,764,False,0,0,0,0,0,0,0,0,0,0,"要進行挑戰嗎？","是","否","","","","","","","",""
277,2,0,False,0,2,764,False,0,0,0,0,0,0,0,0,0,0,"要進行挑戰嗎？","是","否","","","","","","","",""
278,1,0,False,0,2,764,False,0,0,0,0,0,0,0,0,0,0,"今天就忘記冒險的事，先玩個痛快吧。","","","","","","","","","",""
279,1,0,False,0,2,764,False,0,0,0,0,0,0,0,0,0,0,"搗亂的小魔精似乎就在這附近啊。<hex:02100103>真是的，這妖異淨給人找麻煩。","","","","","","","","","",""
280,1,0,False,0,2,764,False,0,0,0,0,0,0,0,0,0,0,"有好多人都在盯著我看……<hex:02100103>究竟發生了什麼，我不記得我做過什麼引人注目的事……","","","","","","","","","",""
281,1,0,True,290,2,764,False,0,0,0,0,0,0,0,0,0,0,"競賽陸行鳥成長後能力值也會上升，<hex:02100103>這樣就可以參加級別更高的競賽，挑戰更厲害的對手！","","","","","","","","","",""
282,1,0,True,294,2,764,False,0,0,0,0,0,0,0,0,0,0,"「競賽道具」是一種特殊的道具，<hex:02100103>只能在競賽過程中使用！","","","","","","","","","",""
283,1,0,True,296,2,764,False,0,0,0,0,0,0,0,0,0,0,"那麼競賽道具究竟都有哪些呢？<hex:02100103>我就來為你說明一下吧！","","","","","","","","","",""
284,1,0,True,306,2,764,False,0,0,0,0,0,0,0,0,0,0,"競賽陸行鳥可以使用名為競賽能力的特殊技能。<hex:02100103>如果能將其靈活運用，便可以讓自己在競賽中處於有利地位！","","","","","","","","","",""
285,1,0,True,308,2,764,False,0,0,0,0,0,0,0,0,0,0,"廣闊的大自然就是陸行鳥競賽的賽場。<hex:02100103>競賽時的天氣也是多變的，有時會放晴有時也會下雨。","","","","","","","","","",""
286,1,0,False,119,2,0,False,0,0,0,0,0,0,0,0,0,0,"參加陸行鳥競賽也可以獲得金碟幣，<hex:02100103>你有機會的話也一定要來試試啊！","","","","","","","","","",""
287,1,0,True,288,2,0,False,0,0,0,0,0,0,0,0,0,0,"競賽陸行鳥的主人被稱為「訓練師」，<hex:02100103>但是每位訓練師只能登記一隻競賽陸行鳥。<hex:02100103>敬請注意！","","","","","","","","","",""
288,1,0,True,293,2,0,False,0,0,0,0,0,0,0,0,0,0,"但是，如果讓已經登記過的競賽陸行鳥退役的話，<hex:02100103>就能登記其他的競賽陸行鳥了。<hex:02100103>可以在訓鳥師那裡辦理退役手續。","","","","","","","","","",""
289,1,0,False,119,2,0,False,0,0,0,0,0,0,0,0,0,0,"我會根據你的競賽陸行鳥的能力為你介紹相應級別的競賽，<hex:02100103>你可以從中選擇想要參加的競賽提出參賽申請！ ","","","","","","","","","",""
290,1,7,True,291,2,0,False,0,0,0,0,0,0,0,0,0,0,"根據競賽陸行鳥的綜合能力值——「羽力」的差異，<hex:02100103>其能參加的競賽級別也有所不同。","","","","","","","","","",""
291,1,7,True,292,2,0,False,0,0,0,0,0,0,0,0,0,0,"競賽陸行鳥的羽力越高，就能參加更高級別的競賽。<hex:02100103>但當羽力超過了各競賽級別的上限時，<hex:02100103>則無法再參加低級別的競賽。","","","","","","","","","",""
292,1,7,False,119,2,0,False,0,0,0,0,0,0,0,0,0,0,"從快捷指令的「金碟遊樂場」選擇「陸行鳥」，<hex:02100103>可以查看競賽陸行鳥目前的羽力。","","","","","","","","","",""
293,1,0,False,119,2,0,False,0,0,0,0,0,0,0,0,0,0,"順便說一句，如果想要購買陸行鳥出賽登記書的話，<hex:02100103>就去找彎枝牧場的陸行鳥伯樂吧！","","","","","","","","","",""
294,1,0,True,295,2,0,False,0,0,0,0,0,0,0,0,0,0,"如果可以靈活運用競賽道具的話，<hex:02100103>在競賽中說不定可以一下子扭轉形勢呢！<hex:02100103>在競賽時得到了競賽道具後，就積極地使用它吧！","","","","","","","","","",""
295,1,7,False,119,2,0,False,0,0,0,0,0,0,0,0,0,0,"參加競賽時，可以在賽道內獲得競賽道具。<hex:02100103>獲得的競賽道具會被設定到專用的熱鍵欄上，<hex:02100103>在競賽時可以隨時使用。","","","","","","","","","",""
296,1,7,True,297,2,0,False,0,0,0,0,0,0,0,0,0,0,"「陸行鳥恢復藥」<hex:02100103>可以恢復競賽陸行鳥體力最大值的10%。","","","","","","","","","",""
297,1,7,True,298,2,0,False,0,0,0,0,0,0,0,0,0,0,"「體力之藥」<hex:02100103>體力恢復1，使用後10秒以內不會消耗陸行鳥的體力。","","","","","","","","","",""
298,1,7,True,299,2,0,False,0,0,0,0,0,0,0,0,0,0,"「陸行鳥跑鞋」<hex:02100103>使用後競賽陸行鳥會開始全力奔跑。","","","","","","","","","",""
299,1,7,True,300,2,0,False,0,0,0,0,0,0,0,0,0,0,"「陸行鳥乙太藥」<hex:02100103>可以將已經使用過的一種能力恢復到可再次使用狀態。","","","","","","","","","",""
300,1,7,True,301,2,0,False,0,0,0,0,0,0,0,0,0,0,"「重力球」<hex:02100103>讓跑在自己前面的競賽陸行鳥陷入加重狀態。","","","","","","","","","",""
301,1,7,True,302,2,0,False,0,0,0,0,0,0,0,0,0,0,"「酒神之水」<hex:02100103>讓跑在自己前面的競賽陸行鳥暫時陷入失控狀態，<hex:02100103>在消耗體力的同時不停地加速。","","","","","","","","","",""
302,1,7,True,303,2,0,False,0,0,0,0,0,0,0,0,0,0,"「荊棘種子」<hex:02100103>在自身周圍生成結界，<hex:02100103>消耗其他進入範圍內的競賽陸行鳥的體力。","","","","","","","","","",""
303,1,7,True,481,2,0,False,0,0,0,0,0,0,0,0,0,0,"「英雄藥」<hex:02100103>15秒以內自己的競賽陸行鳥的能力上升，<hex:02100103>並使所有弱化效果狀態無效化。","","","","","","","","","",""
304,1,7,True,305,2,0,False,0,0,0,0,0,0,0,0,0,0,"「陸行鳥隕石」<hex:02100103>向跑在自己前面的所有競賽陸行鳥降下陸行鳥隕石。","","","","","","","","","",""
305,1,0,False,119,2,764,False,0,0,0,0,0,0,0,0,0,0,"……嗯，差不多就是這樣了。<hex:02100103>你實際去參加競賽的話，就會自然而然地記住了。<hex:02100103>所以現在不用勉強自己全都記下來的！","","","","","","","","","",""
306,1,0,True,307,2,0,False,0,0,0,0,0,0,0,0,0,0,"「競賽能力」分為2種。<hex:02100103>一種是只要學會就有效的能力，<hex:02100103>另外一種則是需要在競賽中抓住時機下達指令後使用。","","","","","","","","","",""
307,1,0,False,119,2,0,False,0,0,0,0,0,0,0,0,0,0,"需要下達指令才能使用的競賽能力，<hex:02100103>在競賽中只能使用一次，<hex:02100103>所以要抓住時機謹慎地使用啊！","","","","","","","","","",""
308,1,0,True,309,2,0,False,0,0,0,0,0,0,0,0,0,0,"至於陸行鳥偏愛哪種天氣，都是由陸行鳥的性格決定的。<hex:02100103>既然有陸行鳥在晴天競賽時發揮得好一些，<hex:02100103>當然也會有陸行鳥喜歡在雨中奔跑……","","","","","","","","","",""
309,1,0,False,119,2,0,False,0,0,0,0,0,0,0,0,0,0,"當自己的競賽陸行鳥在它不擅長的天氣參賽時，<hex:02100103>會比平時更容易陷入苦戰！","","","","","","","","","",""
310,1,0,True,316,2,764,False,0,0,0,0,0,0,0,0,0,0,"看來你已經確認過基本的騎乘方法了！<hex:02100103>好好培養你的競賽陸行鳥，努力參加更高級別的競賽吧！","","","","","","","","","",""
311,0,0,False,0,0,0,False,0,0,0,0,0,0,0,0,0,0,"","","","","","","","","","",""
312,3,0,False,0,0,0,False,0,0,0,0,0,0,0,0,0,0,"挑戰該項目需要<hex:022206E802FF022C03>金碟幣","","","","","","","","","",""
313,3,0,False,0,0,0,False,0,0,0,0,0,0,0,0,0,0,"挑戰該項目需要<hex:022206E802FF022C03>金碟幣","","","","","","","","","",""
314,3,0,False,0,0,0,False,0,0,0,0,0,0,0,0,0,0,"挑戰該項目需要<hex:022206E802FF022C03>金碟幣","","","","","","","","","",""
315,3,0,False,0,0,0,False,0,0,0,0,0,0,0,0,0,0,"挑戰該項目需要<hex:022206E802FF022C03>金碟幣","","","","","","","","","",""
316,1,7,True,317,2,0,False,0,0,0,0,0,0,0,0,0,0,"競賽陸行鳥的「羽力」得到提升後，<hex:02100103>便可以參加級別更高的競賽。","","","","","","","","","",""
317,1,7,False,118,2,0,False,0,0,0,0,0,0,0,0,0,0,"從快捷指令的「金碟遊樂場」選擇「陸行鳥」，<hex:02100103>可以查看競賽陸行鳥目前的羽力。","","","","","","","","","",""
318,1,0,False,319,2,764,False,0,0,0,0,0,0,0,0,0,0,"嗚嗚……果然人多的地方最可怕了……<hex:02100103>有小魔精變成我的樣子逃到這附近來了。<hex:02100103>不好意思，能不能麻煩你替我去找找它？　","","","","","","","","","",""
319,1,0,False,163,2,0,False,0,0,0,0,0,0,0,0,0,0,"那隻小魔精變身後跟我長得一模一樣。<hex:02100103>我希望你能使用這個特製煙球讓它現出原形。<hex:02100103>想要確認我的相貌的時候，就再來找我吧。","","","","","","","","","",""
320,1,0,False,321,2,764,False,0,0,0,0,0,0,0,0,0,0,"喂，你啊，能不能幫我點忙？<hex:02100103>是這樣的，有搗亂的小魔精潛伏在這附近。","","","","","","","","","",""
321,1,0,False,163,2,0,False,0,0,0,0,0,0,0,0,0,0,"最麻煩的是，那傢伙變成了我的樣子。<hex:02100103>麻煩你去找到那個跟我長得一模一樣的傢伙，<hex:02100103>然後把這個特製煙球丟過去！","","","","","","","","","",""
322,1,0,False,323,2,764,False,0,0,0,0,0,0,0,0,0,0,"嗚嗚，為什麼誰都不相信我說的話……<hex:02100103>你……你會相信我的對吧？<hex:02100103>有個小魔精變成了我的樣子混入了遊客中！","","","","","","","","","",""
323,1,0,False,163,2,0,False,0,0,0,0,0,0,0,0,0,0,"那傢伙現在跟我長得一模一樣，根本沒法區分。<hex:02100103>相信我，收下這個特製煙球吧。<hex:02100103>把它扔向你認為是小魔精的傢伙，讓它現出原形！","","","","","","","","","",""
324,1,0,False,0,2,764,False,0,0,0,0,0,0,0,0,0,0,"咳咳、咳咳？！<hex:02100103>這是什麼！<hex:02100103>這遊戲可真是過分……","","","","","","","","","",""
325,1,0,False,0,2,764,False,0,0,0,0,0,0,0,0,0,0,"怎、怎麼回事？！<hex:02100103>雖然我明白在這充滿魅力的遊樂場裡人會變得不正常，<hex:02100103>可你這惡作劇也太過分了，要批評你！","","","","","","","","","",""
326,1,0,False,0,2,764,False,0,0,0,0,0,0,0,0,0,0,"啊啊，原來如此……咳咳。<hex:02100103>剛才從各個方向都感受到了視線，原來是這麼一回事啊。<hex:02100103>不過這也是在進行什麼活動嗎？","","","","","","","","","",""
327,1,0,False,0,2,764,False,0,0,0,0,0,0,0,0,0,0,"沒、沒抓到嗎……失敗了啊……<hex:02100103>要是再有小魔精混進來，到時候就拜託你了！","","","","","","","","","",""
328,1,0,False,0,2,764,False,0,0,0,0,0,0,0,0,0,0,"沒找到嗎……<hex:02100103>看來要尋找打扮得完全一樣的人，<hex:02100103>比想像中的還要難啊。","","","","","","","","","",""
329,1,0,False,0,2,764,False,0,0,0,0,0,0,0,0,0,0,"哎呀，失敗了嗎……<hex:02100103>你要是能再認真地看看我說不定就找到了！","","","","","","","","","",""
330,1,0,False,0,2,764,False,0,0,0,0,0,0,0,0,0,0,"不行嗎……<hex:02100103>好吧，我就算掘地三尺也要把小魔精給找出來！<hex:02100103>咱們有緣再見吧！","","","","","","","","","",""
331,1,0,False,0,2,764,False,0,0,0,0,0,0,0,0,0,0,"什麼，沒找到呀……<hex:02100103>你沒有認真地觀察我吧？<hex:02100103>真是個容易害羞的傢伙。","","","","","","","","","",""
332,1,0,False,0,2,764,False,0,0,0,0,0,0,0,0,0,0,"算了，這也沒辦法。<hex:02100103>我會替你向那個被你認錯的人道歉的。<hex:02100103>不管結果怎樣，還是謝謝你！","","","","","","","","","",""
333,1,0,False,0,2,764,False,0,0,0,0,0,0,0,0,0,0,"咦，失敗了嗎……<hex:02100103>多希望你能找到跟我長得一模一樣的女孩子啊。","","","","","","","","","",""
334,1,0,False,0,2,764,False,0,0,0,0,0,0,0,0,0,0,"哎呀呀，失敗了嗎……<hex:02100103>真沒想到會有這麼多跟我長相相似的人聚集在這裡。","","","","","","","","","",""
335,1,0,False,0,2,764,False,0,0,0,0,0,0,0,0,0,0,"失敗了啊……<hex:02100103>還是謝謝你，我再自己去找找吧。","","","","","","","","","",""
336,1,0,False,0,2,764,False,0,0,0,0,0,0,0,0,0,0,"連你也沒找到嗎……<hex:02100103>果然還是只能自己去找啊。<hex:02100103>還是謝謝你能來幫我！","","","","","","","","","",""
337,1,0,False,0,2,764,False,0,0,0,0,0,0,0,0,0,0,"是嗎，失敗了啊……<hex:02100103>應該再提醒一下你不要被那些跟我長得相似的人迷惑的。<hex:02100103>說到底，還是因為我考慮不周啊。","","","","","","","","","",""
338,1,0,False,0,2,764,False,0,0,0,0,0,0,0,0,0,0,"失敗了啊……<hex:02100103>我再去找找吧。<hex:02100103>感謝你的協助！","","","","","","","","","",""
339,1,0,False,0,2,764,False,0,0,0,0,0,0,0,0,0,0,"可惡！怎麼失敗了啊！<hex:02100103>小魔精這混蛋！","","","","","","","","","",""
340,1,0,False,0,2,764,False,0,0,0,0,0,0,0,0,0,0,"這樣啊，沒能找到嗎……<hex:02100103>不過想想這附近有跟我長得一樣的傢伙在瞎轉悠，<hex:02100103>就覺得渾身不舒服。","","","","","","","","","",""
341,1,0,False,0,2,764,False,0,0,0,0,0,0,0,0,0,0,"弄錯了啊……<hex:02100103>別在意啦，<hex:020819E905FF0A>大姐姐<hex:FF0A>大哥哥<hex:03>。<hex:02100103>搗亂的小魔精就是這麼麻煩啊。","","","","","","","","","",""
342,1,0,False,0,2,764,False,0,0,0,0,0,0,0,0,0,0,"哎喲，失敗了啊……<hex:02100103>不過這也不能怪你。<hex:02100103>畢竟跟我打扮得差不多的人實在太多了。","","","","","","","","","",""
343,1,0,False,0,2,764,False,0,0,0,0,0,0,0,0,0,0,"哇，<hex:020819E905FF0A>大姐姐<hex:FF0A>大哥哥<hex:03>，連你也失敗了啊。<hex:02100103>特製煙球也用光了，這下只能放棄啦。","","","","","","","","","",""
344,1,0,False,0,2,764,False,0,0,0,0,0,0,0,0,0,0,"哎……真遺憾。<hex:02100103>這回就算搗亂的小魔精贏了。","","","","","","","","","",""
345,1,0,False,0,2,764,False,0,0,0,0,0,0,0,0,0,0,"失敗了啊……<hex:02100103>算了，這也沒辦法。<hex:02100103>要是發現了跟我很像的人，還要再麻煩你啦！","","","","","","","","","",""
346,1,0,False,0,2,764,False,0,0,0,0,0,0,0,0,0,0,"嗯，不行嗎……<hex:02100103>小魔精這傢伙，還挺難對付啊……","","","","","","","","","",""
347,1,0,False,0,2,764,False,0,0,0,0,0,0,0,0,0,0,"哎呀，我還以為找個絕世美女應該挺簡單的……<hex:02100103>難道說，你……不擅長應對美女嗎？","","","","","","","","","",""
348,1,0,False,0,2,764,False,0,0,0,0,0,0,0,0,0,0,"失敗了嗎……<hex:02100103>不，都怪我是大眾臉，跟我長得像的人太多了。<hex:02100103>我要不要乾脆把頭髮剪了改變下形象呢……","","","","","","","","","",""
349,1,0,False,0,2,764,False,0,0,0,0,0,0,0,0,0,0,"你也束手無策嗎……<hex:02100103>看來還是搗亂的小魔精略勝一籌啊。","","","","","","","","","",""
350,1,0,False,0,2,764,False,0,0,0,0,0,0,0,0,0,0,"特製煙球已經沒有了……<hex:02100103>雖然很遺憾，但這次還是先放棄吧。","","","","","","","","","",""
351,1,0,False,0,2,764,False,0,0,0,0,0,0,0,0,0,0,"嗚！失敗了啊！<hex:02100103>可惡的小魔精，下次讓我碰到了，一定要把你抓起來！","","","","","","","","","",""
352,1,0,False,0,2,764,False,0,0,0,0,0,0,0,0,0,0,"你認錯人了嗎……<hex:02100103>為什麼你就感受不到我的美麗之處呢……","","","","","","","","","",""
353,1,0,False,0,2,764,False,0,0,0,0,0,0,0,0,0,0,"……這樣啊，你失敗了啊。<hex:02100103>算了，既然長相相似的人這麼多，你分不清也正常。","","","","","","","","","",""
354,1,0,False,0,2,764,False,0,0,0,0,0,0,0,0,0,0,"被穿著打扮相似的人迷惑了嗎……<hex:02100103>嗯，真是可惜……","","","","","","","","","",""
355,1,0,False,0,2,764,False,0,0,0,0,0,0,0,0,0,0,"你失敗了啊……<hex:02100103>想必是被人高馬大的我給嚇傻了吧！<hex:02100103>哎，這還真沒辦法。","","","","","","","","","",""
356,1,0,False,0,2,764,False,0,0,0,0,0,0,0,0,0,0,"<hex:020819E905FF0A>大姐姐<hex:FF0A>大哥哥<hex:03>，你失敗了啊……<hex:02100103>哎，你也不要太在意。<hex:02100103>這都是那個跟我長得一模一樣的傢伙的錯！","","","","","","","","","",""
357,1,0,False,0,2,764,False,0,0,0,0,0,0,0,0,0,0,"這樣啊，真是糟糕……<hex:02100103>如果你又發現了那隻小魔精，<hex:02100103>一定要在我破產之前把它抓住啊！","","","","","","","","","",""
358,1,0,False,0,2,764,False,0,0,0,0,0,0,0,0,0,0,"……嗚嗚，好不甘心。<hex:02100103>都怪我太沒用了……<hex:02100103>真是抱歉，讓你也白忙活了一場。","","","","","","","","","",""
359,1,0,False,0,2,764,False,0,0,0,0,0,0,0,0,0,0,"嗯，好遺憾……<hex:02100103>小魔精這東西，還真是難對付啊。","","","","","","","","","",""
360,1,0,False,0,2,764,False,0,0,0,0,0,0,0,0,0,0,"竟然會這樣……<hex:02100103>雖然可能已經沒戲了……還是謝謝你能相信我。","","","","","","","","","",""
361,1,0,False,0,2,764,False,0,0,0,0,0,0,0,0,0,0,"啊啊，太好啦！<hex:02100103>我剛才都已經不知道怎麼辦才好了……<hex:02100103>真是太感謝你了！","","","","","","","","","",""
362,1,0,False,0,2,764,False,0,0,0,0,0,0,0,0,0,0,"不勝感激！<hex:02100103>真是的，「換膚」這種能力太讓人頭疼了。","","","","","","","","","",""
363,1,0,False,0,2,764,False,0,0,0,0,0,0,0,0,0,0,"謝謝你！<hex:02100103>這樣委託就完成了……可以去玩啦！<hex:02100103>多虧了有你幫忙！","","","","","","","","","",""
364,1,0,False,0,2,764,False,0,0,0,0,0,0,0,0,0,0,"太棒啦！<hex:02100103>果然拜託你沒有錯！","","","","","","","","","",""
365,1,0,False,0,2,764,False,0,0,0,0,0,0,0,0,0,0,"太好了！<hex:02100103>這樣一來金碟遊樂場的人們暫時也可以放心了。<hex:02100103>也算是給了搗亂的小魔精一點教訓吧。","","","","","","","","","",""
366,1,0,False,0,2,764,False,0,0,0,0,0,0,0,0,0,0,"謝謝你！<hex:02100103>要是就這樣由它一直扮成我的樣子可就麻煩大了。<hex:02100103>你真是幫了大忙了。","","","","","","","","","",""
367,1,0,False,0,2,764,False,0,0,0,0,0,0,0,0,0,0,"哇，太好了！<hex:02100103><hex:020819E905FF0A>大姐姐<hex:FF0A>大哥哥<hex:03>，謝謝你！","","","","","","","","","",""
368,1,0,False,0,2,764,False,0,0,0,0,0,0,0,0,0,0,"幹得漂亮！<hex:02100103>搗亂的小魔精也認輸了。<hex:02100103>真是幫大忙了啊，謝謝你。","","","","","","","","","",""
369,1,0,False,0,2,764,False,0,0,0,0,0,0,0,0,0,0,"非常感謝！<hex:02100103>你能在它做惡作劇之前把它找出來，真是幫大忙了！","","","","","","","","","",""
370,1,0,False,0,2,764,False,0,0,0,0,0,0,0,0,0,0,"謝謝你！<hex:02100103>我就知道你會成功的！","","","","","","","","","",""
371,1,0,False,0,2,764,False,0,0,0,0,0,0,0,0,0,0,"太棒了！<hex:02100103>非常感謝你能把它找出來！","","","","","","","","","",""
372,1,0,False,0,2,764,False,0,0,0,0,0,0,0,0,0,0,"哎呀，真是多謝！<hex:02100103>竟然能在那麼多人裡把它給揪出來……<hex:02100103>你的本事可不小！","","","","","","","","","",""
373,1,0,False,0,2,764,False,0,0,0,0,0,0,0,0,0,0,"太棒了！<hex:02100103>小魔精這混蛋，真是活該！","","","","","","","","","",""
374,1,0,False,0,2,764,False,0,0,0,0,0,0,0,0,0,0,"你把小魔精找出來了啊，謝謝！<hex:02100103>我可受不了有跟我長得一模一樣的人在這附近走來走去。","","","","","","","","","",""
375,1,0,False,0,2,764,False,0,0,0,0,0,0,0,0,0,0,"哇，謝謝你！<hex:02100103><hex:020819E905FF0A>大姐姐<hex:FF0A>大哥哥<hex:03>，你真是值得信賴啊。<hex:02100103>要是再有小魔精混進來，我還要麻煩你啦！","","","","","","","","","",""
376,1,0,False,0,2,764,False,0,0,0,0,0,0,0,0,0,0,"辛苦你了，真是得救了。<hex:02100103>跟我打扮相似的人有那麼多，<hex:02100103>你竟然能從中把它找出來！","","","","","","","","","",""
377,1,0,False,0,2,764,False,0,0,0,0,0,0,0,0,0,0,"太好啦！<hex:02100103><hex:020819E905FF0A>大姐姐<hex:FF0A>大哥哥<hex:03>，謝謝你幫我教訓了小魔精！","","","","","","","","","",""
378,1,0,False,0,2,764,False,0,0,0,0,0,0,0,0,0,0,"太棒啦！<hex:02100103>四處奔走還是有意義的啊！","","","","","","","","","",""
379,1,0,False,0,2,764,False,0,0,0,0,0,0,0,0,0,0,"搗亂的小魔精要是能反省一下就好了……<hex:02100103>如果你再看見像我一樣的妖異獵人的話，<hex:02100103>麻煩也幫幫他們！謝謝你啦！","","","","","","","","","",""
380,1,0,False,0,2,764,False,0,0,0,0,0,0,0,0,0,0,"真是麻煩你了，不好意思。<hex:02100103>我十分佩服你的洞察力，竟然能看穿小魔精的偽裝。","","","","","","","","","",""
381,1,0,False,0,2,764,False,0,0,0,0,0,0,0,0,0,0,"幹得漂亮！<hex:02100103>絕世美女有我一個就已經夠了。","","","","","","","","","",""
382,1,0,False,0,2,764,False,0,0,0,0,0,0,0,0,0,0,"嗯，太好了……<hex:02100103>看來我必須繼續努力修行了！<hex:02100103>什麼時候才能只靠我一個人就抓住小魔精呢……","","","","","","","","","",""
383,1,0,False,0,2,764,False,0,0,0,0,0,0,0,0,0,0,"幹得太漂亮了！<hex:02100103>搗亂的小魔精這下就沒轍啦。","","","","","","","","","",""
384,1,0,False,0,2,764,False,0,0,0,0,0,0,0,0,0,0,"啊，太好了！<hex:02100103>多虧有你才沒鬧出什麼大事。<hex:02100103>非常感謝。","","","","","","","","","",""
385,1,0,False,0,2,764,False,0,0,0,0,0,0,0,0,0,0,"噢！多謝！<hex:02100103>可惡的小魔精，這下老實了吧！","","","","","","","","","",""
386,1,0,False,0,2,764,False,0,0,0,0,0,0,0,0,0,0,"幹得好！<hex:02100103>看來你充分理解了我的美啊。<hex:02100103>我可要好好表揚你一下！","","","","","","","","","",""
387,1,0,False,0,2,764,False,0,0,0,0,0,0,0,0,0,0,"你做到了啊！<hex:02100103>你竟然從那麼多人裡面把它找了出來。<hex:02100103>太感謝了！","","","","","","","","","",""
388,1,0,False,0,2,764,False,0,0,0,0,0,0,0,0,0,0,"你成功了啊！<hex:02100103>得救了……謝謝你！","","","","","","","","","",""
389,1,0,False,0,2,764,False,0,0,0,0,0,0,0,0,0,0,"噢，真棒！<hex:02100103>竟然沒有被人高馬大的我嚇傻。<hex:02100103>你的勇氣令人欽佩！","","","","","","","","","",""
390,1,0,False,0,2,764,False,0,0,0,0,0,0,0,0,0,0,"嘿！<hex:02100103><hex:020819E905FF0A>大姐姐<hex:FF0A>大哥哥<hex:03>，你成功了啊！<hex:02100103>哎呀，真是打心底裡感謝你啊！","","","","","","","","","",""
391,1,0,False,0,2,764,False,0,0,0,0,0,0,0,0,0,0,"得救了！真的非常感謝你。<hex:02100103>多虧了你，我這下不用破產了！","","","","","","","","","",""
392,1,0,False,0,2,764,False,0,0,0,0,0,0,0,0,0,0,"你真厲害，謝謝！<hex:02100103>我也要以此為契機，克服對人群的恐懼！","","","","","","","","","",""
393,1,0,False,0,2,764,False,0,0,0,0,0,0,0,0,0,0,"拜託你果然沒錯！<hex:02100103>你竟然會如此努力地幫助素不相識的我，<hex:02100103>你可真是個好人！","","","","","","","","","",""
394,1,0,False,0,2,764,False,0,0,0,0,0,0,0,0,0,0,"謝謝你救了我！<hex:02100103>你是我一輩子的恩人，我絕對不會忘了你的！","","","","","","","","","",""
395,1,0,True,404,2,764,False,0,0,0,0,0,0,0,0,0,0,"看來你已經完成競賽陸行鳥的登記了。<hex:02100103>那麼就趕緊來學習一下競賽的基礎吧！","","","","","","","","","",""
396,1,0,True,397,2,764,False,0,0,0,0,0,0,0,0,0,0,"好，接下來就準備參賽吧！<hex:02100103>你的這隻競賽陸行鳥是<hex:022003E80203>羽力。<hex:02100103>那麼我來給你簡單介紹一下你目前可以參加的競賽！","","","","","","","","","",""
397,1,0,True,398,2,0,False,0,0,0,0,0,0,0,0,0,0,"首先是「初始級」，這是只有新人訓練師才可以參加的級別。<hex:02100103>這個級別是為了讓新人訓練師抓住競賽的感覺、熟悉競賽而設的。<hex:02100103>因此只有羽力較低的競賽陸行鳥才可以參加。","","","","","","","","","",""
398,1,0,True,399,2,0,False,0,0,0,0,0,0,0,0,0,0,"羽力上升後能夠參加的競賽級別會發生變化，<hex:02100103>遇到的對手會更強。","","","","","","","","","",""
399,1,0,True,400,2,0,False,0,0,0,0,0,0,0,0,0,0,"伴隨著難度的增加，可獲得的報酬也會更高。<hex:02100103>加油變強、取勝吧！","","","","","","","","","",""
400,1,7,False,0,2,0,False,0,0,0,0,0,0,0,0,0,0,"可以從任務搜尋器參加陸行鳥競賽。","","","","","","","","","",""
401,1,0,True,402,2,764,False,0,0,0,0,0,0,0,0,0,0,"選擇好要參加的級別後，下面就要選擇「賽道」了。<hex:02100103>陸行鳥競賽的場地設在廣闊的大自然，<hex:02100103>有穿過海濱沙灘的賽道，也有幽靜森林中的賽道。","","","","","","","","","",""
402,1,0,True,403,2,0,False,0,0,0,0,0,0,0,0,0,0,"當然，這些賽道的區別不僅僅在於風景，<hex:02100103>不同的賽道其長度和設定的障礙物也會有所不同。","","","","","","","","","",""
403,1,0,False,126,2,0,False,0,0,0,0,0,0,0,0,0,0,"如果能夠記住賽道的特徵，那麼對於贏得競賽也很有幫助。<hex:02100103>你就試著多跑幾條賽道，尋找出自己擅長的吧！","","","","","","","","","",""
404,1,7,False,0,2,0,False,0,0,0,0,0,0,0,0,0,0,"可以從「申請參賽」中選擇「競賽教學」，<hex:02100103>一邊聽取陸行鳥競賽的基礎說明，<hex:02100103>一邊進行實際操作。","","","","","","","","","",""
405,1,0,False,0,0,0,False,0,0,0,0,0,0,0,0,0,0,"你好像沒有完成登記的競賽陸行鳥呢。<hex:02100103>你可以到訓鳥師那裡給新陸行鳥做登記！","","","","","","","","","",""
406,1,0,False,0,0,0,False,0,0,0,0,0,0,0,0,0,0,"沉浸在本大爺華麗的舞姿之下吧……","","","","","","","","","",""
407,1,0,False,0,0,0,False,0,0,0,0,0,0,0,0,0,0,"哎呀，可愛的小寶貝。<hex:02100103>你會向我展示什麼樣的舞蹈呢，真是期待……","","","","","","","","","",""
408,1,0,False,0,2,764,False,0,0,0,0,0,0,0,0,0,0,"<hex:026003020303>恭喜您。<hex:02100103>這<hex:022206E802FF022C03>金碟幣是您的獎品，請收下！<hex:02100103>您想要再挑戰一次嗎？","","","","","","","","","",""
409,1,0,False,0,2,764,False,0,0,0,0,0,0,0,0,0,0,"感謝您的參與。<hex:02100103>您想要再挑戰一次嗎？","","","","","","","","","",""
410,1,7,False,0,0,0,False,0,0,0,0,0,0,0,0,0,0,"所持寵物不足3隻，無法參加「萌寵之王」。","","","","","","","","","",""
411,14,0,False,0,0,0,False,412,0,414,416,0,0,0,0,0,0,"萌寵之王","關卡挑戰","對戰","大賽","遊戲嚮導","取消","","","","",""
412,15,0,False,411,0,0,False,0,0,0,0,0,0,0,0,0,0,"關卡挑戰","返回","","","","","","","","",""
413,10,0,False,411,0,0,False,0,0,415,411,0,0,0,0,0,0,"對戰","玩家對戰（無績點賽）","玩家對戰（績點賽）","人機對戰","返回","","","","","",""
414,10,0,False,411,0,0,False,0,0,0,411,0,0,0,0,0,0,"大賽","大賽對戰","大賽資訊","排行榜","返回","","","","","",""
415,10,0,False,411,0,0,False,0,0,0,413,0,0,0,0,0,0,"人機對戰","討伐級","殲滅級","殲殛級","返回","","","","","",""
416,10,0,False,411,0,0,False,471,0,411,0,0,0,0,0,0,0,"遊戲嚮導","寵物熱鍵欄的編成方法","玩法教學","返回","","","","","","",""
417,0,0,False,0,0,0,False,0,0,0,0,0,0,0,0,0,0,"","","","","","","","","","",""
418,2,0,False,0,0,0,False,0,0,0,0,0,0,0,0,0,0,"<hex:024804F201FA03><hex:024904F201FB03>萌寵之王<hex:0249020103><hex:0248020103><hex:02100103>指揮手下的寵物大軍獲得勝利！<hex:02100103><hex:02100103>確定要玩嗎？","是","否","","","","","","","",""
419,13,0,False,414,0,0,False,0,0,0,0,0,0,0,0,0,0,"第<hex:022003E80203>次萌寵之王大賽<hex:02100103><hex:02100103>開賽時間（地球時間）：<hex:02100103><hex:020703E80303><hex:022002DF03>年<hex:022002DE03>月<hex:022002DC03>日（星期<hex:020925DDFF04>日<hex:FF04>一<hex:FF04>二<hex:FF04>三<hex:FF04>四<hex:FF04>五<hex:FF04>六<hex:03>） <hex:020821DBFF1D><hex:020919DB02030405060708090A0B0C0D0E0F10111213141516171803><hex:0103>點～<hex:02100103><hex:020703E80403><hex:022002DF03>年<hex:022002DE03>月<hex:022002DC03>日（星期<hex:020925DDFF04>日<hex:FF04>一<hex:FF04>二<hex:FF04>三<hex:FF04>四<hex:FF04>五<hex:FF04>六<hex:03>） <hex:020821DBFF1D><hex:020919DB02030405060708090A0B0C0D0E0F10111213141516171803><hex:0103>點<hex:02100103>參賽資格：<hex:022811FF0C>MinionRules<hex:E8050203><hex:02100103>大賽規則：<hex:022811FF0C>MinionRules<hex:E8050103><hex:02100103><hex:02100103>","確定","","","","","","","","",""
420,13,0,False,414,0,0,False,0,0,0,0,0,0,0,0,0,0,"現在沒有正在進行中的大賽。<hex:02100103><hex:02100103>下次開賽時間<hex:02100103><hex:020703E80303><hex:022002DF03>年<hex:022002DE03>月<hex:022002DC03>日（星期<hex:020925DDFF04>日<hex:FF04>一<hex:FF04>二<hex:FF04>三<hex:FF04>四<hex:FF04>五<hex:FF04>六<hex:03>） <hex:020821DBFF1D><hex:020919DB02030405060708090A0B0C0D0E0F10111213141516171803><hex:0103>點～<hex:02100103><hex:020703E80403><hex:022002DF03>年<hex:022002DE03>月<hex:022002DC03>日（星期<hex:020925DDFF04>日<hex:FF04>一<hex:FF04>二<hex:FF04>三<hex:FF04>四<hex:FF04>五<hex:FF04>六<hex:03>） <hex:020821DBFF1D><hex:020919DB02030405060708090A0B0C0D0E0F10111213141516171803><hex:0103>點<hex:02100103>參賽資格:<hex:022811FF0C>MinionRules<hex:E8050203><hex:02100103>大賽規則:<hex:022811FF0C>MinionRules<hex:E8050103><hex:02100103><hex:02100103>","確定","","","","","","","","",""
421,1,0,False,422,2,0,False,0,0,0,0,0,0,0,0,0,0,"歡迎來到「萌寵之王」大賽的接待處！","","","","","","","","","",""
422,10,0,False,0,0,0,False,424,425,0,0,0,0,0,0,0,0,"要做什麼？","關於下次大賽","聽取大賽說明","取消","","","","","","",""
423,0,0,False,0,0,0,False,0,0,0,0,0,0,0,0,0,0,"","","","","","","","","","",""
424,1,0,True,454,2,764,False,0,0,0,0,0,0,0,0,0,0,"下次，即第<hex:022003E80203>次萌寵之王大賽的參賽資格為，<hex:02100103><hex:022811FF0C>MinionRules<hex:E8050203>，<hex:02100103>大賽規則是<hex:022811FF0C>MinionRules<hex:E8050103>。","返回","","","","","","","","",""
425,1,0,False,468,2,764,False,0,0,0,0,0,0,0,0,0,0,"在這個金碟遊樂場，<hex:02100103>將會定期舉行「萌寵之王」的大賽！","","","","","","","","","",""
426,1,0,False,427,2,0,False,0,0,0,0,0,0,0,0,0,0,"歡迎來到「萌寵之王」大賽的接待處！<hex:02100103>現在，第<hex:022003E80203>次萌寵之王大賽正在舉辦之中。","","","","","","","","","",""
427,10,0,False,0,0,0,False,469,429,430,0,0,0,0,0,0,0,"要做什麼？","參加大賽","關於正在舉辦的大賽","聽取大賽說明","取消","","","","","",""
428,2,0,False,427,2,764,False,0,0,0,0,0,0,0,0,0,0,"要參加當前正在舉辦的大賽嗎？","是","否","","","","","","","",""
429,1,0,True,462,2,764,False,0,0,0,0,0,0,0,0,0,0,"當前正在舉辦的第<hex:022003E80203>次萌寵之王大賽，<hex:02100103>參賽資格是<hex:022811FF0C>MinionRules<hex:E8050203>，<hex:02100103>大賽規則是<hex:022811FF0C>MinionRules<hex:E8050103>。","返回","","","","","","","","",""
430,1,0,True,467,0,764,False,0,0,0,0,0,0,0,0,0,0,"在這個金碟遊樂場，<hex:02100103>將會定期舉行「萌寵之王」的大賽！","","","","","","","","","",""
431,1,0,True,432,0,0,False,0,0,0,0,0,0,0,0,0,0,"在大賽中，將以排位戰的形式進行大賽對戰，<hex:02100103>進行對戰的冒險者們將會互相爭奪「積分」。","","","","","","","","","",""
432,1,0,True,433,0,0,False,0,0,0,0,0,0,0,0,0,0,"成功參加大賽之後，<hex:02100103>從「萌寵之王」對戰台處選擇「大賽對戰」，<hex:02100103>並在對戰中獲勝的話，就可以獲得積分。","","","","","","","","","",""
433,1,0,True,447,0,764,False,0,0,0,0,0,0,0,0,0,0,"大賽對戰的可進行次數會根據每次大賽的不同而有所變化。<hex:02100103>所戰勝的對手的績點越高，獲得的積分也就越多！","","","","","","","","","",""
434,1,0,False,427,0,0,False,0,0,0,0,0,0,0,0,0,0,"您已經成功報名參加了第<hex:022003E80203>次萌寵之王大賽。<hex:02100103>請您多多加油，以獲得高位排名為目標而努力吧！","","","","","","","","","",""
435,1,0,False,427,0,0,False,0,0,0,0,0,0,0,0,0,0,"……哎呀？<hex:02100103>客人您之前已經報名參加了本次大賽了。","","","","","","","","","",""
436,1,0,False,427,0,0,False,0,0,0,0,0,0,0,0,0,0,"……非常抱歉，<hex:02100103>您無法報名參加大賽。","","","","","","","","","",""
437,1,0,False,427,0,0,False,0,0,0,0,0,0,0,0,0,0,"當前正在舉辦的大賽的參賽資格是，<hex:02100103><hex:022811FF0C>MinionRules<hex:E8030203>。<hex:02100103>非常抱歉，您似乎沒有滿足參賽條件。","","","","","","","","","",""
438,1,0,False,427,0,0,False,0,0,0,0,0,0,0,0,0,0,"……非常抱歉，<hex:02100103>您無法報名參加大賽。<hex:02100103>請您先完成關卡挑戰的第二關以解鎖大賽。","","","","","","","","","",""
439,1,0,False,422,0,0,False,0,0,0,0,0,0,0,0,0,0,"哎呀，您好像已經錯過了獎品領取時間……<hex:02100103>領取獎品的期限是至下一次大賽開賽為止，<hex:02100103>請您今後多加注意。","","","","","","","","","",""
440,1,0,False,0,0,0,False,0,0,0,0,0,0,0,0,0,0,"您辛苦了！<hex:02100103>第<hex:022003E80203>次萌寵之王大賽圓滿結束。<hex:02100103>那麼就由我來確認一下客人您的排名。","","","","","","","","","",""
441,1,0,False,444,0,0,False,0,0,0,0,0,0,0,0,0,0,"恭喜您，您取得了大賽的第<hex:022206E802FF022C03>名！<hex:02100103>請收下您的獎品，包括加算積分所得的<hex:022206E803FF022C03>金碟幣，<hex:02100103>共計<hex:022206E804FF022C03>金碟幣！","","","","","","","","","",""
442,1,0,False,444,0,0,False,0,0,0,0,0,0,0,0,0,0,"非常遺憾，本次大賽您未能取得名次……<hex:02100103>那麼，請收下您出席本次大賽獲得的參與獎<hex:022206E804FF022C03>金碟幣！","","","","","","","","","",""
443,1,0,False,0,0,0,False,0,0,0,0,0,0,0,0,0,0,"非常遺憾……您沒有獲得任何獎勵……<hex:02100103>希望您能在下一次大賽中有更加出色的表現！","","","","","","","","","",""
444,2,0,False,0,0,0,False,0,0,0,0,0,0,0,0,0,0,"要領取獎品嗎？","是","否","","","","","","","",""
445,1,0,False,0,0,0,False,0,0,0,0,0,0,0,0,0,0,"感謝您參加本次大賽！<hex:02100103>下次大賽也請您踴躍參加！","","","","","","","","","",""
446,1,7,False,0,0,0,False,0,0,0,0,0,0,0,0,0,0,"您已經成功申請了「萌寵之王」的對戰。<hex:02100103>在比賽開始前，請在陸行鳥廣場內稍等片刻。","","","","","","","","","",""
447,1,0,True,448,0,0,False,0,0,0,0,0,0,0,0,0,0,"在大賽結束之後，<hex:02100103>會根據參賽者所獲得的積分來決定最終排名。","","","","","","","","","",""
448,1,0,True,449,0,0,False,0,0,0,0,0,0,0,0,0,0,"排名越高，能夠獲得的金碟幣獎勵就越多。<hex:02100103>所以請您務必努力衝擊上位名次！<hex:02100103>大賽排名可以在排行榜上查看。","","","","","","","","","",""
449,1,0,True,450,0,0,False,0,0,0,0,0,0,0,0,0,0,"另外，獎品的領取時間是<hex:02100103>從本次大賽結束至下一次大賽開始為止，<hex:02100103>請注意不要錯過。","","","","","","","","","",""
450,1,0,True,478,0,0,False,0,0,0,0,0,0,0,0,0,0,"在大賽中，會使用專用的「大賽規則」，<hex:02100103>建議您在參賽前仔細確認清楚。<hex:02100103>想要參加大賽或者確認規則的話，只要來我這裡就可以了！","","","","","","","","","",""
451,1,7,False,422,0,0,False,0,0,0,0,0,0,0,0,0,0,"您正處於防沉迷狀態，目前無法領取大賽獎品。","","","","","","","","","",""
452,2,0,False,0,0,0,False,0,0,0,0,0,0,0,0,0,0,"確定要取消參賽申請嗎？","是","否","","","","","","","",""
453,0,0,False,0,0,0,False,0,0,0,0,0,0,0,0,0,0,"","","","","","","","","","",""
454,1,7,False,422,2,0,False,0,0,0,0,0,0,0,0,0,0,"下次大賽的開賽時間為，<hex:02100103><hex:020703E80303><hex:022002DF03>年<hex:022002DE03>月<hex:022002DC03>日（星期<hex:020925DDFF04>日<hex:FF04>一<hex:FF04>二<hex:FF04>三<hex:FF04>四<hex:FF04>五<hex:FF04>六<hex:03>） <hex:020821DBFF1D><hex:020919DB02030405060708090A0B0C0D0E0F10111213141516171803><hex:0103>點（地球時間）至<hex:02100103><hex:020703E80403><hex:022002DF03>年<hex:022002DE03>月<hex:022002DC03>日（星期<hex:020925DDFF04>日<hex:FF04>一<hex:FF04>二<hex:FF04>三<hex:FF04>四<hex:FF04>五<hex:FF04>六<hex:03>） <hex:020821DBFF1D><hex:020919DB02030405060708090A0B0C0D0E0F10111213141516171803><hex:0103>點（地球時間）。","","","","","","","","","",""
455,1,0,True,456,2,0,False,0,0,0,0,0,0,0,0,0,0,"在大賽中，將以排位戰的形式進行大賽對戰，<hex:02100103>進行對戰的冒險者們將會互相爭奪「積分」。","","","","","","","","","",""
456,1,0,True,457,2,0,False,0,0,0,0,0,0,0,0,0,0,"成功參加大賽之後，<hex:02100103>從「萌寵之王」對戰台處選擇「大賽對戰」，<hex:02100103>並在對戰中獲勝的話，就可以獲得積分。","","","","","","","","","",""
457,1,0,True,458,2,764,False,0,0,0,0,0,0,0,0,0,0,"大賽對戰的可進行次數會根據每次大賽的不同而有所變化。<hex:02100103>所戰勝的對手的績點越高，獲得的積分也就越多！","","","","","","","","","",""
458,1,0,True,459,2,0,False,0,0,0,0,0,0,0,0,0,0,"在大賽結束之後，<hex:02100103>會根據參賽者所獲得的積分來決定最終排名。","","","","","","","","","",""
459,1,0,True,460,2,0,False,0,0,0,0,0,0,0,0,0,0,"排名越高，能夠獲得的金碟幣獎勵就越多。<hex:02100103>所以請您務必努力衝擊上位名次！<hex:02100103>大賽排名可以在排行榜上查看。","","","","","","","","","",""
460,1,0,True,461,2,0,False,0,0,0,0,0,0,0,0,0,0,"另外，獎品的領取時間是<hex:02100103>從本次大賽結束至下一次大賽開始為止，<hex:02100103>請注意不要錯過。","","","","","","","","","",""
461,1,0,True,477,2,0,False,0,0,0,0,0,0,0,0,0,0,"在大賽中，會使用專用的「大賽規則」，<hex:02100103>建議您在參賽前仔細確認清楚。<hex:02100103>想要參加大賽或者確認規則的話，只要來我這裡就可以了！","","","","","","","","","",""
462,1,7,False,427,2,0,False,0,0,0,0,0,0,0,0,0,0,"大賽的結束時間，<hex:02100103>是<hex:020703E80403><hex:022002DF03>年<hex:022002DE03>月<hex:022002DC03>日（星期<hex:020925DDFF04>日<hex:FF04>一<hex:FF04>二<hex:FF04>三<hex:FF04>四<hex:FF04>五<hex:FF04>六<hex:03>） <hex:020821DBFF1D><hex:020919DB02030405060708090A0B0C0D0E0F10111213141516171803><hex:0103>點（地球時間）。<hex:02100103>可以進行大賽對戰的時間則是截止到大賽結束前15分鐘，敬請注意。","","","","","","","","","",""
463,13,0,False,414,0,0,False,0,0,0,0,0,0,0,0,0,0,"現在沒有正在進行中的大賽。<hex:02100103>請通過「大賽資訊」確認下一次大賽的開賽時間。","確定","","","","","","","","",""
464,13,0,False,414,0,0,False,0,0,0,0,0,0,0,0,0,0,"當前還沒有申請參加大賽。<hex:02100103>可在「大賽接待員」處進行大賽的參賽申請。","確定","","","","","","","","",""
465,13,0,False,414,0,0,False,0,0,0,0,0,0,0,0,0,0,"大賽對戰的對戰次數已經達到上限。","確定","","","","","","","","",""
466,0,0,False,0,0,0,False,0,0,0,0,0,0,0,0,0,0,"","","","","","","","","","",""
467,1,0,True,431,2,0,False,0,0,0,0,0,0,0,0,0,0,"參加條件限定為已經非常了解遊戲玩法的人才能參加。<hex:02100103>具體地說，就是只有完成了「關卡挑戰」第二關的人，<hex:02100103>才有權參加大賽。","","","","","","","","","",""
468,1,0,True,455,2,0,False,0,0,0,0,0,0,0,0,0,0,"參加條件限定為已經非常了解遊戲玩法的人才能參加。<hex:02100103>具體地說，就是只有完成了「關卡挑戰」第二關的人，<hex:02100103>才有權參加大賽。","","","","","","","","","",""
469,1,0,False,428,2,0,False,0,0,0,0,0,0,0,0,0,0,"您想要申請參加大賽是嗎！<hex:02100103>這次大賽啟用的規則是<hex:02100103>「<hex:022811FF0C>MinionRules<hex:E8030103>」。","","","","","","","","","",""
470,1,0,False,0,2,0,False,0,0,0,0,0,0,0,0,0,0,"……非常抱歉，由於大賽已經接近尾聲，<hex:02100103>大賽報名已經截止了。<hex:02100103>在下次大賽開始前，請您耐心等待。","","","","","","","","","",""
471,1,7,False,472,0,0,False,0,0,0,0,0,0,0,0,0,0,"在「萌寵之王」遊戲中，<hex:02100103>需要使用叫做寵物熱鍵欄的專用熱鍵欄來召喚寵物。","","","","","","","","","",""
472,1,7,False,473,0,0,False,0,0,0,0,0,0,0,0,0,0,"在進入遊戲前，<hex:02100103>將想要召喚的寵物事先編輯在寵物熱鍵欄中，<hex:02100103>就可以在對戰時進行召喚。","","","","","","","","","",""
473,1,7,False,474,0,0,False,0,0,0,0,0,0,0,0,0,0,"打開快捷指令的「金碟遊樂場」項目下的「萌寵之王」一欄，<hex:02100103>就可以隨時對「寵物熱鍵欄」一項進行編輯了。","","","","","","","","","",""
474,1,7,False,411,0,0,False,0,0,0,0,0,0,0,0,0,0,"那麼在開始「萌寵之王」的對戰之前，<hex:02100103>就先來試著編輯一下「寵物熱鍵欄」吧。","","","","","","","","","",""
475,3,0,False,0,0,0,False,0,0,0,0,0,0,0,0,0,0,"挑戰該項目需要<hex:022206E802FF022C03>金碟幣。<hex:02100103>","","","","","","","","","",""
476,3,0,False,0,0,0,False,0,0,0,0,0,0,0,0,0,0,"挑戰該項目需要<hex:022206E802FF022C03>金碟幣。<hex:02100103>","","","","","","","","","",""
477,1,7,False,422,2,0,False,0,0,0,0,0,0,0,0,0,0,"如果在最終統計中出現了複數參賽者積分相同的情況，<hex:02100103>則按參賽者的名字出現在排行榜上的先後順序來決定排名。<hex:02100103>名字出現得越早，排名就越靠前。","","","","","","","","","",""
478,1,7,False,427,0,0,False,0,0,0,0,0,0,0,0,0,0,"如果在最終統計中出現了複數參賽者積分相同的情況，<hex:02100103>則按參賽者的名字出現在排行榜上的先後順序來決定排名。<hex:02100103>名字出現得越早，排名就越靠前。","","","","","","","","","",""
479,0,0,False,0,0,0,False,0,0,0,0,0,0,0,0,0,0,"","","","","","","","","","",""
480,16,0,False,0,0,0,False,0,0,0,0,0,0,0,0,0,0,"競速挑戰","取消","","","","","","","","",""
481,1,7,True,482,2,0,False,0,0,0,0,0,0,0,0,0,0,"「蜘蛛絲」<hex:02100103>使跑在自己後面的競賽陸行鳥陷入不可使用道具的狀態。","","","","","","","","","",""
482,1,7,True,304,2,0,False,0,0,0,0,0,0,0,0,0,0,"「體力互換」<hex:02100103>從跑在自己前面的競賽陸行鳥中隨機選擇一隻，<hex:02100103>與自己的競賽陸行鳥互換現有的體力。","","","","","","","","","",""
483,1,0,False,485,2,0,False,0,0,0,0,0,0,0,0,0,0,"你的競賽陸行鳥培養得很不錯啊。<hex:02100103>應該可以參加「競速挑戰」了，要不要試試？","","","","","","","","","",""
484,1,7,False,125,2,0,False,0,0,0,0,0,0,0,0,0,0,"組隊狀態下無法開始競速挑戰。","","","","","","","","","",""
485,1,0,False,486,2,0,False,0,0,0,0,0,0,0,0,0,0,"所謂「競速挑戰」，<hex:02100103>指的是一種和一群特殊的競賽陸行鳥爭奪名次的競賽。<hex:02100103>競速挑戰的特別之處就在於其目標並不是奪取第一名。","","","","","","","","","",""
486,1,0,False,492,2,0,False,0,0,0,0,0,0,0,0,0,0,"第一次取得競速挑戰的勝利時，<hex:02100103>會得到大量金碟幣作為特別報酬。<hex:02100103>請務必試著挑戰一下！","","","","","","","","","",""
487,1,7,False,480,2,0,False,0,0,0,0,0,0,0,0,0,0,"現在無法選擇，競賽陸行鳥羽力不足。","","","","","","","","","",""
488,1,0,False,0,0,0,False,0,0,0,0,0,0,0,0,0,0,"你已經成功申請了「<hex:022818FF13>GoldSaucerTextData<hex:E8020103>：<hex:02281AFF15>ChocoboRaceChallenge<hex:E8040103>」的比賽！<hex:02100103>在比賽開始前，請在陸行鳥廣場內稍等片刻！","","","","","","","","","",""
489,1,0,False,105,2,764,False,0,0,0,0,0,0,0,0,0,0,"第<hex:022003E80203>期仙人仙彩正在舉辦中！<hex:02100103>您還可以再購買<hex:022003E80303>次！","","","","","","","","","",""
490,2,0,False,0,2,764,False,0,0,0,0,0,0,0,0,0,0,"要不要再買一次？<hex:02100103>價格是<hex:022003E80403>金碟幣。","是","否","","","","","","","",""
491,2,0,False,0,2,764,True,0,0,0,0,0,0,0,0,0,0,"要繼續進行交換嗎？","是","否","","","","","","","",""
492,1,7,False,0,2,0,False,0,0,0,0,0,0,0,0,0,0,"和參賽登記員對話可以申請參加競速挑戰。","","","","","","","","","",""
493,1,0,False,494,2,0,False,0,0,0,0,0,0,0,0,0,0,"跑起來，跳起來，向著終點前進！<hex:02100103>來參加專門開設的跳躍比賽吧！<hex:02100103>如果能在限制時間內抵達終點，您將贏得金碟幣獎勵！","","","","","","","","","",""
494,1,0,False,497,2,0,False,0,0,0,0,0,0,0,0,0,0,"如果在賽道上收集到仙人刺獎盃的話，<hex:02100103>還可以額外得到更多的金碟幣！<hex:02100103>要來試試嗎？","","","","","","","","","",""
495,2,0,False,0,2,0,False,0,0,0,0,0,0,0,0,0,0,"要前往賽道嗎？","是","否","","","","","","","",""
496,1,0,False,0,0,0,False,0,0,0,0,0,0,0,0,0,0,"歡迎回來，辛苦您了！<hex:02100103>期待您的下次挑戰！","","","","","","","","","",""
497,1,7,False,495,2,0,False,0,0,0,0,0,0,0,0,0,0,"組隊挑戰時需要全體隊員保持尚未挑戰的狀態，<hex:02100103>並位於金碟遊樂場內。","","","","","","","","","",""
498,1,0,False,499,2,0,False,0,0,0,0,0,0,0,0,0,0,"騎乘、瞄準、射擊！<hex:02100103>破壞仙人刺的靶子，<hex:02100103>就能根據贏得的分數等級獲得相應的金碟幣！","","","","","","","","","",""
499,1,0,False,502,2,0,False,0,0,0,0,0,0,0,0,0,0,"但如果擊中了爆彈怪，<hex:02100103>就會被減分哦！<hex:02100103>要來試試嗎？","","","","","","","","","",""
500,2,0,False,0,2,0,False,0,0,0,0,0,0,0,0,0,0,"要前往特設區域嗎？","是","否","","","","","","","",""
501,1,0,False,0,0,0,False,0,0,0,0,0,0,0,0,0,0,"歡迎回來，辛苦您了！<hex:02100103>期待您的下次挑戰！","","","","","","","","","",""
502,1,7,False,500,2,0,False,0,0,0,0,0,0,0,0,0,0,"僅在未組隊時方可參加此遊戲。","","","","","","","","","",""
503,1,0,False,504,2,764,False,0,0,0,0,0,0,0,0,0,0,"傳聞中的劍豪保鏢老師自東方遠道而來！<hex:02100103>你能夠躲開他的神速斬擊嗎？","","","","","","","","","",""
504,1,0,False,505,2,764,False,0,0,0,0,0,0,0,0,0,0,"躲避，拾取，拼運氣！<hex:02100103>在舞台上站得越久得到的獎勵就越多！<hex:02100103>快來挑戰一下吧！","","","","","","","","","",""
505,2,0,False,0,2,0,False,0,0,0,0,0,0,0,0,0,0,"要進行挑戰嗎？","是","否","","","","","","","",""
506,1,0,False,507,2,0,False,0,0,0,0,0,0,0,0,0,0,"哇哦，保鏢老師還沒出場就已經把你嚇得從台上掉下來了嗎？<hex:02100103>要是你還打算挑戰的話我可以把你送回台上去！","","","","","","","","","",""
507,2,0,False,0,2,0,False,0,0,0,0,0,0,0,0,0,0,"要前往舞台嗎？","是","否","","","","","","","",""
508,1,0,False,0,2,0,False,0,0,0,0,0,0,0,0,0,0,"你只是來觀看保鏢老師表演的呀。<hex:02100103>沒問題沒問題，從台下也能看到魄力十足的場面。<hex:02100103>不過還是推薦你下次上台觀看效果更佳！","","","","","","","","","",""
509,1,0,False,0,0,764,False,0,0,0,0,0,0,0,0,0,0,"哈哈，保鏢老師就是這麼厲害，<hex:02100103>厲害的冒險者也無法將他的神速斬擊看穿。<hex:02100103>請下次繼續來挑戰吧！","","","","","","","","","",""
510,0,0,False,0,0,0,False,0,0,0,0,0,0,0,0,0,0,"","","","","","","","","","",""
