key,0,1,2,3,4,5,6,7,8,9,10,11,12,13,14,15,16,17,18,19,20,21,22,23,24,25,26,27,28,29,30,31,32,33,34,35,36,37,38,39,40,41,42,43,44,45
#,Singular,Adjective,Plural,PossessivePronoun,StartsWithVowel,,Pronoun,Article,ModelChara,,FlyingCondition,,,,IsFlying,,MountCustomize,RideBGM,,,,ExitMoveDist,ExitMoveSpeed,,IsEmote,EquipHead,EquipBody,EquipLeg,EquipFoot,Order,Icon,UIPriority,RadiusRate,BaseMotionSpeed_Run,BaseMotionSpeed_Walk,,ExtraSeats,MountAction,IsAirborne,ExHotbarEnableConfig,UseEP,,IsImmobile,,,
offset,0,8,4,9,10,11,12,13,28,48,58,59,60,61,62,63,64,50,16,20,24,65,66,75,75,32,36,40,44,56,52,67,68,69,70,71,72,54,75,75,75,75,75,73,74,75
int32,str,sbyte,str,sbyte,sbyte,sbyte,sbyte,sbyte,ModelChara,uint16,MountFlyingCondition,byte,byte,byte,byte,byte,MountCustomize,BGM,str,str,str,byte,byte,bit&01,bit&02,int32,int32,int32,int32,int16,Image,byte,byte,byte,byte,byte,byte,MountAction,bit&04,bit&08,bit&10,bit&20,bit&40,byte,byte,bit&80
0,"",0,"",0,0,1,0,0,0,0,0,45,15,15,0,0,0,0,"","","",10,10,False,True,0,0,0,0,-1,0,0,100,0,0,100,0,0,False,False,False,False,False,0,0,False
1,"專屬陸行鳥",0,"",0,0,1,0,0,1,2,2,45,15,15,1,0,1,62,"SE_Bt_Etc_ChocoboWhistle","SE_Bt_Etc_ChocoboWhistle_only","SE_Bt_Etc_ChocoboBye",20,20,False,True,65536,65536,65537,0,0,4001,1,100,0,0,55,0,0,False,False,False,False,False,0,0,False
2,"",0,"",0,0,1,0,0,1,3,0,45,15,15,0,0,1,61,"","","SE_Bt_Etc_ChocoboBye",20,20,False,True,65537,65537,65537,65537,-1,0,0,100,0,0,55,0,0,False,False,False,False,False,0,0,False
3,"",0,"",0,0,1,0,0,1,3,0,45,15,15,0,0,1,61,"","","SE_Bt_Etc_ChocoboBye",2,9,False,True,65552,65552,65537,0,-1,0,0,100,0,0,55,0,0,False,False,False,False,False,0,0,False
4,"古菩猩猩",0,"",0,0,1,0,0,200,4,1,45,15,15,1,2,0,121,"SE_Bt_Etc_GuuBooWhistle","SE_Bt_Etc_GuuBooWhistle_only","SE_Bt_Etc_GuuBooBye",15,9,False,True,0,0,0,0,1,4003,6,100,0,0,60,0,1,False,True,False,False,False,0,0,False
5,"遺產陸行鳥",0,"",0,0,1,0,0,1,2,1,45,15,15,1,0,1,62,"SE_Bt_Etc_ChocoboWhistle","SE_Bt_Etc_ChocoboWhistle_only","SE_Bt_Etc_ChocoboBye",20,20,False,True,65545,65545,65545,65545,2,4002,1,100,0,0,55,0,0,False,False,False,False,False,0,0,False
6,"魔導裝甲",0,"",0,0,1,0,0,2,2,1,45,0,15,1,2,0,262,"SE_Bt_Etc_MadoWhistle","SE_Bt_Etc_MadoWhistle_only","SE_Bt_Etc_MadoBye",0,10,False,True,0,131073,0,0,3,4006,4,77,0,0,70,0,2,False,True,False,False,False,0,0,False
7,"",0,"",0,0,1,0,0,311,5,0,45,15,15,0,0,2,121,"","","",0,0,False,True,0,0,0,0,-1,0,0,100,0,0,100,0,0,False,False,False,False,False,0,0,False
8,"長鬚豹",0,"",0,0,1,0,0,2047,2,1,45,70,70,1,2,3,121,"SE_Bt_Etc_CuahrWhistle","SE_Bt_Etc_ChocoboWhistle_only","SE_Bt_Etc_CuahrBye",20,10,False,True,0,0,0,0,4,4005,7,60,0,0,60,0,0,False,False,False,False,False,0,0,False
9,"冥鬼之眼",0,"",0,0,1,0,0,167,2,1,45,15,70,1,2,4,121,"SE_Bt_Etc_AhrimanWhistle","SE_Bt_Etc_ChocoboWhistle_only","SE_Bt_Etc_AhrimanBye",20,10,False,True,0,0,0,0,5,4004,8,100,0,0,50,0,0,True,False,False,False,False,0,0,False
10,"",0,"",0,0,1,0,0,1,3,0,45,15,15,0,0,1,121,"","","SE_Bt_Etc_ChocoboBye",20,20,False,True,65536,65536,65537,0,-1,0,0,100,0,0,55,0,0,False,False,False,False,False,0,0,False
11,"",0,"",0,0,1,0,0,1,3,0,45,15,15,0,0,1,121,"","","SE_Bt_Etc_ChocoboBye",20,20,False,True,65538,65541,65537,65538,-1,0,0,100,0,0,55,0,0,False,False,False,False,False,0,0,False
12,"",0,"",0,0,1,0,0,1,3,0,45,15,15,0,0,1,121,"","","SE_Bt_Etc_ChocoboBye",20,20,False,True,65538,131077,65537,65538,-1,0,0,100,0,0,55,0,0,False,False,False,False,False,0,0,False
13,"",0,"",0,0,1,0,0,1,3,0,45,15,15,0,0,1,121,"","","SE_Bt_Etc_ChocoboBye",20,20,False,True,65538,196613,65537,65538,-1,0,0,100,0,0,55,0,0,False,False,False,False,False,0,0,False
14,"",0,"",0,0,1,0,0,2,2,0,45,0,15,0,0,0,121,"SE_Bt_Etc_MadoWhistle","SE_Bt_Etc_MadoWhistle_only","SE_Bt_Etc_MadoBye",0,10,False,True,0,65537,0,0,-1,0,0,77,0,0,70,0,0,False,False,False,False,False,0,0,False
15,"獨角獸",0,"",0,0,1,0,0,2553,2,1,45,70,70,1,2,5,121,"SE_Bt_Etc_UnicornWhistle","SE_Bt_Etc_ChocoboWhistle_only","SE_Bt_Etc_UnicornBye",20,10,False,True,0,0,0,0,6,4007,200,65,0,0,70,0,0,False,False,False,False,False,0,0,False
16,"",0,"",0,0,1,0,0,2,2,0,45,0,15,0,0,0,121,"SE_Bt_Etc_MadoWhistle","SE_Bt_Etc_MadoWhistle_only","SE_Bt_Etc_MadoBye",0,10,False,True,0,196609,0,0,-1,0,0,77,0,0,70,0,0,False,False,False,False,False,0,0,False
17,"",0,"",0,0,1,0,0,2,2,0,45,0,15,0,0,0,121,"SE_Bt_Etc_MadoWhistle","SE_Bt_Etc_MadoWhistle_only","SE_Bt_Etc_MadoBye",0,10,False,True,0,131073,0,0,-1,0,0,77,0,0,70,0,3,False,False,False,False,False,0,0,False
18,"貝希摩斯",0,"",0,0,1,0,0,588,2,1,45,85,85,1,2,6,121,"SE_Bt_Etc_BehemothWhistle","SE_Bt_Etc_GuuBooWhistle_only","SE_Bt_Etc_BehemothBye",20,10,False,True,0,0,0,0,7,4008,9,55,0,0,70,0,0,False,False,False,False,False,0,0,False
19,"兵隊火蛟",0,"",0,0,1,0,0,592,2,1,45,85,85,1,2,7,121,"SE_Bt_Etc_TokageWhistle","SE_Bt_Etc_GuuBooWhistle_only","SE_Bt_Etc_TokageBye",20,10,False,True,0,0,0,0,8,4009,10,100,0,0,70,0,4,False,True,False,False,False,0,0,False
20,"月桂冠古菩猩猩",0,"",0,0,1,0,0,593,4,1,45,15,15,1,2,0,121,"SE_Bt_Etc_GuuBooWhistle","SE_Bt_Etc_GuuBooWhistle_only","SE_Bt_Etc_GuuBooBye",15,9,False,True,0,0,0,0,9,4010,6,100,0,0,60,0,5,False,True,False,False,False,0,0,False
21,"魔導裝甲丙型",0,"",0,0,1,0,0,2,2,1,45,0,15,1,2,0,262,"SE_Bt_Etc_MadoWhistle","SE_Bt_Etc_MadoWhistle_only","SE_Bt_Etc_MadoBye",0,10,False,True,0,262145,0,0,10,4011,4,77,0,0,70,0,2,False,True,False,False,False,0,0,False
22,"夢魘",0,"",0,0,1,0,0,594,2,1,45,70,70,1,2,5,121,"SE_Bt_Etc_UnicornWhistle","SE_Bt_Etc_ChocoboWhistle_only","SE_Bt_Etc_UnicornBye",20,10,False,True,0,0,0,0,11,4012,200,65,0,0,70,0,0,False,False,False,False,False,0,0,False
23,"",0,"",0,0,1,0,0,592,2,0,45,15,15,0,0,7,121,"SE_Bt_Etc_TokageWhistle","SE_Bt_Etc_GuuBooWhistle_only","SE_Bt_Etc_TokageBye",20,10,False,True,0,0,0,0,-1,0,0,100,0,0,100,0,6,False,False,False,False,False,0,0,False
24,"",0,"",0,0,1,0,0,593,4,0,45,15,15,1,2,0,121,"SE_Bt_Etc_GuuBooWhistle","SE_Bt_Etc_GuuBooWhistle_only","SE_Bt_Etc_GuuBooBye",15,9,False,True,0,0,0,0,-1,0,0,100,0,0,100,0,7,False,False,False,False,False,0,0,False
25,"胖陸行鳥",0,"",0,0,1,0,0,643,2,1,45,0,15,1,0,0,193,"SE_Bt_Etc_DebuCyokoboWhistle","SE_Bt_Etc_ChocoboWhistle_only","SE_Bt_Etc_DebuCyokoboBye",20,10,True,False,0,0,0,0,12,4013,2,100,0,0,70,0,0,False,False,False,False,False,0,0,False
26,"兵隊水龍蜥",0,"",0,0,1,0,0,689,2,1,45,85,85,1,2,7,121,"SE_Bt_Etc_WaterRizardWhistle","SE_Bt_Etc_GuuBooWhistle_only","SE_Bt_Etc_WaterRizardBye",20,10,False,True,0,0,0,0,13,4014,11,100,0,0,70,0,0,False,False,False,False,False,0,0,False
27,"爆彈吊椅",0,"",0,0,1,0,0,644,2,1,45,15,15,1,2,0,121,"SE_Bt_Etc_BomKikyuuWhistle","SE_Bt_Etc_GuuBooWhistle_only","SE_Bt_Etc_BomKikyuuBye",20,10,False,True,0,0,0,0,14,4015,12,100,0,0,70,0,0,True,False,False,False,False,0,0,False
28,"火妖馬埃馱恩",0,"",0,0,1,0,0,713,2,1,45,70,70,1,2,5,269,"SE_Bt_Etc_UnicornWhistle","SE_Bt_Etc_GuuBooWhistle_only","SE_Bt_Etc_UnicornBye",20,10,False,True,0,0,0,0,15,4016,200,65,0,0,70,0,0,False,False,False,False,False,0,0,False
29,"風妖馬刻桑圖司",0,"",0,0,1,0,0,714,2,1,45,70,70,1,2,5,268,"SE_Bt_Etc_UnicornWhistle","SE_Bt_Etc_GuuBooWhistle_only","SE_Bt_Etc_UnicornBye",20,10,False,True,0,0,0,0,16,4017,200,65,0,0,70,0,0,False,False,False,False,False,0,0,False
30,"土妖馬古爾法克西",0,"",0,0,1,0,0,715,2,1,45,70,70,1,2,5,267,"SE_Bt_Etc_UnicornWhistle","SE_Bt_Etc_GuuBooWhistle_only","SE_Bt_Etc_UnicornBye",20,10,False,True,0,0,0,0,17,4018,200,65,0,0,70,0,0,False,False,False,False,False,0,0,False
31,"水妖馬艾恩巴爾",0,"",0,0,1,0,0,716,2,1,45,70,70,1,2,5,266,"SE_Bt_Etc_UnicornWhistle","SE_Bt_Etc_GuuBooWhistle_only","SE_Bt_Etc_UnicornBye",20,10,False,True,0,0,0,0,18,4019,200,65,0,0,70,0,0,False,False,False,False,False,0,0,False
32,"戰獅",0,"",0,0,1,0,0,721,2,1,45,70,50,1,2,8,121,"SE_Bt_Etc_LionWhistle","SE_Bt_Etc_GuuBooWhistle_only","SE_Bt_Etc_LionBye",20,10,False,True,0,0,0,0,19,4020,13,150,13,4,70,0,0,False,False,False,False,False,0,0,False
33,"戰熊",0,"",0,0,1,0,0,719,2,1,45,15,70,1,2,9,121,"SE_Bt_Etc_KumaWhistle","SE_Bt_Etc_GuuBooWhistle_only","SE_Bt_Etc_KumaBye",20,10,False,True,0,0,0,0,20,4021,14,65,12,3,70,0,0,False,False,False,False,False,0,0,False
34,"大陸行鳥",0,"",0,0,1,0,0,1,2,1,45,15,15,1,0,10,62,"SE_Bt_Etc_ChocoboWhistle","SE_Bt_Etc_ChocoboWhistle_only","SE_Bt_Etc_ChocoboBye",20,20,False,True,65563,65563,65563,65563,21,4022,1,100,0,0,55,1,0,False,False,False,False,False,0,0,False
35,"恐狼",0,"",0,0,1,0,0,675,2,1,45,70,70,1,2,11,121,"SE_Bt_Etc_WolfWhistle","SE_Bt_Etc_GuuBooWhistle_only","SE_Bt_Etc_WolfBye",20,10,False,True,0,0,0,0,22,4023,15,100,0,0,55,0,0,False,False,False,False,False,0,0,False
36,"黑渦戰馬",0,"",0,0,1,0,0,811,2,1,45,70,70,1,2,12,121,"SE_Bt_Etc_UnicornWhistle","SE_Bt_Etc_GuuBooWhistle_only","SE_Bt_Etc_UnicornBye",20,10,False,True,65537,65537,65537,0,23,4024,201,100,0,0,55,0,0,False,False,False,False,False,0,0,False
37,"雙蛇戰馬",0,"",0,0,1,0,0,811,2,1,45,70,70,1,2,12,121,"SE_Bt_Etc_UnicornWhistle","SE_Bt_Etc_GuuBooWhistle_only","SE_Bt_Etc_UnicornBye",20,10,False,True,131073,131073,131073,0,24,4025,201,100,0,0,55,0,0,False,False,False,False,False,0,0,False
38,"恆輝戰馬",0,"",0,0,1,0,0,811,2,1,45,70,70,1,2,12,121,"SE_Bt_Etc_UnicornWhistle","SE_Bt_Etc_GuuBooWhistle_only","SE_Bt_Etc_UnicornBye",20,10,False,True,196609,196609,196609,0,25,4026,201,100,0,0,55,0,0,False,False,False,False,False,0,0,False
39,"",0,"",0,0,1,0,0,820,2,0,45,15,15,0,0,7,121,"SE_Bt_Etc_WaterRizardWhistle","SE_Bt_Etc_GuuBooWhistle_only","SE_Bt_Etc_WaterRizardBye",20,10,False,True,0,0,0,0,-1,4014,0,100,0,0,100,0,8,False,False,False,False,False,0,0,False
40,"雷妖馬瑪卡布",0,"",0,0,1,0,0,817,2,1,45,70,70,1,2,5,265,"SE_Bt_Etc_UnicornWhistle","SE_Bt_Etc_GuuBooWhistle_only","SE_Bt_Etc_UnicornBye",20,10,False,True,0,0,0,0,26,4027,200,65,0,0,70,0,0,False,False,False,False,False,0,0,False
41,"典禮陸行鳥",0,"",0,0,1,0,0,571,2,1,45,15,15,1,0,13,62,"SE_Bt_Etc_ChocoboWhistle","SE_Bt_Etc_ChocoboWhistle_only","SE_Bt_Etc_ChocoboBye",20,20,False,True,65537,65537,65537,65537,27,4031,1,100,0,0,55,1,0,False,False,False,False,False,0,0,False
42,"斯萊普尼爾",0,"",0,0,1,0,0,866,5,1,45,70,85,1,2,14,263,"SE_Bt_Etc_SleipnilWhistle","SE_Bt_Etc_GuuBooWhistle_only","SE_Bt_Etc_SleipnilBye",20,10,False,True,0,0,0,0,28,4028,202,100,0,0,55,0,0,False,False,False,False,False,0,0,False
43,"冰妖馬玻瑞阿斯",0,"",0,0,1,0,0,818,2,1,45,70,70,1,2,5,264,"SE_Bt_Etc_UnicornWhistle","SE_Bt_Etc_GuuBooWhistle_only","SE_Bt_Etc_UnicornBye",20,10,False,True,0,0,0,0,29,4029,200,65,0,0,70,0,0,False,False,False,False,False,0,0,False
44,"遊行陸行鳥",0,"",0,0,1,0,0,965,2,1,45,0,15,1,0,0,193,"SE_Bt_Etc_DebuCyokoboWhistle","SE_Bt_Etc_ChocoboWhistle_only","SE_Bt_Etc_DebuCyokoboBye",20,10,True,False,0,0,0,0,30,4030,2,100,0,0,70,0,0,False,False,False,False,False,0,0,False
45,"黑陸行鳥",0,"",0,0,1,0,0,966,2,1,45,15,15,1,0,1,62,"SE_Bt_Etc_ChocoboWhistle","SE_Bt_Etc_ChocoboWhistle_only","SE_Bt_Etc_ChocoboBye",20,20,False,True,65552,65552,131073,65537,40,4036,1,100,0,0,55,0,0,False,False,False,False,False,0,0,False
46,"精金龜",0,"",0,0,1,0,0,987,2,1,45,15,15,1,0,15,121,"SE_Bt_Etc_AdamanWhistle","SE_Bt_Etc_GuuBooWhistle_only","SE_Bt_Etc_AdamanBye",5,3,False,True,0,0,0,0,31,4034,16,65,0,0,70,0,0,False,False,False,False,False,0,0,False
47,"麒麟",0,"",0,0,1,0,0,958,2,1,45,15,80,1,0,5,358,"SE_Bt_Etc_KirinWhistle","SE_Bt_Etc_GuuBooWhistle_only","SE_Bt_Etc_KirinBye",20,10,False,True,0,0,0,0,32,4032,200,65,0,0,70,0,0,False,False,False,False,False,0,0,False
48,"騎乘系統",0,"",0,0,1,0,0,1029,2,1,45,15,15,1,0,16,121,"SE_Bt_Etc_DaragabWhistle","SE_Bt_Etc_MadoWhistle_only","SE_Bt_Etc_DaragabBye",0,10,False,True,0,0,0,0,33,4033,100,100,12,4,100,0,9,True,True,False,False,False,0,0,False
49,"芬里爾",0,"",0,0,1,0,0,1026,2,1,45,15,70,1,2,17,121,"SE_Bt_Etc_FenrirWhistle","SE_Bt_Etc_GuuBooWhistle_only","SE_Bt_Etc_FenrirBye",20,10,False,True,0,0,0,0,34,4035,16,65,0,6,70,0,0,False,False,False,False,False,0,0,False
50,"塵世幻龍",0,"",0,0,1,0,0,926,2,1,45,15,50,1,2,0,319,"SE_Bt_Etc_DragoneWhistle","SE_Bt_Etc_GuuBooWhistle_only","SE_Bt_Etc_DragoneBye",20,10,False,True,0,0,0,0,35,4037,240,40,0,0,75,0,0,False,False,False,False,False,0,0,False
51,"",0,"",0,0,1,0,0,311,5,0,45,15,15,0,0,18,0,"","","",0,0,False,True,0,0,0,0,-1,0,0,100,0,0,100,0,0,False,False,False,False,False,0,0,False
52,"紅大陸行鳥",0,"",0,0,1,0,0,1,2,1,45,15,15,1,0,10,62,"SE_Bt_Etc_ChocoboWhistle","SE_Bt_Etc_ChocoboWhistle_only","SE_Bt_Etc_ChocoboBye",20,20,False,True,131099,131099,131099,131099,41,4044,1,100,0,0,55,1,0,False,False,False,False,False,0,0,False
53,"騰雲蛇",0,"",0,0,1,0,0,1161,2,1,45,15,50,1,2,19,319,"SE_Bt_Etc_CeronWhistle","SE_Bt_Etc_GuuBooWhistle_only","SE_Bt_Etc_CeronBye",20,20,False,True,0,0,0,0,36,4038,19,90,9,3,60,0,0,True,False,False,False,False,0,0,False
54,"獅鷲",0,"",0,0,1,0,0,992,2,1,45,70,60,1,2,20,319,"SE_Bt_Etc_GrifinWhistle","SE_Bt_Etc_GuuBooWhistle_only","SE_Bt_Etc_GrifinBye",20,20,False,True,0,0,0,0,37,4039,17,60,9,3,60,0,0,False,False,False,False,False,0,0,False
55,"破魔艇",0,"",0,0,1,0,0,929,2,1,45,15,15,1,2,0,319,"SE_Bt_Etc_HitorinoriWhistle","SE_Bt_Etc_MadoWhistle_only","SE_Bt_Etc_HitorinoriBye",0,10,False,True,0,0,0,0,38,4040,101,60,0,0,60,0,0,True,False,False,False,False,0,0,False
56,"戰豹",0,"",0,0,1,0,0,2048,2,1,45,70,70,1,2,3,121,"SE_Bt_Etc_CuahrWhistle","SE_Bt_Etc_ChocoboWhistle_only","SE_Bt_Etc_CuahrBye",20,10,False,True,0,0,0,0,39,4041,7,60,0,0,60,0,0,False,False,False,False,False,0,0,False
57,"",0,"",0,0,1,0,0,1,2,0,45,15,15,1,0,1,61,"SE_Bt_Etc_ChocoboWhistle","SE_Bt_Etc_ChocoboWhistle_only","SE_Bt_Etc_ChocoboBye",20,20,False,True,65552,65552,131073,65537,-1,0,0,100,0,0,55,0,0,False,False,False,False,False,0,0,False
58,"哥布林戰車",0,"",0,0,1,0,0,1011,2,1,45,0,70,1,2,21,397,"SE_Bt_Etc_GobrinTunkWhistle","SE_Bt_Etc_MadoWhistle_only","SE_Bt_Etc_GobrinTunkBye",0,10,False,True,0,0,0,0,42,4042,101,50,0,0,50,0,0,False,False,False,False,False,0,0,False
59,"雙塔尼亞",0,"",0,0,1,0,0,1249,2,1,45,15,60,1,2,60,319,"SE_Bt_Etc_TwinTaniaWhistle","SE_Bt_Etc_GuuBooWhistle_only","SE_Bt_Etc_TwinTaniaBye",20,20,False,True,0,0,0,0,43,4043,22,55,9,3,60,0,12,False,True,False,False,False,0,0,False
60,"",0,"",0,0,1,0,0,1011,2,0,45,15,15,0,0,21,397,"SE_Bt_Etc_GobrinTunkWhistle","SE_Bt_Etc_MadoWhistle_only","SE_Bt_Etc_GobrinTunkBye",0,10,False,True,0,0,0,0,-1,0,0,50,0,0,100,0,10,False,False,True,False,False,0,0,False
61,"",0,"",0,0,1,0,0,1011,2,0,45,15,15,0,0,21,397,"SE_Bt_Etc_GobrinTunkWhistle","SE_Bt_Etc_MadoWhistle_only","SE_Bt_Etc_GobrinTunkBye",0,10,False,True,0,0,0,0,-1,0,0,50,0,0,100,0,11,False,False,True,False,False,0,0,False
62,"魔女掃帚",0,"",0,0,1,0,0,1326,2,1,45,15,15,1,2,22,330,"SE_Bt_Etc_HoukiWhistle","SE_Bt_Etc_GuuBooWhistle_only","SE_Bt_Etc_HoukiBye",20,10,False,True,0,0,0,0,44,4045,101,100,0,0,70,0,33,True,True,False,False,False,0,0,False
63,"",0,"",0,0,1,0,0,1326,2,0,45,15,15,0,0,22,330,"SE_Bt_Etc_HoukiWhistle","SE_Bt_Etc_GuuBooWhistle_only","SE_Bt_Etc_HoukiBye",20,10,False,True,0,0,0,0,-1,0,0,100,0,0,100,0,13,True,False,False,False,False,0,0,False
64,"",0,"",0,0,0,0,0,0,0,0,0,0,0,0,0,0,0,"","","",0,0,False,False,0,0,0,0,0,0,0,0,0,0,0,0,0,False,False,False,False,False,0,0,False
65,"",0,"",0,0,0,0,0,0,0,0,0,0,0,0,0,0,0,"","","",0,0,False,False,0,0,0,0,0,0,0,0,0,0,0,0,0,False,False,False,False,False,0,0,False
66,"",0,"",0,0,1,0,0,1161,2,1,45,15,50,1,2,19,319,"SE_Bt_Etc_CeronWhistle","SE_Bt_Etc_GuuBooWhistle_only","SE_Bt_Etc_CeronBye",20,20,False,True,0,0,0,0,-1,0,0,60,9,3,60,0,14,True,False,False,False,False,0,0,False
67,"天馬",0,"",0,0,1,0,0,1065,2,1,45,15,80,1,2,24,319,"SE_Bt_Etc_UnicornWhistle","SE_Bt_Etc_GuuBooWhistle_only","SE_Bt_Etc_UnicornBye",20,10,False,True,0,0,0,0,46,4047,200,65,0,0,60,0,0,False,False,False,False,False,0,0,False
68,"莉維亞專用魔導裝甲",0,"",0,0,1,0,0,2,2,1,45,0,15,1,2,0,331,"SE_Bt_Etc_MadoWhistle","SE_Bt_Etc_MadoWhistle_only","SE_Bt_Etc_MadoBye",0,10,False,True,0,393217,0,0,47,4048,4,77,0,0,70,0,2,False,True,False,False,False,0,0,False
69,"尼祿專用魔導裝甲",0,"",0,0,1,0,0,2,2,1,45,0,15,1,2,0,331,"SE_Bt_Etc_MadoWhistle","SE_Bt_Etc_MadoWhistle_only","SE_Bt_Etc_MadoBye",0,10,False,True,0,327681,0,0,48,4049,4,77,0,0,70,0,2,False,True,False,False,False,0,0,False
70,"雙足飛龍",0,"",0,0,1,0,0,1412,2,1,45,15,50,1,2,25,319,"SE_Bt_Etc_TwinTaniaWhistle","SE_Bt_Etc_GuuBooWhistle_only","SE_Bt_Etc_TwinTaniaBye",20,20,False,True,0,0,0,0,49,4050,23,120,9,3,60,0,0,False,False,False,False,False,0,0,False
71,"SDS芬里爾",0,"",0,0,1,0,0,964,2,1,45,15,15,1,2,65,592,"SE_Bt_Etc_BikeWhistle","SE_Bt_Etc_MadoWhistle_only","SE_Bt_Etc_BikeBye",0,10,False,True,0,0,0,0,127,4135,106,100,0,0,60,0,0,False,False,False,False,False,0,0,False
72,"恐甲螞蜓",0,"",0,0,1,0,0,1411,2,1,45,0,60,1,2,26,319,"SE_Bt_Etc_EnsaWhistle","SE_Bt_Etc_GuuBooWhistle_only","SE_Bt_Etc_EnsaBye",15,9,False,True,0,0,0,0,50,4051,24,65,0,0,60,0,0,True,False,False,False,False,0,0,False
73,"祖",0,"",0,0,1,0,0,1446,2,1,45,15,60,1,2,27,319,"SE_Bt_Etc_ZooWhistle","SE_Bt_Etc_GuuBooWhistle_only","SE_Bt_Etc_ZooBye",20,20,False,True,0,0,0,0,51,4052,25,55,9,3,55,0,0,False,False,False,False,False,0,0,False
74,"貝努鳥",0,"",0,0,1,0,0,1447,2,1,45,15,60,1,2,27,376,"SE_Bt_Etc_BennuWhistle","SE_Bt_Etc_GuuBooWhistle_only","SE_Bt_Etc_BennuWhistle_only",20,20,False,True,0,0,0,0,52,4053,25,55,9,3,55,0,0,False,False,False,False,False,0,0,False
75,"白雲獵鷹",0,"",0,0,1,0,0,1511,2,1,45,15,70,1,2,28,371,"SE_Bt_Etc_BirdWhistle","SE_Bt_Etc_GuuBooWhistle_only","SE_Bt_Etc_BirdBye",20,10,False,True,0,0,0,0,53,4054,210,90,0,0,50,0,0,False,False,False,False,False,0,0,False
76,"怒武獵鷹",0,"",0,0,1,0,0,1512,2,1,45,15,70,1,2,28,372,"SE_Bt_Etc_BirdWhistle","SE_Bt_Etc_GuuBooWhistle_only","SE_Bt_Etc_BirdBye",20,10,False,True,0,0,0,0,54,4055,210,90,0,0,50,0,0,False,False,False,False,False,0,0,False
77,"圓桌獵鷹",0,"",0,0,1,0,0,1513,2,1,45,15,70,1,2,28,373,"SE_Bt_Etc_BirdWhistle","SE_Bt_Etc_GuuBooWhistle_only","SE_Bt_Etc_BirdBye",20,10,False,True,0,0,0,0,55,4056,210,90,0,0,50,0,0,False,False,False,False,False,0,0,False
78,"戰爭獵鷹",0,"",0,0,1,0,0,1514,2,1,45,15,70,1,2,28,374,"SE_Bt_Etc_BirdWhistle","SE_Bt_Etc_GuuBooWhistle_only","SE_Bt_Etc_BirdBye",20,10,False,True,0,0,0,0,56,4057,210,90,0,0,50,0,0,False,False,False,False,False,0,0,False
79,"",0,"",0,0,1,0,0,1411,2,1,45,0,60,1,2,26,319,"SE_Bt_Etc_EnsaWhistle","SE_Bt_Etc_GuuBooWhistle_only","SE_Bt_Etc_EnsaBye",15,9,False,True,0,0,0,0,-1,0,0,65,0,0,60,0,15,False,False,False,False,False,0,0,False
80,"榮耀號",0,"",0,0,1,0,0,1444,2,1,45,15,15,1,2,29,319,"SE_Bt_Etc_CyoukogataWhistle","SE_Bt_Etc_MadoWhistle_only","SE_Bt_Etc_CyoukogataBye",0,10,False,True,0,0,0,0,57,4058,101,140,0,0,70,0,0,True,False,False,False,False,0,0,False
81,"筋斗雲",0,"",0,0,1,0,0,1505,2,1,45,15,15,1,2,30,319,"SE_Bt_Etc_KintounWhistle","SE_Bt_Etc_GuuBooWhistle_only","SE_Bt_Etc_KintounBye",20,20,False,True,0,0,0,0,58,4059,251,100,0,0,70,0,0,True,False,False,False,False,0,0,False
82,"初代胖陸行鳥",0,"",0,0,1,0,0,1520,2,1,45,0,15,1,0,0,193,"SE_Bt_Etc_DebuCyokoboWhistle","SE_Bt_Etc_ChocoboWhistle_only","SE_Bt_Etc_DebuCyokoboBye",20,10,True,False,0,0,0,0,59,4060,2,100,0,0,70,0,0,False,False,False,False,False,0,0,False
83,"天陽馬阿斯特洛珀",0,"",0,0,1,0,0,1476,2,1,45,15,80,1,2,31,319,"SE_Bt_Etc_UnicornWhistle","SE_Bt_Etc_GuuBooWhistle_only","SE_Bt_Etc_UnicornBye",20,10,False,True,0,0,0,0,60,4061,200,65,0,0,60,1,0,False,False,False,False,False,0,0,False
84,"胖莫古力",0,"",0,0,1,0,0,1532,2,1,45,15,15,1,2,32,396,"SE_Bt_Etc_MogKikyuuWhistle","SE_Bt_Etc_GuuBooWhistle_only","SE_Bt_Etc_MogKikyuuBye",20,10,False,True,0,0,0,0,61,4062,3,100,0,0,50,1,20,True,True,False,False,False,0,0,False
85,"",0,"",0,0,1,0,0,820,2,0,45,15,15,0,0,7,121,"SE_Bt_Etc_WaterRizardWhistle","SE_Bt_Etc_GuuBooWhistle_only","SE_Bt_Etc_WaterRizardBye",20,10,False,True,0,0,0,0,-1,0,0,100,0,0,100,0,16,False,False,False,False,False,0,0,False
86,"孢雲棉花糖",0,"",0,0,1,0,0,1515,2,1,45,15,15,1,2,33,319,"SE_Bt_Etc_PopoWhistle","SE_Bt_Etc_GuuBooWhistle_only","SE_Bt_Etc_PopoBye",20,10,False,True,0,0,0,0,63,4063,26,100,0,0,70,0,19,True,True,False,False,False,0,0,False
87,"維斯帕號",0,"",0,0,1,0,0,1534,2,1,45,15,15,1,2,34,319,"SE_Bt_Etc_YoukaiWhistle","SE_Bt_Etc_GuuBooWhistle_only","SE_Bt_Etc_YoukaiBye",0,10,False,True,0,0,0,0,64,4064,253,200,0,0,70,0,0,True,False,False,False,False,0,0,False
88,"",0,"",0,0,1,0,0,1412,2,1,45,15,50,1,2,25,319,"SE_Bt_Etc_TwinTaniaWhistle","SE_Bt_Etc_GuuBooWhistle_only","SE_Bt_Etc_TwinTaniaBye",20,20,False,True,0,0,0,0,-1,0,0,120,9,3,60,0,17,True,False,False,False,False,0,0,False
89,"",0,"",0,0,1,0,0,1515,2,1,45,15,15,1,2,33,319,"SE_Bt_Etc_PopoWhistle","SE_Bt_Etc_GuuBooWhistle_only","SE_Bt_Etc_PopoBye",20,10,False,True,0,0,0,0,-1,0,0,100,0,0,70,0,18,True,False,False,False,False,0,0,False
90,"暗黑獵鷹",0,"",0,0,1,0,0,1580,2,1,45,15,70,1,2,28,395,"SE_Bt_Etc_BirdWhistle","SE_Bt_Etc_GuuBooWhistle_only","SE_Bt_Etc_BirdBye",20,10,False,True,0,0,0,0,65,4065,210,90,0,0,50,0,0,False,False,False,False,False,0,0,False
91,"浮空系統",0,"",0,0,1,0,0,1636,2,1,45,15,15,1,0,16,319,"SE_Bt_Etc_DaragabWhistle","SE_Bt_Etc_MadoWhistle_only","SE_Bt_Etc_DaragabBye",0,10,False,True,0,0,0,0,66,4066,100,100,12,4,100,0,9,True,True,False,False,False,0,0,False
92,"顱浮巨像",0,"",0,0,1,0,0,1635,2,1,45,15,70,1,2,4,319,"SE_Bt_Etc_AhrimanWhistle","SE_Bt_Etc_ChocoboWhistle_only","SE_Bt_Etc_AhrimanBye",20,10,False,True,0,0,0,0,67,4068,27,100,0,0,50,0,0,True,False,False,False,False,0,0,False
93,"逐月幻狼瑪納加爾姆",0,"",0,0,1,0,0,1629,2,1,45,15,70,1,2,35,319,"SE_Bt_Etc_FenrirWhistle","SE_Bt_Etc_GuuBooWhistle_only","SE_Bt_Etc_FenrirBye",20,10,False,True,0,0,0,0,68,4067,16,100,0,6,70,0,0,False,False,False,False,False,0,0,False
94,"維斯帕前進號",0,"",0,0,1,0,0,1646,2,1,45,15,15,1,2,34,319,"SE_Bt_Etc_YoukaiWhistle","SE_Bt_Etc_GuuBooWhistle_only","SE_Bt_Etc_YoukaiBye",0,10,False,True,0,0,0,0,69,4069,253,200,0,0,70,0,0,True,False,False,False,False,0,0,False
95,"轟天",0,"",0,0,1,0,0,1585,2,1,45,70,70,1,2,36,319,"SE_Bt_Etc_GaroWhistle","SE_Bt_Etc_GuuBooWhistle_only","SE_Bt_Etc_GaroBye",20,10,False,True,0,0,0,0,70,4074,254,100,0,0,55,0,0,False,False,False,False,False,0,0,False
96,"銀牙",0,"",0,0,1,0,0,1586,2,1,45,70,70,1,2,36,319,"SE_Bt_Etc_GaroWhistle","SE_Bt_Etc_GuuBooWhistle_only","SE_Bt_Etc_GaroBye",20,10,False,True,0,0,0,0,71,4075,254,100,0,0,55,0,0,False,False,False,False,False,0,0,False
97,"仙術熊貓",0,"",0,0,1,0,0,1593,2,1,45,15,70,1,2,9,638,"SE_Bt_Etc_PandaWhistle","SE_Bt_Etc_GuuBooWhistle_only","SE_Bt_Etc_PandaBye",20,10,False,True,0,0,0,0,72,4070,37,65,12,3,70,0,0,False,False,False,False,False,0,0,False
98,"睿智獵鷹",0,"",0,0,1,0,0,1768,2,1,45,15,70,1,2,28,415,"SE_Bt_Etc_BirdWhistle","SE_Bt_Etc_GuuBooWhistle_only","SE_Bt_Etc_BirdBye",20,10,False,True,0,0,0,0,73,4071,210,90,0,0,50,0,0,False,False,False,False,False,0,0,False
99,"星芒熊",0,"",0,0,1,0,0,1658,2,1,45,15,70,1,2,9,319,"SE_Bt_Etc_XmasKumaWhistle","SE_Bt_Etc_GuuBooWhistle_only","SE_Bt_Etc_XmasKumaBye",20,10,False,True,0,0,0,0,74,4102,37,65,12,3,70,0,32,False,True,False,False,False,0,0,False
100,"黑天馬",0,"",0,0,1,0,0,1472,2,1,45,15,80,1,2,24,319,"SE_Bt_Etc_UnicornWhistle","SE_Bt_Etc_GuuBooWhistle_only","SE_Bt_Etc_UnicornBye",20,10,False,True,0,0,0,0,75,4072,200,65,0,0,60,0,0,False,False,False,False,False,0,0,False
101,"阿里達烏斯",0,"",0,0,1,0,0,1704,2,1,45,15,15,1,2,38,416,"SE_Bt_Etc_AlxWhistle","SE_Bt_Etc_MadoWhistle_only","SE_Bt_Etc_AlxBye",0,10,False,False,0,0,0,0,76,4073,101,100,0,0,70,0,0,True,False,False,False,False,0,0,False
102,"雷剛",0,"",0,0,1,0,0,1587,2,1,45,70,70,1,2,39,319,"SE_Bt_Etc_GaroWhistle","SE_Bt_Etc_GuuBooWhistle_only","SE_Bt_Etc_GaroBye",20,10,False,True,0,0,0,0,79,4076,254,100,0,0,55,0,0,False,False,False,False,False,0,0,False
103,"尼祿專用魔導裝甲",0,"",0,0,1,0,0,2,2,0,45,0,15,0,0,0,331,"SE_Bt_Etc_MadoWhistle","SE_Bt_Etc_MadoWhistle_only","SE_Bt_Etc_MadoBye",0,10,False,True,0,327681,0,0,-1,0,0,77,0,0,70,0,23,False,False,False,False,False,0,0,False
104,"厲鬼獵鷹",0,"",0,0,1,0,0,1857,2,1,45,15,70,1,2,28,424,"SE_Bt_Etc_BirdWhistle","SE_Bt_Etc_GuuBooWhistle_only","SE_Bt_Etc_BirdBye",20,10,False,True,0,0,0,0,77,4077,210,90,0,0,50,0,0,False,False,False,False,False,0,0,False
105,"鳳凰",0,"",0,0,1,0,0,1765,2,1,45,15,70,1,2,46,425,"SE_Bt_Etc_HououWhistle","SE_Bt_Etc_HououBye","SE_Bt_Etc_HououBye",20,10,False,True,0,0,0,0,78,4078,210,55,0,0,60,0,0,True,False,False,False,False,0,0,False
106,"彩蛋系統",0,"",0,0,1,0,0,1777,2,1,45,15,15,1,0,0,319,"SE_Bt_Etc_DaragabWhistle","SE_Bt_Etc_MadoWhistle_only","SE_Bt_Etc_EggBye",0,10,False,True,0,0,0,0,80,4079,29,100,0,0,70,0,25,True,True,False,False,False,0,0,False
107,"",0,"",0,0,1,0,0,1777,2,1,45,15,15,1,0,0,319,"SE_Bt_Etc_DaragabWhistle","SE_Bt_Etc_MadoWhistle_only","SE_Bt_Etc_EggBye",0,10,False,True,0,0,0,0,-1,0,0,100,0,0,70,0,24,False,False,False,False,False,0,0,False
108,"孤傲地獄犬",0,"",0,0,1,0,0,1276,2,1,45,15,70,1,0,40,319,"SE_Bt_Etc_FenrirWhistle","SE_Bt_Etc_GuuBooWhistle_only","SE_Bt_Etc_FenrirBye",20,10,False,True,0,0,0,0,81,4080,28,65,0,6,70,0,0,False,False,False,False,False,0,0,False
109,"首領地獄犬",0,"",0,0,1,0,0,1837,2,1,45,15,70,1,0,40,319,"SE_Bt_Etc_FenrirWhistle","SE_Bt_Etc_GuuBooWhistle_only","SE_Bt_Etc_FenrirBye",20,10,False,True,0,0,0,0,82,4081,28,65,0,6,70,0,0,False,False,False,False,False,0,0,False
110,"賢者座椅",0,"",0,0,1,0,0,1776,2,1,45,15,15,1,2,41,319,"SE_Bt_Etc_IsuWhistle","SE_Bt_Etc_GuuBooWhistle_only","SE_Bt_Etc_IsuBye",0,10,False,True,0,0,0,0,83,4084,30,100,0,0,70,0,0,True,False,False,False,False,0,0,False
111,"希爾德拉",0,"",0,0,1,0,0,1676,2,1,45,70,70,1,2,42,319,"SE_Bt_Etc_ShirudoraWhistle","SE_Bt_Etc_GuuBooWhistle_only","SE_Bt_Etc_ShirudoraBye",20,10,False,True,0,0,0,0,95,4085,32,100,0,0,100,0,0,True,False,False,False,False,0,0,False
112,"飛隼號",0,"",0,0,1,0,0,1773,2,1,45,15,15,3,4,43,319,"SE_Bt_Etc_HitorinoriWhistle","SE_Bt_Etc_GuuBooWhistle_only","SE_Bt_Etc_HitorinoriBye",0,10,False,True,0,0,0,0,96,4086,102,100,0,0,100,0,0,False,False,False,False,False,0,0,False
113,"孤傲妖精犬",0,"",0,0,1,0,0,1858,2,1,45,15,70,1,0,40,319,"SE_Bt_Etc_FenrirWhistle","SE_Bt_Etc_GuuBooWhistle_only","SE_Bt_Etc_FenrirBye",20,10,False,True,0,0,0,0,85,4082,28,65,0,6,70,0,0,False,False,False,False,False,0,0,False
114,"首領妖精犬",0,"",0,0,1,0,0,1876,2,1,45,15,70,1,0,40,319,"SE_Bt_Etc_FenrirWhistle","SE_Bt_Etc_GuuBooWhistle_only","SE_Bt_Etc_FenrirBye",20,10,False,True,0,0,0,0,84,4083,28,65,0,6,70,0,0,False,False,False,False,False,0,0,False
115,"極樂神威",0,"",0,0,1,0,0,1835,2,1,45,85,85,1,0,44,494,"SE_Bt_Etc_InugamiWhistle","SE_Bt_Etc_GuuBooWhistle_only","SE_Bt_Etc_InugamiBye",20,10,False,True,0,0,0,0,86,4087,212,100,0,0,70,0,0,False,False,False,False,False,0,0,False
116,"狂歡神威",0,"",0,0,1,0,0,1836,2,1,45,85,85,1,0,44,493,"SE_Bt_Etc_InugamiWhistle","SE_Bt_Etc_GuuBooWhistle_only","SE_Bt_Etc_InugamiBye",20,10,False,True,0,0,0,0,87,4088,212,100,0,0,70,0,0,False,False,False,False,False,0,0,False
117,"",0,"",0,0,1,0,0,1894,2,1,45,15,70,1,0,46,319,"SE_Bt_Etc_HarpieWhistle","SE_Bt_Etc_HarpieWhistle_only","SE_Bt_Etc_HarpieBye",20,10,False,True,0,0,0,0,-1,0,0,100,0,0,60,0,0,True,False,False,False,False,0,0,False
118,"",0,"",0,0,1,0,0,1995,2,1,45,15,15,5,2,45,319,"SE_Bt_Etc_MantaWhistle","SE_Bt_Etc_GuuBooWhistle_only","SE_Bt_Etc_MantaBye",20,10,False,True,0,0,0,0,-1,0,0,100,9,3,70,0,0,True,False,False,False,False,0,0,False
119,"",0,"",0,0,1,0,0,1953,2,1,45,15,70,1,2,28,483,"SE_Bt_Etc_BirdWhistle","SE_Bt_Etc_GuuBooWhistle_only","SE_Bt_Etc_BirdBye",20,10,False,True,0,0,0,0,-1,0,0,90,0,0,50,0,0,False,False,False,False,False,0,0,False
120,"",0,"",0,0,1,0,0,1952,2,0,45,15,15,0,0,5,319,"SE_Bt_Etc_UnicornWhistle","SE_Bt_Etc_GuuBooWhistle_only","SE_Bt_Etc_UnicornBye",20,10,False,True,0,0,0,0,-1,0,0,65,0,0,100,0,0,False,False,False,False,False,0,0,False
121,"魔導獵手",0,"",0,0,1,0,0,2298,2,1,45,0,15,1,2,0,319,"SE_Bt_Etc_MadoWhistle","SE_Bt_Etc_MadoWhistle_only","SE_Bt_Etc_MadoBye",0,10,False,True,0,0,0,0,88,4089,4,100,0,0,70,0,0,False,False,False,False,False,0,0,False
122,"鬥獅",0,"",0,0,1,0,0,1725,2,1,45,70,50,1,2,8,319,"SE_Bt_Etc_LionWhistle","SE_Bt_Etc_GuuBooWhistle_only","SE_Bt_Etc_LionBye",20,10,False,True,0,0,0,0,89,4090,13,150,13,4,70,0,0,False,False,False,False,False,0,0,False
123,"鬥熊",0,"",0,0,1,0,0,718,2,1,45,15,70,1,2,9,319,"SE_Bt_Etc_KumaWhistle","SE_Bt_Etc_GuuBooWhistle_only","SE_Bt_Etc_KumaBye",20,10,False,True,0,0,0,0,90,4091,14,65,12,3,70,0,0,False,False,False,False,False,0,0,False
124,"鬥豹",0,"",0,0,1,0,0,2049,2,1,45,70,70,1,2,3,319,"SE_Bt_Etc_CuahrWhistle","SE_Bt_Etc_GuuBooWhistle_only","SE_Bt_Etc_CuahrBye",20,10,False,True,0,0,0,0,91,4092,7,60,0,0,60,0,0,False,False,False,False,False,0,0,False
125,"胡鷹",0,"",0,0,1,0,0,1894,2,1,45,15,70,1,0,46,319,"SE_Bt_Etc_HarpieWhistle","SE_Bt_Etc_HarpieWhistle_only","SE_Bt_Etc_HarpieBye",20,10,False,True,0,0,0,0,92,4093,33,100,0,0,80,0,0,True,False,False,False,False,0,0,False
126,"老者",0,"",0,0,1,0,0,1713,2,1,45,15,85,1,2,47,534,"SE_Bt_Etc_JuraeibisWhistle","SE_Bt_Etc_GuuBooWhistle_only","SE_Bt_Etc_JuraeibisBye",20,10,False,True,0,0,0,0,93,4094,34,100,0,0,70,0,0,True,False,False,False,False,0,0,False
127,"兵團虎",0,"",0,0,1,0,0,2173,2,1,45,15,65,1,2,48,319,"SE_Bt_Etc_ToraWhistle","SE_Bt_Etc_GuuBooWhistle_only","SE_Bt_Etc_ToraBye",20,10,False,True,0,0,0,0,94,4095,35,100,0,0,70,0,0,False,False,False,False,False,0,0,False
128,"捕獲的魔導裝甲",0,"",0,0,1,0,0,2,2,0,45,0,15,0,0,0,121,"SE_Bt_Etc_MadoWhistle","SE_Bt_Etc_MadoWhistle_only","SE_Bt_Etc_MadoBye",0,10,False,True,0,65537,0,0,-1,0,0,77,0,0,70,0,27,False,False,False,False,False,0,0,False
129,"",0,"",0,0,1,0,0,1995,2,1,45,15,15,5,0,45,319,"SE_Bt_Etc_MantaWhistle","SE_Bt_Etc_GuuBooWhistle_only","SE_Bt_Etc_MantaBye",20,10,False,True,0,0,0,0,-1,0,0,100,9,3,70,0,26,True,False,False,False,False,0,0,False
130,"伊克西翁",0,"",0,0,1,0,0,2061,2,1,45,70,85,1,2,49,319,"SE_Bt_Etc_IxionWhistle","SE_Bt_Etc_GuuBooWhistle_only","SE_Bt_Etc_IxionBye",20,20,False,True,0,0,0,0,97,4096,36,100,0,0,70,0,0,False,False,False,False,False,0,0,False
131,"",0,"",0,0,1,0,0,2095,2,0,45,15,15,0,0,0,397,"SE_Bt_Etc_GobrinTunkWhistle","SE_Bt_Etc_MadoWhistle_only","SE_Bt_Etc_GobrinTunkBye",0,10,False,True,0,0,0,0,-1,0,0,30,0,0,100,0,28,False,False,False,True,True,0,0,False
132,"",0,"",0,0,1,0,0,2096,2,0,45,15,15,0,0,0,397,"SE_Bt_Etc_GobrinTunkWhistle","SE_Bt_Etc_MadoWhistle_only","SE_Bt_Etc_GobrinTunkBye",0,10,False,True,0,0,0,0,-1,0,0,30,0,0,100,0,28,False,False,False,True,True,0,0,False
133,"夢幻神威",0,"",0,0,1,0,0,2116,2,1,45,85,85,1,0,44,505,"SE_Bt_Etc_InugamiWhistle","SE_Bt_Etc_GuuBooWhistle_only","SE_Bt_Etc_InugamiBye",20,10,False,True,0,0,0,0,99,4101,212,100,0,0,70,0,0,False,False,False,False,False,0,0,False
134,"",0,"",0,0,1,0,0,1658,2,1,45,15,70,1,2,9,319,"SE_Bt_Etc_XmasKumaWhistle","SE_Bt_Etc_GuuBooWhistle_only","SE_Bt_Etc_XmasKumaBye",20,10,False,True,0,0,0,0,-1,0,0,65,12,3,70,0,31,False,False,False,False,False,0,0,False
135,"風火輪",0,"",0,0,1,0,0,2030,2,1,45,15,15,1,2,50,637,"SE_Bt_Etc_FuukaNirinWhistle","SE_Bt_Etc_GuuBooWhistle_only","SE_Bt_Etc_FuukaNirinBye",0,20,False,True,0,0,0,0,98,4097,252,100,0,0,70,0,0,False,False,False,False,False,0,0,False
136,"斑鰩",0,"",0,0,1,0,0,2117,2,1,45,15,15,5,2,45,319,"SE_Bt_Etc_MantaWhistle","SE_Bt_Etc_GuuBooWhistle_only","SE_Bt_Etc_MantaBye",20,10,False,True,0,0,0,0,100,4103,38,30,9,3,70,0,30,True,True,False,False,False,0,0,False
137,"",0,"",0,0,1,0,0,2117,2,1,45,15,15,5,2,45,319,"SE_Bt_Etc_MantaWhistle","SE_Bt_Etc_GuuBooWhistle_only","SE_Bt_Etc_MantaBye",20,10,False,True,0,0,0,0,-1,0,0,30,9,3,70,0,29,True,False,False,False,False,0,0,False
138,"海藍寶石獸",0,"",0,0,1,0,0,2073,2,1,45,70,70,1,2,51,638,"SE_Bt_Etc_CarbuncleWhistle","SE_Bt_Etc_HarpieWhistle_only","SE_Bt_Etc_CarbuncleBye",20,10,False,True,0,0,0,0,101,4104,39,120,0,0,50,0,0,False,False,False,False,False,0,0,False
139,"黃水晶寶石獸",0,"",0,0,1,0,0,2125,2,1,45,70,70,1,2,51,638,"SE_Bt_Etc_CarbuncleWhistle","SE_Bt_Etc_HarpieWhistle_only","SE_Bt_Etc_CarbuncleBye",20,10,False,True,0,0,0,0,102,4105,39,120,0,0,50,0,0,False,False,False,False,False,0,0,False
140,"飛行座椅",0,"",0,0,1,0,0,2115,2,1,45,85,85,1,2,52,319,"SE_Bt_Etc_LanosceasofaWhistle","SE_Bt_Etc_GuuBooWhistle_only","SE_Bt_Etc_LanosceasofaBye",0,10,False,True,0,0,0,0,103,4106,30,100,0,0,70,0,0,True,False,False,False,False,0,0,False
141,"魔導復仇者騎乘型",0,"",0,0,1,0,0,2072,2,1,45,15,70,1,0,53,319,"SE_Bt_Etc_MekagoriraWhistle","SE_Bt_Etc_MadoWhistle_only","SE_Bt_Etc_MekagoriraBye",20,10,False,True,0,0,0,0,104,4107,103,100,12,3,50,0,0,False,False,False,False,False,0,0,False
142,"葉大妖",0,"",0,0,1,0,0,2071,2,1,45,15,70,1,2,54,319,"SE_Bt_Etc_MarimokunWhistle","SE_Bt_Etc_GuuBooWhistle_only","SE_Bt_Etc_MarimokunBye",20,10,False,True,0,0,0,0,105,4108,40,120,0,0,40,0,0,False,False,False,False,False,0,0,False
143,"赤兔馬",0,"",0,0,1,0,0,2119,2,1,10,70,70,1,2,55,637,"SE_Bt_Etc_SekitobaWhistle","SE_Bt_Etc_GuuBooWhistle_only","SE_Bt_Etc_SekitobaBye",20,10,False,True,0,0,0,0,106,4109,202,100,0,0,55,0,0,False,False,False,False,False,0,0,False
144,"白帝神威",0,"",0,0,1,0,0,2167,2,1,45,85,85,1,0,44,536,"SE_Bt_Etc_InugamiWhistle","SE_Bt_Etc_GuuBooWhistle_only","SE_Bt_Etc_InugamiBye",20,10,False,True,0,0,0,0,107,4110,212,100,0,0,70,0,0,False,False,False,False,False,0,0,False
145,"拘束型魔導死亡爪",0,"",0,0,1,0,0,2118,2,1,45,70,70,1,2,0,319,"SE_Bt_Etc_DeathClawWhistle","SE_Bt_Etc_MadoWhistle_only","SE_Bt_Etc_DeathClawBye",0,10,False,True,0,0,0,0,108,4111,4,100,0,0,50,0,0,True,False,False,False,False,0,0,False
146,"魔象",0,"",0,0,1,0,0,2074,2,1,45,70,15,1,0,0,319,"SE_Bt_Etc_ElephantWhistle","SE_Bt_Etc_GuuBooWhistle_only","SE_Bt_Etc_ElephantBye",20,10,False,True,0,0,0,0,109,4112,15,100,0,0,60,0,38,False,True,False,False,False,0,0,False
147,"力氣大的魔象",0,"",0,0,1,0,0,2074,2,1,45,70,15,1,0,0,319,"SE_Bt_Etc_ElephantWhistle","SE_Bt_Etc_GuuBooWhistle_only","SE_Bt_Etc_ElephantBye",20,10,False,True,0,0,0,0,-1,0,0,100,0,0,60,0,37,False,False,False,False,False,0,0,False
148,"真獅鷲",0,"",0,0,1,0,0,2191,2,1,45,70,60,1,2,20,319,"SE_Bt_Etc_GrifinWhistle","SE_Bt_Etc_GuuBooWhistle_only","SE_Bt_Etc_GrifinBye",20,20,False,True,0,0,0,0,110,4113,17,60,9,3,60,0,36,False,True,False,False,False,0,0,False
149,"真獅鷲",0,"",0,0,1,0,0,2191,2,1,45,70,60,1,2,20,319,"SE_Bt_Etc_GrifinWhistle","SE_Bt_Etc_GuuBooWhistle_only","SE_Bt_Etc_GrifinBye",20,20,False,True,0,0,0,0,-1,0,0,60,9,3,60,0,35,False,False,False,False,False,0,0,False
150,"暴龍",0,"",0,0,1,0,0,2126,2,1,45,30,30,1,2,56,319,"SE_Bt_Etc_TRexWhistle","SE_Bt_Etc_GuuBooWhistle_only","SE_Bt_Etc_TRexBye",20,20,False,True,0,0,0,0,111,4116,15,100,0,0,60,0,0,False,False,False,False,False,0,0,False
151,"雷迦利亞G型",0,"",0,0,1,0,0,2135,2,1,45,85,85,1,2,57,614,"SE_Bt_Etc_CarWhistle","SE_Bt_Etc_MadoWhistle_only","SE_Bt_Etc_CarBye",0,10,False,True,0,0,0,0,112,4138,108,100,0,0,70,3,0,False,False,False,False,False,0,0,False
152,"飛天半心椅（右）",0,"",0,0,1,0,0,2179,2,1,45,85,85,1,2,41,319,"SE_Bt_Etc_RightHeartWhistle","SE_Bt_Etc_GuuBooWhistle_only","SE_Bt_Etc_RightHeartBye",0,10,False,True,0,0,0,0,113,4114,31,100,0,0,70,0,0,True,False,False,False,False,0,0,False
153,"飛天半心椅（左）",0,"",0,0,1,0,0,2180,2,1,45,85,85,1,2,41,319,"SE_Bt_Etc_RightHeartWhistle","SE_Bt_Etc_GuuBooWhistle_only","SE_Bt_Etc_RightHeartBye",0,10,False,True,0,0,0,0,114,4115,30,100,0,0,70,0,0,True,False,False,False,False,0,0,False
154,"提豐老師",0,"",0,0,1,0,0,2175,2,1,45,15,15,1,2,58,319,"SE_Bt_Etc_TyuponeWhistle","SE_Bt_Etc_GuuBooWhistle_only","SE_Bt_Etc_TyuponeBye",20,20,False,True,0,0,0,0,115,4136,43,100,0,0,70,0,0,True,False,False,False,False,0,0,False
155,"",0,"",0,0,1,0,0,2175,2,1,45,15,15,1,2,58,319,"SE_Bt_Etc_TyuponeWhistle","SE_Bt_Etc_GuuBooWhistle_only","SE_Bt_Etc_TyuponeBye",20,20,False,True,0,0,0,0,-1,0,0,100,0,0,70,0,34,False,False,False,False,False,0,0,False
156,"空軍裝甲",0,"",0,0,1,0,0,2174,2,1,45,70,70,6,2,59,535,"SE_Bt_Etc_AirForceWhistle","SE_Bt_Etc_GuuBooWhistle_only","SE_Bt_Etc_AirForceBye",0,10,False,True,0,0,0,0,116,4117,104,100,0,0,50,0,0,True,False,False,False,False,0,0,False
157,"",0,"",0,0,1,0,0,2174,2,1,45,70,70,6,2,59,319,"SE_Bt_Etc_AirForceWhistle","SE_Bt_Etc_GuuBooWhistle_only","SE_Bt_Etc_AirForceBye",0,10,False,True,0,0,0,0,-1,0,0,100,0,0,50,0,0,False,False,False,False,False,0,0,False
158,"幽夜神威",0,"",0,0,1,0,0,2195,2,1,45,85,85,1,0,44,552,"SE_Bt_Etc_InugamiWhistle","SE_Bt_Etc_GuuBooWhistle_only","SE_Bt_Etc_InugamiBye",20,10,False,True,0,0,0,0,117,4127,212,100,0,0,70,0,0,False,False,False,False,False,0,0,False
159,"渡渡鳥",0,"",0,0,1,0,0,2194,2,1,45,15,70,1,2,61,319,"SE_Bt_Etc_DodoWhistle","SE_Bt_Etc_GuuBooWhistle_only","SE_Bt_Etc_DodoBye",20,10,False,True,0,0,0,0,118,4122,41,100,0,0,50,0,0,False,False,False,False,False,0,0,False
160,"鬚鯨",0,"",0,0,1,0,0,2176,2,1,45,15,15,1,2,0,638,"SE_Bt_Etc_KujiraWhistle","SE_Bt_Etc_GuuBooWhistle_only","SE_Bt_Etc_KujiraBye",20,10,False,True,0,0,0,0,119,4119,42,100,0,0,70,1,0,True,False,False,False,False,0,0,False
161,"火龍",0,"",0,0,1,0,0,2257,2,1,45,15,70,1,2,62,564,"SE_Bt_Etc_NIKUBossWhistle","SE_Bt_Etc_GuuBooWhistle_only","SE_Bt_Etc_NIKUBossBye",20,10,False,True,0,0,0,0,120,4125,255,100,0,0,50,0,0,False,False,False,False,False,0,0,False
162,"魔導運輸器",0,"",0,0,1,0,0,2258,2,1,45,15,15,1,2,63,319,"SE_Bt_Etc_HakaseIsuWhistle","SE_Bt_Etc_MadoWhistle_only","SE_Bt_Etc_HakaseIsuBye",0,10,False,True,0,0,0,0,121,4123,31,100,0,0,50,0,0,True,False,False,False,False,0,0,False
163,"原型運輸器",0,"",0,0,1,0,0,2307,2,1,45,15,15,1,2,63,319,"SE_Bt_Etc_HakaseIsuWhistle","SE_Bt_Etc_MadoWhistle_only","SE_Bt_Etc_HakaseIsuBye",0,10,False,True,0,0,0,0,122,4124,31,100,0,0,50,0,0,True,False,False,False,False,0,0,False
164,"巨鯰魚神轎",0,"",0,0,1,0,0,2202,2,1,45,15,15,1,2,70,570,"SE_Bt_Etc_NamazuoWhistle","SE_Bt_Etc_GuuBooWhistle_only","SE_Bt_Etc_NamazuoBye",20,10,False,False,0,0,0,0,123,4118,105,100,0,0,50,0,41,False,True,False,False,False,0,0,False
165,"",0,"",0,0,1,0,0,2202,2,1,45,15,15,1,2,70,570,"SE_Bt_Etc_NamazuoWhistle","SE_Bt_Etc_GuuBooWhistle_only","SE_Bt_Etc_NamazuoBye",20,10,False,False,0,0,0,0,-1,0,0,100,0,0,50,0,40,False,False,False,False,False,0,0,False
166,"絕地",0,"",0,0,1,0,0,2304,2,1,10,70,70,1,2,64,565,"SE_Bt_Etc_SekitobaWhistle","SE_Bt_Etc_GuuBooWhistle_only","SE_Bt_Etc_SekitobaBye",20,10,False,True,0,0,0,0,124,4126,202,100,0,0,55,0,0,False,False,False,False,False,0,0,False
167,"",0,"",0,0,0,0,0,0,0,0,0,0,0,0,0,0,0,"","","",0,0,False,False,0,0,0,0,0,0,0,0,0,0,0,0,0,False,False,False,False,False,0,0,False
168,"護送系統",0,"",0,0,1,0,0,2306,2,1,45,15,15,1,0,16,121,"SE_Bt_Etc_DaragabWhistle","SE_Bt_Etc_MadoWhistle_only","SE_Bt_Etc_DaragabBye",0,10,False,True,0,0,0,0,126,4120,100,100,12,4,100,0,9,True,True,False,False,False,0,0,False
169,"",0,"",0,0,1,0,0,1952,2,0,45,15,15,0,0,5,319,"SE_Bt_Etc_UnicornWhistle","SE_Bt_Etc_GuuBooWhistle_only","SE_Bt_Etc_UnicornBye",20,10,False,True,0,0,0,0,-1,0,0,65,0,0,100,0,0,False,False,False,False,False,0,0,False
170,"格拉尼",0,"",0,0,1,0,0,2268,2,1,45,70,70,1,2,69,319,"SE_Bt_Etc_DarkUnicornWhistle","SE_Bt_Etc_GuuBooWhistle_only","SE_Bt_Etc_DarkUnicornBye",20,10,False,True,0,0,0,0,128,4128,203,100,0,0,50,0,0,False,False,False,False,False,0,0,False
171,"貓大胖",0,"",0,0,1,0,0,2312,2,1,45,70,70,1,2,66,638,"SE_Bt_Etc_DebuNekoWhistle","SE_Bt_Etc_GuuBooWhistle_only","SE_Bt_Etc_DebuNekoBye",20,10,False,True,0,0,0,0,129,4129,252,120,9,3,50,0,0,False,False,False,False,False,0,0,False
172,"朱焰神威",0,"",0,0,1,0,0,2359,2,1,45,85,85,1,0,44,588,"SE_Bt_Etc_InugamiWhistle","SE_Bt_Etc_GuuBooWhistle_only","SE_Bt_Etc_InugamiBye",20,10,False,True,0,0,0,0,130,4130,212,100,0,0,70,0,0,False,False,False,False,False,0,0,False
173,"歐米茄",0,"",0,0,1,0,0,2360,2,1,45,15,15,3,4,67,589,"SE_Bt_Etc_OmegaWhistle","SE_Bt_Etc_MadoWhistle_only","SE_Bt_Etc_OmegaBye",0,10,False,True,0,0,0,0,131,4131,107,100,9,3,70,0,0,False,False,False,False,False,0,0,False
174,"魔導浮空裝甲",0,"",0,0,1,0,0,2362,2,1,45,15,15,1,2,68,319,"SE_Bt_Etc_SyumitWhistle","SE_Bt_Etc_MadoWhistle_only","SE_Bt_Etc_SyumitBye",0,10,False,True,0,0,0,0,132,4132,4,100,0,0,70,0,0,True,False,False,False,False,0,0,False
175,"魔法飛毯",0,"",0,0,1,0,0,2340,2,1,45,15,15,1,2,0,637,"SE_Bt_Etc_JuutanWhistle","SE_Bt_Etc_GuuBooWhistle_only","SE_Bt_Etc_JuutanBye",0,10,False,True,0,0,0,0,136,4147,252,100,0,0,60,0,0,True,False,False,False,False,0,0,False
176,"魔導機車大魔",0,"",0,0,1,0,0,2361,2,1,45,15,15,1,2,71,319,"SE_Bt_Etc_MagunarodersWhistle","SE_Bt_Etc_MadoWhistle_only","SE_Bt_Etc_MagunarodersBye",20,10,False,True,0,0,0,0,133,4133,4,100,0,0,70,0,0,False,False,False,False,False,0,0,False
177,"黑色胖陸行鳥",0,"",0,0,1,0,0,2385,2,1,45,0,15,1,0,0,193,"SE_Bt_Etc_DebuCyokoboWhistle","SE_Bt_Etc_ChocoboWhistle_only","SE_Bt_Etc_DebuCyokoboBye",20,10,True,False,0,0,0,0,134,4134,2,100,0,0,70,0,0,False,False,False,False,False,0,0,False
178,"火巨人",0,"",0,0,1,0,0,2437,2,1,45,15,15,1,2,0,319,"SE_Bt_Etc_FireIetyWhistle","SE_Bt_Etc_GuuBooWhistle_only","SE_Bt_Etc_FireIetyBye",15,9,False,True,0,0,0,0,135,4137,44,100,0,0,60,0,0,False,False,False,False,False,0,0,False
179,"改良型魔導機車大魔",0,"",0,0,1,0,0,2467,2,1,45,15,15,1,2,71,319,"SE_Bt_Etc_MagunarodersWhistle","SE_Bt_Etc_MadoWhistle_only","SE_Bt_Etc_MagunarodersBye",20,10,False,True,0,0,0,0,137,4139,4,100,0,0,70,0,0,False,False,False,False,False,0,0,False
180,"帝王仙人刺",0,"",0,0,1,0,0,2406,2,1,45,15,15,1,2,73,703,"SE_Bt_Etc_SabotenderWhistle","SE_Bt_Etc_GuuBooWhistle_only","SE_Bt_Etc_SabotenderBye",20,10,False,True,0,0,0,0,138,4140,46,100,9,3,50,0,0,False,False,False,False,False,0,0,False
181,"九尾神威",0,"",0,0,1,0,0,2526,2,1,45,15,70,1,2,17,636,"SE_Bt_Etc_KyuubiWhistle","SE_Bt_Etc_GuuBooWhistle_only","SE_Bt_Etc_KyuubiBye",20,10,False,True,0,0,0,0,139,4141,213,65,0,6,70,0,0,False,False,False,False,False,0,0,False
182,"青君神威",0,"",0,0,1,0,0,2452,2,1,45,85,85,1,0,44,635,"SE_Bt_Etc_InugamiWhistle","SE_Bt_Etc_GuuBooWhistle_only","SE_Bt_Etc_InugamiBye",20,10,False,True,0,0,0,0,140,4142,212,100,0,0,70,0,0,False,False,False,False,False,0,0,False
183,"戰虎",0,"",0,0,1,0,0,2465,2,1,45,15,65,1,2,48,319,"SE_Bt_Etc_ToraWhistle","SE_Bt_Etc_GuuBooWhistle_only","SE_Bt_Etc_ToraBye",20,10,False,True,0,0,0,0,141,4143,45,100,0,0,70,0,0,False,False,False,False,False,0,0,False
184,"優雷卡鹽藍燕",0,"",0,0,1,0,0,2468,2,1,45,15,15,5,2,45,319,"SE_Bt_Etc_UmiushiWhistle","SE_Bt_Etc_GuuBooWhistle_only","SE_Bt_Etc_UmiushiBye",20,10,False,True,0,0,0,0,142,4144,44,30,9,3,70,0,0,True,False,False,False,False,0,0,False
185,"魔導復仇者寒冷地區特製型",0,"",0,0,1,0,0,2466,2,1,45,15,70,1,0,53,319,"SE_Bt_Etc_MekagoriraWhistle","SE_Bt_Etc_MadoWhistle_only","SE_Bt_Etc_MekagoriraBye",20,10,False,True,0,0,0,0,143,4145,103,100,0,0,50,0,0,False,False,False,False,False,0,0,False
186,"半靈奧茲瑪",0,"",0,0,1,0,0,2409,2,1,45,15,15,7,0,72,319,"SE_Bt_Etc_OzmanWhistle","SE_Bt_Etc_GuuBooWhistle_only","SE_Bt_Etc_OzmaBye",0,10,False,True,0,0,0,0,144,4146,44,100,0,0,100,0,0,True,False,False,False,False,0,0,False
187,"阿馬羅",0,"",0,0,1,0,0,2539,2,1,45,50,50,1,2,74,715,"SE_Bt_Etc_RakudaDragoneWhistle","SE_Bt_Etc_GuuBooWhistle_only","SE_Bt_Etc_RakudaDragoneBye",20,20,False,True,0,65537,65537,0,153,4156,214,100,0,0,60,0,0,False,False,False,False,False,0,0,False
188,"氣墊船",0,"",0,0,1,0,0,2458,2,1,45,15,15,1,2,0,702,"SE_Bt_Etc_HoverWhistle","SE_Bt_Etc_MadoWhistle_only","SE_Bt_Etc_HoverBye",0,10,True,True,0,0,0,0,145,4149,109,100,0,0,60,3,0,True,False,False,False,False,0,0,False
189,"仙子玲龍",0,"",0,0,1,0,0,2482,2,1,45,15,50,1,2,76,700,"SE_Bt_Etc_BanshinryuuWhistle","SE_Bt_Etc_GuuBooWhistle_only","SE_Bt_Etc_BanshinryuuBye",20,20,False,True,0,0,0,0,146,4148,214,100,0,0,60,0,0,False,False,False,False,False,0,0,False
190,"三角龍",0,"",0,0,1,0,0,2536,2,1,45,70,70,1,2,77,319,"SE_Bt_Etc_TorikeratopusuWhistle","SE_Bt_Etc_GuuBooWhistle_only","SE_Bt_Etc_TorikeratopusuBye",20,10,False,True,0,0,0,0,147,4150,35,100,0,0,60,0,0,False,False,False,False,False,0,0,False
191,"青蛙號M",0,"",0,0,1,0,0,2608,2,1,45,15,15,1,2,75,319,"SE_Bt_Etc_DowarfWhistle","SE_Bt_Etc_GuuBooWhistle_only","SE_Bt_Etc_DowarfBye",0,10,False,True,0,0,0,0,148,4151,109,100,0,0,70,0,0,False,False,False,False,False,0,0,False
192,"無瑕玲龍",0,"",0,0,1,0,0,2584,2,1,45,15,50,1,2,76,701,"SE_Bt_Etc_BanshinryuuWhistle","SE_Bt_Etc_GuuBooWhistle_only","SE_Bt_Etc_BanshinryuuBye",20,20,False,True,0,0,0,0,149,4153,214,100,0,0,60,0,0,False,False,False,False,False,0,0,False
193,"魔法飛床",0,"",0,0,1,0,0,2646,2,1,45,85,85,1,2,41,319,"SE_Bt_Etc_ShroudBedWhistle","SE_Bt_Etc_GuuBooWhistle_only","SE_Bt_Etc_ShroudBedBye",0,10,False,False,0,0,0,0,150,4152,29,100,0,0,70,0,0,True,False,False,False,False,0,0,False
194,"大陸之眼",0,"",0,0,1,0,0,2645,2,1,45,15,70,1,2,4,330,"SE_Bt_Etc_AhrimanWhistle","SE_Bt_Etc_ChocoboWhistle_only","SE_Bt_Etc_AhrimanBye",20,10,False,True,0,0,0,0,151,4154,8,100,0,0,50,0,43,True,True,False,False,False,0,0,False
195,"金鬥雲",0,"",0,0,1,0,0,2703,2,1,45,15,15,1,2,30,637,"SE_Bt_Etc_KintounWhistle","SE_Bt_Etc_GuuBooWhistle_only","SE_Bt_Etc_KintounBye",20,20,False,True,0,0,0,0,152,4155,251,100,0,0,70,0,0,True,False,False,False,False,0,0,False
196,"",0,"",0,0,1,0,0,2539,2,1,45,50,50,1,2,74,715,"SE_Bt_Etc_RakudaDragoneWhistle","SE_Bt_Etc_GuuBooWhistle_only","SE_Bt_Etc_RakudaDragoneBye",20,20,False,True,0,65537,65537,0,-1,0,0,100,0,0,60,0,0,False,False,False,False,False,0,0,False
197,"鬥虎",0,"",0,0,1,0,0,2733,2,1,45,15,65,1,2,48,319,"SE_Bt_Etc_ToraWhistle","SE_Bt_Etc_GuuBooWhistle_only","SE_Bt_Etc_ToraBye",20,10,False,True,0,0,0,0,154,4157,45,100,0,0,70,0,0,False,False,False,False,False,0,0,False
198,"",0,"",0,0,1,0,0,2539,2,3,45,50,50,1,2,74,715,"SE_Bt_Etc_RakudaDragoneWhistle","SE_Bt_Etc_GuuBooWhistle_only","SE_Bt_Etc_RakudaDragoneBye",20,20,False,True,0,65537,65537,0,-1,0,0,100,0,0,60,0,0,False,False,False,False,False,0,0,False
199,"",0,"",0,0,1,0,0,2645,2,0,45,15,70,1,2,4,330,"SE_Bt_Etc_AhrimanWhistle","SE_Bt_Etc_ChocoboWhistle_only","SE_Bt_Etc_AhrimanBye",20,10,False,True,0,0,0,0,-1,0,0,100,0,0,50,0,42,True,False,False,False,False,0,0,False
200,"魔界花",0,"",0,0,1,0,0,2752,2,1,45,85,85,1,2,80,731,"SE_Bt_Etc_MolbolWhistle","SE_Bt_Etc_GuuBooWhistle_only","SE_Bt_Etc_MolbolBye",20,10,False,True,0,0,0,0,155,4158,47,100,0,0,60,0,46,False,True,False,False,False,80,80,False
201,"豬大仙",0,"",0,0,1,0,0,2760,2,1,45,50,50,1,2,81,319,"SE_Bt_Etc_FairyOakWhistle","SE_Bt_Etc_GuuBooWhistle_only","SE_Bt_Etc_FairyOakBye",20,10,False,True,0,0,0,0,156,4159,47,100,0,0,60,0,45,True,True,False,False,False,0,0,False
202,"厄毗米修斯",0,"",0,0,1,0,0,2761,2,1,45,15,15,1,2,79,730,"SE_Bt_Etc_PrometeusWhistle","SE_Bt_Etc_MadoWhistle_only","SE_Bt_Etc_PrometeusBye",0,10,False,True,0,0,0,0,157,4160,5,100,0,0,60,0,0,False,False,False,False,False,0,0,False
203,"墨諾提俄斯",0,"",0,0,1,0,0,2762,2,1,45,15,15,1,2,79,730,"SE_Bt_Etc_PrometeusWhistle","SE_Bt_Etc_MadoWhistle_only","SE_Bt_Etc_PrometeusBye",0,10,False,True,0,0,0,0,158,4161,5,100,0,0,60,0,0,False,False,False,False,False,0,0,False
204,"建築7號",0,"",0,0,1,0,0,2771,2,1,45,15,15,1,2,82,729,"SE_Bt_Etc_KoboldGolemWhistle","SE_Bt_Etc_MadoWhistle_only","SE_Bt_Etc_KoboldGolemBye",0,10,False,False,0,0,0,0,159,4162,110,100,0,0,60,0,0,False,False,False,False,False,0,0,False
205,"暗影玲龍",0,"",0,0,1,0,0,2772,2,1,45,15,50,1,2,76,728,"SE_Bt_Etc_BanshinryuuWhistle","SE_Bt_Etc_GuuBooWhistle_only","SE_Bt_Etc_BanshinryuuBye",20,20,False,True,0,0,0,0,160,4163,214,100,0,0,60,0,0,False,False,False,False,False,0,0,False
206,"搬運魔石精",0,"",0,0,1,0,0,2717,2,1,45,15,15,1,2,78,638,"SE_Bt_Etc_SpriganWhistle","SE_Bt_Etc_GuuBooWhistle_only","SE_Bt_Etc_SpriganBye",20,10,False,True,0,0,0,0,161,4164,47,100,0,0,60,0,0,False,False,False,False,False,0,0,False
207,"得到寬恕的沉默",0,"",0,0,1,0,0,2728,2,1,45,85,85,1,2,83,319,"SE_Bt_Etc_YonsokuTenshiWhistle","SE_Bt_Etc_GuuBooWhistle_only","SE_Bt_Etc_YonsokuTenshiBye",20,10,False,True,0,0,0,0,162,4165,47,100,9,3,60,0,0,False,False,False,False,False,0,0,False
208,"長頸駝",0,"",0,0,1,0,0,2726,2,1,45,85,85,1,2,84,319,"SE_Bt_Etc_DhalmelWhistle","SE_Bt_Etc_GuuBooWhistle_only","SE_Bt_Etc_DhalmelBye",20,10,False,True,0,0,0,0,163,4166,48,100,0,0,60,0,0,False,False,False,False,False,80,80,False
209,"白化黑羊",0,"",0,0,1,0,0,2798,2,1,45,85,85,1,2,85,319,"SE_Bt_Etc_SheepWhistle","SE_Bt_Etc_GuuBooWhistle_only","SE_Bt_Etc_SheepBye",20,10,False,True,0,0,0,0,164,4167,48,100,9,3,60,0,0,False,False,False,False,False,0,0,False
210,"",0,"",0,0,1,0,0,2760,2,1,45,50,50,1,2,81,319,"SE_Bt_Etc_FairyOakWhistle","SE_Bt_Etc_GuuBooWhistle_only","SE_Bt_Etc_FairyOakBye",20,10,False,True,0,0,0,0,-1,0,0,100,0,0,60,0,44,False,False,False,False,False,0,0,False
211,"巫菲提",0,"",0,0,1,0,0,2838,2,1,45,85,85,1,2,53,319,"SE_Bt_Etc_GorilaWhistle","SE_Bt_Etc_GuuBooWhistle_only","SE_Bt_Etc_GorilaBye",20,10,False,True,0,0,0,0,165,4168,47,100,12,3,50,0,0,False,False,False,False,False,0,0,False
212,"恐爪龍",0,"",0,0,1,0,0,2725,2,1,45,70,70,1,2,101,319,"SE_Bt_Etc_RaptorWhistle","SE_Bt_Etc_GuuBooWhistle_only","SE_Bt_Etc_RaptorBye",20,10,False,True,0,0,0,0,199,4208,53,100,0,0,60,0,0,False,False,False,False,False,80,80,False
213,"勞動十四號",0,"",0,0,1,0,0,2727,2,1,45,15,15,1,2,86,319,"SE_Bt_Etc_Labor8Whistle","SE_Bt_Etc_GuuBooWhistle_only","SE_Bt_Etc_Labor8Bye",0,10,False,True,0,0,0,0,166,4175,111,100,0,0,60,0,0,False,False,False,False,False,80,60,False
214,"王孔雀",0,"",0,0,1,0,0,2799,2,1,45,15,50,1,2,87,638,"SE_Bt_Etc_PeacockWhistle","SE_Bt_Etc_GuuBooWhistle_only","SE_Bt_Etc_PeacockBye",20,10,False,True,0,0,0,0,167,4176,252,100,0,0,60,0,47,False,True,False,False,False,80,80,False
215,"水蛇大人的罐子",0,"",0,0,1,0,0,2861,2,1,45,15,15,1,2,0,319,"SE_Bt_Etc_TsuchinokoWhistle","SE_Bt_Etc_GuuBooWhistle_only","SE_Bt_Etc_TsuchinokoBye",0,10,False,True,0,0,0,0,168,4174,49,100,0,0,60,0,49,True,True,False,False,False,80,80,False
216,"無齒翼龍",0,"",0,0,1,0,0,2862,2,1,45,15,70,1,2,88,788,"SE_Bt_Etc_PteranodonWhistle","SE_Bt_Etc_GuuBooWhistle_only","SE_Bt_Etc_PteranodonBye",20,10,False,True,0,0,0,0,169,4169,50,100,0,0,40,0,0,True,False,False,False,False,80,80,False
217,"紅寶石玲龍",0,"",0,0,1,0,0,2863,2,1,45,15,50,1,2,76,753,"SE_Bt_Etc_BanshinryuuWhistle","SE_Bt_Etc_GuuBooWhistle_only","SE_Bt_Etc_BanshinryuuBye",20,20,False,True,0,0,0,0,170,4170,214,100,0,0,60,0,0,False,False,False,False,False,0,0,False
218,"弓鮫",0,"",0,0,1,0,0,2900,2,1,45,15,15,1,2,89,319,"SE_Bt_Etc_SharkWhistle","SE_Bt_Etc_GuuBooWhistle_only","SE_Bt_Etc_SharkBye",20,20,False,False,0,0,0,0,171,4171,50,100,0,0,60,0,0,True,False,False,False,False,80,80,False
219,"拉姆",0,"",0,0,1,0,0,2901,2,1,45,85,85,1,2,90,754,"SE_Bt_Etc_1stRamuhWhistle","SE_Bt_Etc_GuuBooWhistle_only","SE_Bt_Etc_1stRamuhBye",20,20,False,True,0,0,0,0,172,4172,50,100,0,0,60,0,0,True,False,False,False,False,80,80,False
220,"紅電氣寶石獸",0,"",0,0,1,0,0,2913,2,1,45,70,70,1,2,51,638,"SE_Bt_Etc_CarbuncleWhistle","SE_Bt_Etc_HarpieWhistle_only","SE_Bt_Etc_CarbuncleBye",20,10,False,True,0,0,0,0,173,4173,39,120,0,0,50,0,0,False,False,False,False,False,0,0,False
221,"",0,"",0,0,1,0,0,2861,2,1,45,15,15,1,2,0,319,"SE_Bt_Etc_TsuchinokoWhistle","SE_Bt_Etc_GuuBooWhistle_only","SE_Bt_Etc_TsuchinokoBye",0,10,False,True,0,0,0,0,-1,0,0,100,0,0,60,0,48,False,False,False,False,False,80,80,False
222,"陸行鳥篷車",0,"",0,0,1,0,0,2949,2,1,5,15,15,1,2,0,62,"SE_Bt_Etc_CCarriageWhistle","SE_Bt_Etc_ChocoboWhistle_only","SE_Bt_Etc_CCarriageBye",20,10,False,True,0,0,0,0,175,4177,1,100,0,0,60,3,0,False,False,False,False,False,80,80,False
223,"矮人戰車",0,"",0,0,1,0,0,2950,2,1,45,15,15,1,2,0,319,"SE_Bt_Etc_DTankWhistle","SE_Bt_Etc_MadoWhistle_only","SE_Bt_Etc_DTankBye",0,10,False,True,0,0,0,0,176,4178,111,100,0,0,100,0,51,False,True,False,False,False,80,80,False
224,"加百列α",0,"",0,0,1,0,0,2951,2,1,45,15,15,1,2,91,779,"SE_Bt_Etc_ZeroGabrielWhistle","SE_Bt_Etc_MadoWhistle_only","SE_Bt_Etc_ZeroGabrieBye",0,10,False,False,0,0,0,0,177,4179,111,100,0,0,60,0,0,True,False,False,False,False,80,80,False
225,"碩山羊",0,"",0,0,1,0,0,2952,2,1,45,85,85,1,2,92,319,"SE_Bt_Etc_GazelleWhistle","SE_Bt_Etc_GuuBooWhistle_only","SE_Bt_Etc_GazelleBye",20,10,False,True,0,0,0,0,178,4180,51,100,0,0,60,0,0,False,False,False,False,False,80,80,False
226,"光之玲龍",0,"",0,0,1,0,0,2976,2,1,45,15,50,1,2,76,778,"SE_Bt_Etc_BanshinryuuWhistle","SE_Bt_Etc_GuuBooWhistle_only","SE_Bt_Etc_BanshinryuuBye",20,20,False,True,0,0,0,0,179,4181,214,100,0,0,60,0,0,False,False,False,False,False,0,0,False
227,"",0,"",0,0,1,0,0,2950,2,1,45,15,15,1,2,0,319,"SE_Bt_Etc_DTankWhistle","SE_Bt_Etc_MadoWhistle_only","SE_Bt_Etc_DTankBye",0,10,False,True,0,0,0,0,-1,0,0,100,0,0,100,0,50,False,False,False,False,False,80,80,False
228,"地縛貓沙發",0,"",0,0,1,0,0,2974,2,1,45,15,15,1,2,94,319,"SE_Bt_Etc_YKWChairWhistle","SE_Bt_Etc_GuuBooWhistle_only","SE_Bt_Etc_YKWChairBye",0,10,False,True,0,0,0,0,180,4182,253,100,0,0,60,0,0,True,False,False,False,False,80,80,False
229,"改良型魔導運輸器",0,"",0,0,1,0,0,3005,2,1,45,15,15,1,2,63,319,"SE_Bt_Etc_HakaseIsuWhistle","SE_Bt_Etc_MadoWhistle_only","SE_Bt_Etc_HakaseIsuBye",0,10,False,True,0,0,0,0,181,4183,31,100,0,0,50,0,0,True,False,False,False,False,0,0,False
230,"艾爾·圖",0,"",0,0,1,0,0,2975,2,1,45,15,50,1,2,93,319,"SE_Bt_Etc_ErtoWhistle","SE_Bt_Etc_GuuBooWhistle_only","SE_Bt_Etc_ErtoBye",20,20,False,True,0,0,0,0,182,4184,216,100,0,0,60,0,0,False,False,False,False,False,80,80,False
231,"英西塔土斯",0,"",0,0,1,0,0,3006,2,1,45,70,70,1,2,5,319,"SE_Bt_Etc_UnicornWhistle","SE_Bt_Etc_GuuBooWhistle_only","SE_Bt_Etc_UnicornBye",20,10,False,True,0,0,0,0,183,4185,200,65,0,0,70,0,0,False,False,False,False,False,0,0,False
232,"雪人",0,"",0,0,1,0,0,3043,2,1,45,15,15,1,2,96,319,"SE_Bt_Etc_SnowmanWhistle","SE_Bt_Etc_GuuBooWhistle_only","SE_Bt_Etc_SnowmanBye",0,10,False,False,0,0,0,0,174,4186,112,100,0,0,60,0,0,False,False,False,False,False,80,80,False
233,"真月魔導鯨",0,"",0,0,1,0,0,3044,2,1,45,15,15,1,2,0,805,"SE_Bt_Etc_FF4MadosenWhistle","SE_Bt_Etc_MadoWhistle_only","SE_Bt_Etc_FF4MadosenBye",0,10,False,False,0,0,0,0,184,4187,113,100,0,0,60,7,0,True,False,False,False,False,80,80,False
234,"伊甸",0,"",0,0,1,0,0,3045,2,1,45,15,15,1,2,97,804,"SE_Bt_Etc_EdenPrimelWhistle","SE_Bt_Etc_MadoWhistle_only","SE_Bt_Etc_EdenPrimeBye",0,10,False,True,0,0,0,0,185,4188,114,100,0,0,60,0,52,True,True,False,False,False,80,80,False
235,"刻耳柏洛斯",0,"",0,0,1,0,0,3046,2,1,45,70,70,1,2,95,779,"SE_Bt_Etc_CerberusWhistle","SE_Bt_Etc_GuuBooWhistle_only","SE_Bt_Etc_CerberusBye",20,20,False,True,0,0,0,0,186,4189,52,100,0,0,60,3,0,False,False,False,False,False,80,80,False
236,"大殼蟹",0,"",0,0,1,0,0,3047,2,1,45,15,15,1,2,98,319,"SE_Bt_Etc_FF11CrabWhistle","SE_Bt_Etc_GuuBooWhistle_only","SE_Bt_Etc_FF11CrabBye",20,20,False,True,0,0,0,0,187,4190,52,100,0,0,60,0,0,False,False,False,False,False,80,80,False
237,"",0,"",0,0,0,0,0,0,0,0,0,0,0,0,0,0,0,"","","",0,0,False,False,0,0,0,0,0,0,0,0,0,0,0,0,0,False,False,False,False,False,0,0,False
238,"綠寶石玲龍",0,"",0,0,1,0,0,3100,2,1,45,15,50,1,2,76,803,"SE_Bt_Etc_BanshinryuuWhistle","SE_Bt_Etc_GuuBooWhistle_only","SE_Bt_Etc_BanshinryuuBye",20,20,False,True,0,0,0,0,189,4192,214,100,0,0,60,0,0,False,False,False,False,False,0,0,False
239,"原型魔導機車大魔",0,"",0,0,1,0,0,3101,2,1,45,15,15,1,2,71,319,"SE_Bt_Etc_MagunarodersWhistle","SE_Bt_Etc_MadoWhistle_only","SE_Bt_Etc_MagunarodersBye",20,10,False,True,0,0,0,0,190,4193,4,100,0,0,70,0,0,False,False,False,False,False,0,0,False
240,"巧克力小妖",0,"",0,0,1,0,0,3102,2,1,45,15,70,1,2,54,319,"SE_Bt_Etc_MarimokunWhistle","SE_Bt_Etc_GuuBooWhistle_only","SE_Bt_Etc_MarimokunBye",20,10,False,True,0,0,0,0,191,4194,40,120,0,0,40,0,0,False,False,False,False,False,0,0,False
241,"加百列III號機",0,"",0,0,1,0,0,3103,2,1,45,15,15,1,2,91,779,"SE_Bt_Etc_ZeroGabrielWhistle","SE_Bt_Etc_MadoWhistle_only","SE_Bt_Etc_ZeroGabrieBye",0,10,False,False,0,0,0,0,192,4195,111,100,0,0,60,0,0,True,False,False,False,False,80,80,False
242,"雌羚羊",0,"",0,0,1,0,0,3104,2,1,45,70,70,1,2,1,319,"SE_Bt_Etc_YackleFWhistle","SE_Bt_Etc_GuuBooWhistle_only","SE_Bt_Etc_YackleFBye",20,10,False,True,0,0,0,0,203,4197,54,100,0,0,55,0,0,False,False,False,False,False,80,80,False
243,"雄羚羊",0,"",0,0,1,0,0,3105,2,1,45,70,70,1,2,1,319,"SE_Bt_Etc_YackleMWhistle","SE_Bt_Etc_GuuBooWhistle_only","SE_Bt_Etc_YackleMBye",20,10,False,True,0,0,0,0,204,4198,54,100,0,0,55,0,0,False,False,False,False,False,80,80,False
244,"",0,"",0,0,1,0,0,2,2,0,45,0,15,0,0,0,121,"SE_Bt_Etc_MadoWhistle","SE_Bt_Etc_MadoWhistle_only","SE_Bt_Etc_MadoBye",0,10,False,True,0,524289,0,0,-1,0,0,77,0,0,70,0,0,False,False,False,False,False,0,0,False
245,"黑鋼機龍連達巴非",0,"",0,0,1,0,0,3115,2,1,45,15,15,1,2,100,813,"SE_Bt_Etc_MechDragonWhistle","SE_Bt_Etc_MadoWhistle_only","SE_Bt_Etc_MechDragonBye",0,10,False,True,0,0,0,0,200,4199,215,100,0,0,70,1,0,False,False,False,False,False,80,80,False
246,"王冠號",0,"",0,0,1,0,0,3171,2,1,45,15,15,1,2,0,779,"SE_Bt_Etc_Bike12Whistle","SE_Bt_Etc_MadoWhistle_only","SE_Bt_Etc_Bike12Bye",0,10,False,True,0,0,0,0,201,4200,115,100,0,0,70,1,0,True,False,False,False,False,80,80,False
247,"巡航驅逐者",0,"",0,0,1,0,0,3172,2,1,45,15,15,1,2,102,812,"SE_Bt_Etc_CChaserWhistle","SE_Bt_Etc_MadoWhistle_only","SE_Bt_Etc_CChaserBye",0,10,False,True,0,0,0,0,202,4201,116,100,0,0,70,1,0,True,False,False,False,False,80,80,False
248,"建築06S號",0,"",0,0,1,0,0,3175,2,1,45,15,15,1,2,82,319,"SE_Bt_Etc_KoboldGolemWhistle","SE_Bt_Etc_MadoWhistle_only","SE_Bt_Etc_KoboldGolemBye",0,10,False,False,0,0,0,0,193,4196,110,100,0,0,60,0,0,False,False,False,False,False,0,0,False
249,"鑽石玲龍",0,"",0,0,1,0,0,3235,2,1,45,15,50,1,2,76,811,"SE_Bt_Etc_BanshinryuuWhistle","SE_Bt_Etc_GuuBooWhistle_only","SE_Bt_Etc_BanshinryuuBye",20,20,False,True,0,0,0,0,194,4209,214,100,0,0,60,0,0,False,False,False,False,False,0,0,False
250,"北極熊",0,"",0,0,1,0,0,3236,2,1,45,15,70,1,2,9,319,"SE_Bt_Etc_XmasKumaWhistle","SE_Bt_Etc_GuuBooWhistle_only","SE_Bt_Etc_XmasKumaBye",20,10,False,True,0,0,0,0,195,4210,37,65,12,3,70,0,53,False,True,False,False,False,0,0,False
251,"",0,"",0,0,0,0,0,0,0,0,0,0,0,0,0,0,0,"","","",0,0,False,False,0,0,0,0,0,0,0,0,0,0,0,0,0,False,False,False,False,False,0,0,False
252,"巨鯰魚金轎",0,"",0,0,1,0,0,3237,2,1,45,15,15,1,2,70,570,"SE_Bt_Etc_NamazuoWhistle","SE_Bt_Etc_GuuBooWhistle_only","SE_Bt_Etc_NamazuoBye",20,10,False,False,0,0,0,0,196,4211,105,100,0,0,50,0,41,False,True,False,False,False,0,0,False
253,"金蛇大人的罐子",0,"",0,0,1,0,0,3238,2,1,45,15,15,1,2,0,815,"SE_Bt_Etc_TsuchinokoWhistle","SE_Bt_Etc_GuuBooWhistle_only","SE_Bt_Etc_TsuchinokoBye",0,10,False,True,0,0,0,0,197,4212,49,100,0,0,60,0,49,True,True,False,False,False,80,80,False
254,"魔法幻卡",0,"",0,0,1,0,0,3239,2,1,45,15,15,1,2,103,814,"SE_Bt_Etc_TTCWhistle","SE_Bt_Etc_GuuBooWhistle_only","SE_Bt_Etc_TTCBye",0,10,False,True,0,0,0,0,198,4213,117,100,0,0,60,0,0,True,False,False,False,False,80,80,False
255,"",0,"",0,0,0,0,0,0,0,0,0,0,0,0,0,0,0,"","","",0,0,False,False,0,0,0,0,0,0,0,0,0,0,0,0,0,False,False,False,False,False,0,0,False
256,"",0,"",0,0,0,0,0,0,0,0,0,0,0,0,0,0,0,"","","",0,0,False,False,0,0,0,0,0,0,0,0,0,0,0,0,0,False,False,False,False,False,0,0,False
257,"",0,"",0,0,0,0,0,0,0,0,0,0,0,0,0,0,0,"","","",0,0,False,False,0,0,0,0,0,0,0,0,0,0,0,0,0,False,False,False,False,False,0,0,False
258,"",0,"",0,0,0,0,0,0,0,0,0,0,0,0,0,0,0,"","","",0,0,False,False,0,0,0,0,0,0,0,0,0,0,0,0,0,False,False,False,False,False,0,0,False
259,"",0,"",0,0,0,0,0,0,0,0,0,0,0,0,0,0,0,"","","",0,0,False,False,0,0,0,0,0,0,0,0,0,0,0,0,0,False,False,False,False,False,0,0,False
260,"",0,"",0,0,0,0,0,0,0,0,0,0,0,0,0,0,0,"","","",0,0,False,False,0,0,0,0,0,0,0,0,0,0,0,0,0,False,False,False,False,False,0,0,False
261,"",0,"",0,0,1,0,0,3240,2,1,45,70,70,1,2,1,889,"SE_Bt_Etc_Mount_Maju_call","SE_Bt_Etc_GuuBooWhistle_only","SE_Bt_Etc_Mount_Maju_bye",20,10,False,True,0,0,0,0,205,4214,217,100,0,0,60,0,0,False,False,False,False,False,80,80,False
262,"",0,"",0,0,1,0,0,3418,2,1,45,70,70,1,2,1,890,"SE_Bt_Etc_Mount_Maju_call","SE_Bt_Etc_GuuBooWhistle_only","SE_Bt_Etc_Mount_Maju_bye",20,10,False,True,0,0,0,0,206,4215,217,100,0,0,60,0,0,False,False,False,False,False,80,80,False
263,"",0,"",0,0,1,0,0,3241,2,1,45,70,70,1,2,0,895,"SE_Bt_Etc_Mount_MoonDog_call","SE_Bt_Etc_GuuBooWhistle_only","SE_Bt_Etc_Mount_MoonDog_bye",20,10,False,True,0,0,0,0,207,4216,83,100,0,0,60,0,0,False,False,False,False,False,80,80,False
264,"",0,"",0,0,1,0,0,3280,2,1,45,15,15,1,2,104,895,"SE_Bt_Etc_Mount_Dread_call","SE_Bt_Etc_MadoWhistle_only","SE_Bt_Etc_Mount_Dread_bye",0,10,False,True,0,0,0,0,208,4217,118,100,0,0,60,0,0,False,False,False,False,False,80,80,False
265,"",0,"",0,0,1,0,0,3281,2,1,45,70,70,1,2,105,891,"SE_Bt_Etc_Mount_Phoenix_call","SE_Bt_Etc_GuuBooWhistle_only","SE_Bt_Etc_Mount_Phoenix_bye",20,10,False,True,0,0,0,0,209,4218,87,100,0,0,60,0,0,True,False,False,False,False,80,80,False
266,"",0,"",0,0,1,0,0,3282,2,1,45,70,70,1,2,1,895,"SE_Bt_Etc_Mount_Boar_call","SE_Bt_Etc_GuuBooWhistle_only","SE_Bt_Etc_Mount_Boar_bye",20,10,False,True,0,0,0,0,210,4219,84,100,0,0,60,0,0,False,False,False,False,False,80,80,False
267,"",0,"",0,0,1,0,0,3283,2,1,45,70,70,1,2,1,895,"SE_Bt_Etc_Mount_Bulldog_call","SE_Bt_Etc_GuuBooWhistle_only","SE_Bt_Etc_Mount_Bulldog_bye",20,10,False,True,0,0,0,0,211,4220,86,100,0,0,60,0,0,False,False,False,False,False,80,80,False
268,"",0,"",0,0,1,0,0,3284,2,1,45,15,15,1,2,107,895,"SE_Bt_Etc_Mount_LvChecker_call","SE_Bt_Etc_MadoWhistle_only","SE_Bt_Etc_Mount_LvChecker_bye",0,10,False,True,0,0,0,0,212,4221,119,100,0,0,60,0,0,False,False,False,False,False,80,80,False
269,"",0,"",0,0,1,0,0,3285,2,1,45,15,15,1,2,106,638,"SE_Bt_Etc_Mount_Paissa_call","SE_Bt_Etc_GuuBooWhistle_only","SE_Bt_Etc_Mount_Paissa_bye",20,10,False,False,0,0,0,0,213,4222,88,100,0,0,60,0,55,False,True,False,False,False,80,80,False
270,"",0,"",0,0,1,0,0,1412,2,1,45,15,50,1,2,25,0,"SE_Bt_Etc_TwinTaniaWhistle","SE_Bt_Etc_GuuBooWhistle_only","SE_Bt_Etc_TwinTaniaBye",20,20,False,True,0,0,0,0,-1,0,0,120,9,3,60,0,0,False,False,False,False,False,0,0,True
271,"",0,"",0,0,1,0,0,3171,2,1,45,15,15,1,2,0,0,"SE_Bt_Etc_Bike12Whistle","SE_Bt_Etc_MadoWhistle_only","SE_Bt_Etc_Bike12Bye",0,10,False,True,0,0,0,0,-1,0,0,100,0,0,70,1,0,True,False,False,False,False,80,80,True
272,"",0,"",0,0,1,0,0,3416,2,0,45,0,15,0,0,0,895,"SE_Bt_Etc_MadoWhistle","SE_Bt_Etc_MadoWhistle_only","SE_Bt_Etc_MadoBye",0,10,False,True,0,65539,0,0,-1,0,0,77,0,0,70,0,54,False,False,False,False,True,0,0,False
273,"",0,"",0,0,1,0,0,3419,2,1,45,70,70,1,2,77,895,"SE_Bt_Etc_Mount_FF11Wivre_call","SE_Bt_Etc_GuuBooWhistle_only","SE_Bt_Etc_Mount_FF11Wivre_bye",20,10,False,True,0,0,0,0,214,4223,85,100,0,0,60,0,0,False,False,False,False,False,0,0,False
274,"",0,"",0,0,1,0,0,3420,2,1,45,50,50,1,2,81,895,"SE_Bt_Etc_FairyOakWhistle","SE_Bt_Etc_GuuBooWhistle_only","SE_Bt_Etc_FairyOakBye",20,10,False,True,0,0,0,0,215,4224,68,100,0,0,60,0,45,True,True,False,False,False,0,0,False
275,"",0,"",0,0,1,0,0,3553,2,1,45,15,70,1,2,61,895,"SE_Bt_Etc_DodoWhistle","SE_Bt_Etc_GuuBooWhistle_only","SE_Bt_Etc_DodoBye",20,10,False,True,0,0,0,0,-1,0,0,100,0,0,50,0,0,False,False,False,False,False,0,0,False
276,"",0,"",0,0,0,0,0,0,0,0,0,0,0,0,0,0,0,"","","",0,0,False,False,0,0,0,0,0,0,0,0,0,0,0,0,0,False,False,False,False,False,0,0,False
277,"",0,"",0,0,0,0,0,0,0,0,0,0,0,0,0,0,0,"","","",0,0,False,False,0,0,0,0,0,0,0,0,0,0,0,0,0,False,False,False,False,False,0,0,False
278,"",0,"",0,0,0,0,0,0,0,0,0,0,0,0,0,0,0,"","","",0,0,False,False,0,0,0,0,0,0,0,0,0,0,0,0,0,False,False,False,False,False,0,0,False
279,"",0,"",0,0,0,0,0,0,0,0,0,0,0,0,0,0,0,"","","",0,0,False,False,0,0,0,0,0,0,0,0,0,0,0,0,0,False,False,False,False,False,0,0,False
280,"",0,"",0,0,0,0,0,0,0,0,0,0,0,0,0,0,0,"","","",0,0,False,False,0,0,0,0,0,0,0,0,0,0,0,0,0,False,False,False,False,False,0,0,False
281,"",0,"",0,0,0,0,0,0,0,0,0,0,0,0,0,0,0,"","","",0,0,False,False,0,0,0,0,0,0,0,0,0,0,0,0,0,False,False,False,False,False,0,0,False
282,"",0,"",0,0,0,0,0,0,0,0,0,0,0,0,0,0,0,"","","",0,0,False,False,0,0,0,0,0,0,0,0,0,0,0,0,0,False,False,False,False,False,0,0,False
283,"",0,"",0,0,0,0,0,0,0,0,0,0,0,0,0,0,0,"","","",0,0,False,False,0,0,0,0,0,0,0,0,0,0,0,0,0,False,False,False,False,False,0,0,False
284,"",0,"",0,0,0,0,0,0,0,0,0,0,0,0,0,0,0,"","","",0,0,False,False,0,0,0,0,0,0,0,0,0,0,0,0,0,False,False,False,False,False,0,0,False
285,"",0,"",0,0,0,0,0,0,0,0,0,0,0,0,0,0,0,"","","",0,0,False,False,0,0,0,0,0,0,0,0,0,0,0,0,0,False,False,False,False,False,0,0,False
286,"",0,"",0,0,0,0,0,0,0,0,0,0,0,0,0,0,0,"","","",0,0,False,False,0,0,0,0,0,0,0,0,0,0,0,0,0,False,False,False,False,False,0,0,False
287,"",0,"",0,0,0,0,0,0,0,0,0,0,0,0,0,0,0,"","","",0,0,False,False,0,0,0,0,0,0,0,0,0,0,0,0,0,False,False,False,False,False,0,0,False
288,"",0,"",0,0,0,0,0,0,0,0,0,0,0,0,0,0,0,"","","",0,0,False,False,0,0,0,0,0,0,0,0,0,0,0,0,0,False,False,False,False,False,0,0,False
289,"",0,"",0,0,0,0,0,0,0,0,0,0,0,0,0,0,0,"","","",0,0,False,False,0,0,0,0,0,0,0,0,0,0,0,0,0,False,False,False,False,False,0,0,False
290,"",0,"",0,0,0,0,0,0,0,0,0,0,0,0,0,0,0,"","","",0,0,False,False,0,0,0,0,0,0,0,0,0,0,0,0,0,False,False,False,False,False,0,0,False
291,"",0,"",0,0,0,0,0,0,0,0,0,0,0,0,0,0,0,"","","",0,0,False,False,0,0,0,0,0,0,0,0,0,0,0,0,0,False,False,False,False,False,0,0,False
292,"",0,"",0,0,0,0,0,0,0,0,0,0,0,0,0,0,0,"","","",0,0,False,False,0,0,0,0,0,0,0,0,0,0,0,0,0,False,False,False,False,False,0,0,False
293,"",0,"",0,0,0,0,0,0,0,0,0,0,0,0,0,0,0,"","","",0,0,False,False,0,0,0,0,0,0,0,0,0,0,0,0,0,False,False,False,False,False,0,0,False
294,"",0,"",0,0,0,0,0,0,0,0,0,0,0,0,0,0,0,"","","",0,0,False,False,0,0,0,0,0,0,0,0,0,0,0,0,0,False,False,False,False,False,0,0,False
295,"",0,"",0,0,0,0,0,0,0,0,0,0,0,0,0,0,0,"","","",0,0,False,False,0,0,0,0,0,0,0,0,0,0,0,0,0,False,False,False,False,False,0,0,False
296,"",0,"",0,0,0,0,0,0,0,0,0,0,0,0,0,0,0,"","","",0,0,False,False,0,0,0,0,0,0,0,0,0,0,0,0,0,False,False,False,False,False,0,0,False
297,"",0,"",0,0,0,0,0,0,0,0,0,0,0,0,0,0,0,"","","",0,0,False,False,0,0,0,0,0,0,0,0,0,0,0,0,0,False,False,False,False,False,0,0,False
298,"",0,"",0,0,0,0,0,0,0,0,0,0,0,0,0,0,0,"","","",0,0,False,False,0,0,0,0,0,0,0,0,0,0,0,0,0,False,False,False,False,False,0,0,False
299,"",0,"",0,0,0,0,0,0,0,0,0,0,0,0,0,0,0,"","","",0,0,False,False,0,0,0,0,0,0,0,0,0,0,0,0,0,False,False,False,False,False,0,0,False
300,"",0,"",0,0,0,0,0,0,0,0,0,0,0,0,0,0,0,"","","",0,0,False,False,0,0,0,0,0,0,0,0,0,0,0,0,0,False,False,False,False,False,0,0,False
