key,0,1,2,3,4,5,6,7,8,9,10
#,Number,,Link,Quest,,Icon,Image,Rarity,NameJP,Name,Description
offset,28,29,30,12,16,20,24,31,8,0,4
int32,byte,byte,byte,Quest,int32,Image,Image,byte,str,str,str
0,0,0,0,0,0,0,0,0,"","",""
1,1,0,0,69478,0,72601,72501,1,"白沙恩·烏爾嘉失","Bajsaljen Ulgasch","54歲。硌獅族。出生於舊博茲雅王都博茲雅。<hex:02100103>博茲雅義軍的領導者。<hex:02100103><hex:02100103>立志從加雷馬帝國手中解放博茲雅管區，使其恢復國家主權。<hex:02100103><hex:02100103>從醫學總院畢業後被帝國軍征為軍醫，在獲得諸多功勳之後，成為了帝國名譽市民。然而在一次遠征鎮壓叛亂的途中，發生了博茲雅堡壘蒸發事件，他的妻兒因此而喪命。<hex:02100103>自那之後，他很快就和理念相同的同伴一起拋棄了帝國，逃離軍隊後參加了潛伏在地下的抵抗組織。<hex:02100103><hex:02100103>從軍之際，他曾一度認為這樣的人生也不錯，但在事件發生後，他徹底轉變了想法，對帝國的憎恨無人能及。<hex:02100103>但是，理智的白沙恩一直在極力抑制這種負面情感，他以史為鑒，深知讓情感支配行動只會造成更多的悲劇。<hex:02100103><hex:02100103>重現了女王之刃（義軍武器）、使女王的親衛隊重獲新生的白沙恩為了將第四軍團驅逐出博茲雅，終於拉開了反擊的序幕。<hex:02100103>"
2,2,0,0,69478,0,72602,72502,1,"馬爾夏克·亞佩拉","Marsak Apella","42歲。硌獅族。出生於博茲雅管區博茲雅堡壘。<hex:02100103>博茲雅義軍的一員。<hex:02100103><hex:02100103>作為白沙恩的左膀右臂大顯身手。<hex:02100103>父母和兄弟在博茲雅堡壘蒸發事件中喪生時，他還是一名帝國兵。事後，他離開軍隊加入了抵抗組織。<hex:02100103>他尊白沙恩為師，負責義軍的資金物資籌措、人才培育等工作。特別是在對外聯絡方面，例如和多瑪的飛燕、東阿爾迪納德商會交涉的時候，他都表現出了應有的才能。由於性格溫厚，他身為聯絡中間人廣受信賴。<hex:02100103><hex:02100103>雖然憎恨帝國，但他作為行省市民長大，也對帝國抱有十分複雜的感情。因此，他的處事原則就是絕不將國家和人民混為一談。從某種意義上來說，他也是一個老好人，說話時柔和的語調常常能令他人卸下心防。<hex:02100103>作為一名戰士，周圍人對他的評價也很高。畢竟他是得到了羅斯提克真傳的絕槍戰士。性格溫厚、值得信賴，以保護他人為己任，這就是馬爾夏克。<hex:02100103>"
3,3,0,0,69478,0,72603,72503,1,"澤文·斯瓦楠失","Xeven Svanasch","47歲。硌獅族。<hex:02100103>博茲雅義軍的一員。新生女王之刃中的一人。<hex:02100103><hex:02100103>出生地不明。澤文被認為是博茲雅人，但沒有一個人知道他的過去。他本人也不喜歡提及自己的過去，但從少量情報中可知他曾為了追求魔法的極致而輾轉各地。南至薩維奈，東至遠東之國，北至加雷馬帝國首都……他的足跡可謂是遍布了全世界。<hex:02100103>他想要成為魔術師的契機就發生在他到訪艾歐澤亞的時候。為了拯救身患不治之症的母親，他和父親兩人動身前往了格里達尼亞。遺憾的是，治癒方法一無所獲，母親也在他們奔走時去世了。母親的病因加雷馬帝國侵佔博茲雅而生，喪母之痛足以讓他那幼小的心靈萌生對帝國的憎恨和復仇的慾望。<hex:02100103>在旅行途中，澤文見識到了各種魔法，他決定將那些知識都帶回博茲雅，想通過自學魔法為解放博茲雅貢獻出自己的力量。<hex:02100103>澤文將在各地習得的魔法融合成獨特的魔法體系，但他從不把這些知識授予他人。因為這些魔法以破壞為主，如果使用者心術不正，很有可能釀成災難。<hex:02100103>澤文在不知不覺中成為了一個獨一無二的魔術師，士兵們對他敬畏有加，甚至把他當作軍神一樣崇拜。<hex:02100103>他並不害怕戰死沙場。不如說他期盼著死亡。他曾在達爾馬斯卡的大迷宮遇到過一個詭異的異國魔術師，那個魔術師預言了他的未來。雖然聽不懂異國的語言，但他還是明白了其中的意思。待博茲雅燃起解放的狼煙之時，澤文的死期亦將到來。如今，南方博茲雅戰線上戰火正燃，他無需畏懼，只需要作為一把利劍，作為新生女王之刃戰至死亡即可。因此，澤文並不害怕死亡。<hex:02100103>而那個預言，如今似乎即將成真……<hex:02100103>"
4,4,0,0,69478,0,72604,72504,2,"伊索爾德·科維","Isolde Covey","26歲。人族。出生於達爾馬斯卡管區雷蒙德。<hex:02100103>博茲雅義軍的一員。新生女王之刃中的一人。<hex:02100103><hex:02100103>純正的博茲雅人。她的父母是逃到了達爾馬斯卡的博茲雅難民，在達爾馬斯卡淪為帝國行省之後，他們拒絕了帝國發布的博茲雅難民歸國政策，移居到了雷蒙德。伊索爾德以行省市民的身份出生，也接受了帝國式的教育，但她卻更加喜歡博茲雅的歌舞。博茲雅歌曲的最大特點就是極快的節奏和高昂的旋律。歌詞以平民生活和大自然為基調，大部分都是有關戀愛的樂曲。在弦樂器和打擊樂器的共同演奏之下，舞者要一邊唱歌一邊跳出激烈的舞步。伊索爾德從小就很憧憬他們，並希望自己有朝一日能夠成為下一代舞者。博茲雅舞蹈的另一個特點就是把弓這種武器當作樂器來使用。舞者會用弓弦演奏出動人音色，或是用手指彈奏弓弦，像打擊樂器一樣製造節奏。這樣做是為了向輾轉博茲雅各地狩獵的祖先們致敬，因此所有的舞者都是用弓的好手。<hex:02100103>回到博茲雅並參加了抵抗組織的伊索爾德在轉瞬之間就作為弓箭手而大有所為。<hex:02100103><hex:02100103>但是，她心中依舊充滿了對平民生活和大自然深刻的理解和熱愛。在她看來，博茲雅人民和帝國人民是一樣的。「希望和平早日降臨博茲雅和帝國」正是她的口頭禪。<hex:02100103>"
5,5,0,0,69478,0,72605,72505,1,"斯塔尼克·亞柳波芙","Stanik Alubov","36歲。硌獅族。出生於博茲雅管區博茲雅堡壘。<hex:02100103>博茲雅義軍的一員。新生女王之刃中的一人。<hex:02100103><hex:02100103>斯塔尼克自幼便憧憬著英雄。<hex:02100103>許多博茲雅人雖然擁有行省市民的身份，但卻過著非常貧困的生活。斯塔尼克的父母經營著雜貨鋪，每天起早貪黑只為了讓一家三口能吃上飯。苦於貧困沒錢上學的博茲雅人隨處可見。斯塔尼克為了賺錢，從看孩子到擦鞋，什麼都肯幹，但他從未偷搶，雙手始終乾乾淨淨。這是因為父母一直教育他即使窮困潦倒，也絕不能走上歪路。<hex:02100103>15歲時，斯塔尼克接受了帝國軍隊的徵兵檢查，成為了一名帝國兵。這並不是因為他想要成為英雄，而是因為自己從軍可以給父母減少一些生活負擔。<hex:02100103>儘管薪水微薄，他仍會給父母寄去生活費，雖然無法做到每次都寄，但這對他來說已經是足以讓他挺起胸膛的「英雄行為」了。而父母的來信則是他們還活著的證明，也是斯塔尼克唯一的心靈慰藉。<hex:02100103><hex:02100103>博茲雅堡壘蒸發事件發生時，斯塔尼克正在遠離博茲雅的地方執行任務。5天后，他收到了父母的信，而信上的日期是事件發生的前一天……<hex:02100103>"
6,6,0,0,69478,0,72606,72506,3,"布拉茲·亞澤緹娜","Blaz Azetina","25歲。硌獅族。出生於多瑪。<hex:02100103>博茲雅義軍的一員。新生女王之刃中的一人。<hex:02100103><hex:02100103>網羅拳術、劍術、柔術、槍術等諸般武術傳承的「翠青門」的直系武士。<hex:02100103>翠青門從不允許門徒參加抵抗組織。他們認為精進武術是對自己靈魂的磨練，絕非解決紛爭的工具。但是每當博茲雅發生起義時，都會有一些無法抑制自己對帝國的不滿和憎恨的門徒加入抵抗組織。翠青門只好將他們逐出師門以避免與帝國直接對立。<hex:02100103>布拉茲的父親是翠青門嫡系成員中排行最小的孩子，但卻打破門規，參加了起義。起義以失敗告終，他只好離開博茲雅，逃往多瑪。他在那裡遇到了布拉茲的母親，於是布拉茲便誕生了。布拉茲拜入了劍術名門，繼承自父親的才能也在此開花結果，年紀輕輕就達到了最高水平。在飛燕回歸時，他為了報答多瑪，參加了解放戰爭。成功解放多瑪後，他也因為使命完成而遁入了空門，但在聽說東方聯盟和博茲雅要揭竿而起時，他還是決定回到故鄉。<hex:02100103>恰逢此時翠青門更換門主，他們也轉變了想法，決定要為博茲雅的復興盡一份力。布拉茲不僅獲准回到翠青門，還被門主邀請擔任劍術老師，但他拒絕了這一請求，加入了抵抗組織。他發誓要繼承亡父的遺志，讓博茲雅獲得獨立並再度繁榮昌盛。<hex:02100103>"
7,7,0,0,69478,0,72607,72507,3,"韋利博爾·亞澤緹娜","Velibor Azetina","24歲。硌獅族。出生於博茲雅管區澤緹納莊。<hex:02100103>博茲雅義軍的一員。新生女王之刃中的一人。<hex:02100103><hex:02100103>網羅拳術、劍術、柔術、槍術等諸般武術傳承的「翠青門」的直系騎士。布拉茲的從堂兄弟。<hex:02100103><hex:02100103>翠青門有著二百多年的歷史，是個以武藝著稱的名門大派。在加雷馬帝國入侵時，為了保護小國博茲雅，眾多門徒參戰犧牲。當時的第四軍團軍團長巴修·範·伽布拉斯是個惜才之人，他和翠青門約定，只要肯向帝國效忠就可以得到帝國的庇護。門主為表忠誠，獻出了自己的首級，使一族避免了滅門之災。<hex:02100103>代理家主是韋利博爾的祖母，她一直嚴格遵守著和伽布拉斯的約定。博茲雅被帝國佔領後時有起義發生，也有部分門徒加入其中，而她為了不危及一族將他們逐出了族門。祖母將死之時，給新的家主——韋利博爾的父親留下了最後的話語：「我自始至終都遵守著和伽布拉斯的約定。這是你父親的願望，也是他對我們的保護和深沉的愛。但是，你要坦誠地活下去，時代也該改變了……」<hex:02100103><hex:02100103>韋利博爾和回到翠青門的布拉茲一見如故，兩人初見之時的情景他到現在依然記得。韋利博爾覺得他們二人不僅是志同道合的同門弟子，更是擁有相同靈魂的親兄弟。雖然相處短暫，但他們通過切磋鑽研掌握了新的戰鬥技巧。在博茲雅再度起義時，翠青門正式加入了抵抗組織。韋利博爾也將會一直揮舞手中的大劍，直至達成自己的使命。<hex:02100103>"
8,8,0,0,69478,0,72608,72508,1,"阿姬·格洛弗","Aggie Glover","17歲。人族。出生於博茲雅管區瑪特爾維。<hex:02100103>博茲雅義軍的一員。新生女王之刃中的一人。<hex:02100103><hex:02100103>網羅拳術、劍術、柔術、槍術等諸般武術傳承的「翠青門」的拳術師。<hex:02100103><hex:02100103>阿姬既不知父母是誰，也不知自己的本名。在某個寒冷的冬日，一個帝國福利局職員救起了險些凍死的她，並為她起了「阿姬」這個名字。<hex:02100103>博茲雅的港口城市瑪特爾維是一個有著20萬人口的古都，由於許多勞動者從各地前來謀生，也是人員複雜的城市。在這裡，流浪者和孤兒隨處可見。有些孤兒是由於戰爭、疾病失去了親人，還有一些則是父母因涉嫌某些事件而被當局抓了起來。無論是何原因，很多孤兒只能選擇在下水道等地下設施裡相依為命。阿姬也是這些「下水道兒童」之一。<hex:02100103>她是在5歲時被救助的，此前的記錄一片空白，她對父母也毫無印象。據說她當時連話都不會說。<hex:02100103>福利局將她送到了武藝名門翠青門。在那裡，阿姬很快就學會了讀書寫字，而且在和同門弟子訓練的過程中，她的實力也在以驚人的速度成長著。在被救助的時候，阿姬的雙眼就像死人一樣暗淡無光、毫無生氣，宛如一具行屍走肉。但如今，她那陽光開朗的性格已經足以帶動全族的氣氛了。<hex:02100103>在同門弟子中，阿姬尤其和布拉茲、韋利博爾這兩人意氣相投，為了不輸給他們，她每日都在努力鍛鍊拳術。不知是因為才氣過人還是努力得到了回報，她在16歲時拳術就已經登峰造極。<hex:02100103>抵抗組織中的氣氛時常會變得消沉苦悶，但阿姬總能讓這些陰雲消散。她成為了大家的偶像。阿姬被選為新生女王之刃的一員時，布拉茲和韋利博爾都由衷地為她感到高興，可阿姬感覺白沙恩只是出於政治顧慮才這樣做的。但是，她從不會把消極的心情表露出來。直至今日，她也總是慰問受傷的士兵們，希望能用自己開朗的笑容讓大家早日恢復精神。<hex:02100103>她最喜歡吃的是軟果糕，那是一種與棉花糖口感相似的甜點。阿姬唯一的兒時記憶，就是在下水道生活時吃過的軟果糕的味道。<hex:02100103>"
9,10,0,0,69478,0,72610,72510,3,"艾爾內斯·皮爾·隆古斯","Hernais pyr Longus","24歲。人族。出生於蘭蒂斯州蒙法爾科內。<hex:02100103>加雷馬帝國第四軍團「魔獸大隊」的傳令官。<hex:02100103><hex:02100103>因憧憬獸王萊昂而加入魔獸大隊的年輕人。萊昂經常根據戰況實時改變自己的作戰方案，而且他提出的戰術都可謂天馬行空，在士官學校的教材上根本就找不到。因此，中央的軍官們都將萊昂視為上不了檯面的跳樑小丑。比起人類，萊昂更疼愛魔獸，而且他的言行舉止十分粗暴，比起軍官反而更像是「蠻族將領」。<hex:02100103>在剛剛進入第四軍團時，艾爾內斯對萊昂也有這樣的印象。但在4年前鎮壓達爾馬斯卡管區的叛亂時，他的想法被徹底改變了。萊昂的確說話難聽，但卻記得每一個部下的名字，也能明確地指出他們的缺點。在戰場上，他常常不顧自身安危，身先士卒與敵軍對峙。正如萊昂的口頭禪「弱小的傢伙才會死掉」一般，死在戰場上的都是些實力不足的膽小鬼。他疼愛魔獸勝過人類，也是因為魔獸作為擋在士兵身前的盾牌，死亡率居高不下，所以他對待離死亡最近的魔獸們就像對待深愛的戀人一樣呵護有加。意識到這些之後，艾爾內斯便把萊昂敬為老師，加入了魔獸大隊。<hex:02100103><hex:02100103>以下內容摘自蒙法爾科內地方雜誌«探索與發現»中有關艾爾內斯的專題報道。<hex:02100103>記者：你似乎被第四軍團的同伴們稱為「忠犬」呢，你認為這是一種諷刺嗎？<hex:02100103>艾爾內斯：我認為他們是出於羨慕才這麼叫的。<hex:02100103>記者：為什麼會這麼想呢？<hex:02100103>艾爾內斯：因為大部分人都只會陽奉陰違，裝作一副服從上級命令的樣子，其實內心多少有些不服。<hex:02100103>記者：作為軍人，服從命令是天職，但大家都是人，也會有不服的時候呢。<hex:02100103>艾爾內斯：但我和他們不一樣。我從心底崇拜萊昂大人，已經做好將一切奉獻給他的準備了。別人想說就讓他們說吧……對我而言，忠犬這個稱呼就像我的勳章，別人這麼叫我是我的榮幸……我感到非常自豪！<hex:02100103><hex:02100103>記者：萊昂閣下，您對隆古斯傳令官的這番話怎麼看？<hex:02100103>萊昂：哎呀，我本來都不記得這號人了，要不是這番話我還想不起來呢。是那個像小狗一樣的年輕人吧。我很喜歡那種精神頭不錯的傢伙哦……那種人通常會死得很早呢。<hex:02100103>記者：……<hex:02100103>"
10,13,0,0,69478,0,72611,72511,2,"克拉莉西·庫奧·普利斯克斯","Clarricie quo Priscus","33歲。精靈族。<hex:02100103>加雷馬帝國第四軍團「魔獸大隊」的百夫長。<hex:02100103><hex:02100103>克拉莉西總是言行傲慢、故弄玄虛，但這只是表象，也就是她的偽裝人格。<hex:02100103>她加入第四軍團約有10年，是獸王萊昂認可的魔獸馴獸師之一。可以隨意操控魔獸的她被大家稱為「魔女」。據說，她可以發出仿佛不屬於這個世界的奇異聲音，並使用非人類的語言控制魔獸。但有人說那只是討厭她的人惡意編造出的謊言。克拉莉西並非魔女，而是「聖女」才對。她為了保護受傷的士兵和魔獸挺身而出，與敵軍戰鬥的身姿就宛如女戰神格拉迪亞一般。此言不虛，她在戰場上已經立下了無數的戰功。<hex:02100103>關於她的兩種傳言可能都是真的。她為了同伴捨身戰鬥的身姿就如同聖女，但操縱魔獸無情獵殺敵人的她毫無疑問也是魔女。無論如何，直視她雙眼的人不是被她的性感妖豔所魅惑，就是因恐懼而瑟瑟發抖……<hex:02100103><hex:02100103>鮮少有人了解她的過去。<hex:02100103>克拉莉西是艾什瓦民族的人，那是一個在國境附近過著流浪生活的種族。帝國為艾什瓦民族提供了定居政策，卻被拒絕了。於是軍團長伽布拉斯便提出了一個折中方案，只要讓一些壯丁應召入伍，剩下的人就可以一如既往地過著流浪生活。艾什瓦民族答應了這個條件，為帝國軍提供了數名年輕男性。克拉莉西的丈夫也是其中之一。她的丈夫被分配到獸王萊昂麾下的魔獸大隊，但初上戰場便不幸殞命，而幾個月前他們才剛剛結婚。萊昂替伽布拉斯前去慰問家屬，為他的死亡哀悼並致歉。成為了寡婦的克拉莉西表示自己將會替夫從軍，但希望帝國不要再繼續奪走族裡的男人，萊昂答應了她的請求。從那以後，她就戴上了魔女和聖女的面具，為了悼念亡夫和一族的和平，一直戰鬥到了今日……<hex:02100103>"
11,14,0,0,69478,0,72612,72512,5,"薩托瓦爾·庫奧·索拉努斯","Sartauvoir quo Soranus","61歲。精靈族。出生於舊蘭蒂斯共和國曼托瓦。<hex:02100103>加雷馬帝國第四軍團「術師大隊」的上級百夫長。<hex:02100103><hex:02100103>在成功佔領博茲雅之後，第四軍團遵從開國皇帝索魯斯的命令，準備進攻下一個目標——舊達爾馬斯卡王國。當時的軍團長巴修·範·伽布拉斯認為，達爾馬斯卡的魔術師大隊是個相當大的威脅。雖然不是為了以毒攻毒，但伽布拉斯也計劃在第四軍團內組建一個魔術師大隊。他首先想到的就是曼托瓦的魔術騎士團，那是舊蘭蒂斯共和國中唯一一個將魔法作為武器的騎士團。帝國通常將臣服的各國騎士團解散，重新編入帝國的軍隊中，當時的舊蘭蒂斯共和國也沒有例外。但是，將魔法視作威脅的帝國對魔術騎士團的舉措卻是極力的打壓。因此，騎士團中的魔術師們都奔往各地逃命。伽布拉斯要找的就是這些四散而逃的曼托瓦魔術師們。<hex:02100103><hex:02100103>薩托瓦爾正是其中一人。他在曼托瓦附近的一個小村莊開設了一間學問所，過著隱姓埋名的生活，但最終還是被第四軍團找到了。薩托瓦爾拒絕了邀請，但他對有著不同於帝國傳統思想的伽布拉斯很感興趣。第四軍團耐心勸說了許久，可薩托瓦爾一直沒有答應。某一天，一位陌生的武人來到了學問所。雖然他年過半百、既沒武器也沒護衛，但薩托瓦爾馬上意識到即使自己用盡渾身解數也無法戰勝此人……這位武人正是巴修·範·伽布拉斯。薩托瓦爾得到了和伽布拉斯直接交談的機會，一番談話後，他對伽布拉斯的價值觀和思維方式大為動容，並向他發誓效忠。<hex:02100103><hex:02100103>三十多年後，妖術師阿爾貝雷歐的加入將第四軍團的魔法水平帶到了一個新的高度，但曼托瓦的魔術師們為術師大隊打下了堅實的基礎。薩托瓦爾在以此為傲的同時，也不忘謙虛地向阿爾貝雷歐學習魔法。他希望能和現任軍團長諾亞·範·伽布拉斯一起實現過世的巴修的遺願。<hex:02100103>"
12,15,0,0,69478,0,72613,72513,3,"西西尼烏斯·瑪爾·維琉圖斯","Sicinius mal Vellutus","42歲。加雷馬族。出生於加雷馬帝國首都。<hex:02100103>加雷馬帝國第四軍團「機械化步兵大隊」的技術士官。<hex:02100103><hex:02100103>師從加雷馬帝國超越技術研究所魔導技師長奧盧斯·瑪爾·亞希納，在其手下擔任研究員。隨著阿拉米格被攻陷，超越技術研究所也被拆除，研究數據都被送到了加雷馬帝國首都。西西尼烏斯也收到了返回帝國的命令，但由於他的研究對象原本是古代亞拉戈帝國留下的遺物和失傳的技術，他便申請調到第四軍團。因為他對第四軍團早前一直在收集人稱「聖遺物」的古代秘寶一事早有耳聞，而且在收到返回命令的同時，他也收到了來自第四軍團的邀請。軍團長伽布拉斯和負責搜尋聖遺物的梅內紐斯都十分認可他的才能，西西尼烏斯也被伽布拉斯的思想所打動，發誓從此向他效忠。就這樣，西西尼烏斯成為了第四軍團的魔導技師長。<hex:02100103><hex:02100103>現在他正以復活從黎鐸拉納大燈塔中回收的古代兵器和裝置為目的進行研究。在完成「勞動」系列兵器的原理解析後，他便著手準備將它們作為新的魔導兵器投入實戰。在新兵器登上戰場之際，西西尼烏斯還為了收集數據奔赴南方博茲雅戰線。他並非只知在研究室埋頭苦幹的學者，親力親為地收集數據這一點可謂有其師必有其徒。<hex:02100103>"
13,9,0,3,69478,0,72609,72509,2,"羅菲·皮爾·珀提圖斯","Llofii pyr Potitus","19歲。貓魅族。出生於達爾馬斯卡管區瓦爾奈。<hex:02100103>加雷馬帝國第四軍團「術師大隊」的選拔兵。<hex:02100103><hex:02100103>羅菲是個逃兵。臨陣脫逃是嚴重違反軍規的行為，除非有特別的理由，否則將會被處以死刑。羅菲是為了實驗動物「獨角獸」才從軍中叛逃的。對術師大隊來說，一角獸是非常珍貴的實驗動物，光是擅自藏匿就已經違反軍規了，若是再加上臨陣脫逃，那絕對是會被當場斬殺的重大罪行。羅菲明知如此，卻還是逃出了大隊……這究竟是為什麼呢？<hex:02100103>帝國軍對於在實戰中投入「魔法」的態度十分消極。因為術式是從艾歐澤亞和其他國家傳入帝國的，加雷馬族人自不必說，就連許多帝國市民和行省市民都不習慣使用魔法，所以必須對那些術式進行調整。而在基礎研究到改良的過程中，就要先以動物、魔獸、妖異為實驗對象反覆摸索。<hex:02100103>羅菲是一個頗有才能的新人召喚術師。她有充足的乙太來使用魔法，構築的術式也精準無比，在同級生中出類拔萃。通過跳級提前從魔法學校畢業後，羅菲加入了第四軍團，並在一番嚴酷的訓練之後被分配到了阿爾貝雷歐麾下的術師大隊。她的任務是調整及改良新的魔法。而羅菲在博茲雅認清了殘酷的現實，她發現作為改良魔法實驗體的大量野生動物、魔獸，還有妖異正遭受著極其殘忍的對待。<hex:02100103>一隻名為獨角獸的魔獸被指定為羅菲研究魔法的實驗對象。獨角獸是一種會使用「淨化之光」消除不死系生物的稀有魔獸。這種魔獸十分稀少珍貴，但它們也因此而遭到了抓捕，成為了實驗對象。在進行了無數次慘無人道的實驗後，羅菲終於得到了在實驗中處理掉獨角獸的許可。羅菲認識到了自己創造的魔法是何等的罪孽深重，在無盡的悔恨和失望中，她下定了決心。她要帶著這隻魔獸離開帝國。<hex:02100103>"
14,11,0,4,69478,0,72614,72514,5,"達波格·安·因尼維失","Dabog aan Inivisch","推測為34歲。硌獅族。出生於博茲雅管區博茲雅堡壘。<hex:02100103>加雷馬帝國第四軍團「機械化步兵大隊」的特殊兵。<hex:02100103><hex:02100103>高火力陸戰魔導兵器「維吉爾」和新型飛行魔導裝甲「加百列」的操縱者。也是為了操作魔導兵器經過調優的強化兵。<hex:02100103>帝國開發的大量魔導兵器都保存在達爾馬斯卡管區的瓦爾奈。在魔導技師長西西尼烏斯的指揮下，這些魔導兵器經過改造擁有了更高性能並被投入了實戰。其中，維吉爾和加百列需要操縱者用身體和精神同時進行操控，因此可以做出更為迅速和精細的動作。但是這種操作只有超級調整兵，也就是通過強化提高精神感應力、能與機械進行精神同步的特殊操縱者才能做到。<hex:02100103>根據西西尼烏斯所說，雖然目前理論已經成立，但這些尚屬於實驗階段，直接強化普通人類的話可能會出現一些預料之外的問題和危險。因此，為了應對即將到來的與達爾馬斯卡義軍的全面衝突，他準備先在博茲雅進行實驗……於是，達波格便被選為了實驗對象。<hex:02100103><hex:02100103>達波格並不是志願兵，而是與第四軍團戰鬥的抵抗組織的一員。<hex:02100103>15年前，在博茲雅堡壘蒸發事件中失去了父母和兄弟的達波格立刻加入了抵抗組織。他一心為父母和兄弟報仇，卻在2年前因為作戰失敗淪為帝國的俘虜。在他第二次逃跑的時候，不慎從城牆上跌落，摔斷了頸椎。所有人都認為他最多只能再活一週。<hex:02100103>第四軍團禁止進行人體實驗，只有在保證實驗具有安全性和實用性的前提下才可以進行。但在此時，一場以救助達波格為名的人體實驗卻悄然開始了。伽布拉斯要求給予第四軍團捕獲的俘虜「最低限度的人道主義關懷」，可西西尼烏斯等人卻將這一規定用在了邪惡的計劃上。<hex:02100103>就這樣，被改造為強化兵的達波格作為新型魔導兵器的操縱者再次回到了戰場。西西尼烏斯等人再次無恥地實施「最低限度的人道主義關懷」，以「不希望他因為殘殺過去的同伴而痛心」為由，消除了達波格的記憶……<hex:02100103>"
15,12,0,0,69478,0,72615,72515,4,"尤恩布·皮爾·珀提圖斯","Dyunbu pyr Potitus","24歲。貓魅族。出生於達爾馬斯卡管區拉韋納。<hex:02100103>加雷馬帝國第四軍團「術師大隊」的選拔兵。<hex:02100103><hex:02100103>尤恩布是一個和下屬士兵一同活躍在戰場之上的年輕治癒術師。<hex:02100103>大多數士兵已經知道瓦厲斯在加雷馬帝國遇刺，以及因其後繼無人導致帝國發生內亂的事。他們認為本國的指揮系統已然崩潰，曾經所向披靡的強大帝國也正在走向滅亡……但尤恩布不一樣，她對軍團長伽布拉斯的思想尊崇至極，認為這正是一個好機會，一個脫離帝國的支配、築建新的王國樂土的機會。這既不是重建後的蘭蒂斯共和國，也不是再生的達爾馬斯卡和博茲雅，而是一個嶄新的國家。<hex:02100103>許多士兵因帝國混亂不堪感到前途灰暗，行省市民則更為不安。尤恩布建議那些家屬留在本國的人，讓家屬離開帝國，集中到這裡。她還表示，一定要驅除那些因焦慮而想要投靠抵抗組織的人。<hex:02100103>尤恩布的這一想法與她的出身有很大關係。「珀提圖斯」這個姓名在帝國支配下的行省生活並取得市民權的貓魅族中很常見。實際上，尤恩布是個流浪街頭的孤兒，可她和其他自怨自艾的孩子不同，她夢想著有朝一日能取得市民權，成為行省市民。為此，學識是必不可少的，於是她每天都會潛入學校，偷看偷聽老師講課。功夫不負有心人，在尤恩布得到福利局救助時，因為她會讀書寫字，便被送至預備軍培訓所的中等教育機構。尤恩布在那裡接觸到伽布拉斯的思想並成為他忠實的信徒。她相信，敬畏伽布拉斯、為伽布拉斯而戰才是最利於國民們的選擇。<hex:02100103>尤恩布成為了治癒術師，每天都在戰場上為了幫助同伴們施展才能。<hex:02100103>"
16,19,0,1,69478,0,72619,72519,3,"米希亞·博特雅失","Misija Votyasch","29歲。魯加族。出生於博茲雅管區博茲雅堡壘。<hex:02100103>潛入博茲雅義軍的第四軍團的間諜。<hex:02100103><hex:02100103>在博茲雅堡壘的貧民窟出生長大。在帝國的政策和福利局的幫助下得到了上學的機會，學習非常刻苦。因為成績優秀，她作為特優生獲得了獎學金，並在最高學府修習了民俗學與史前學等學科。因此，她在博茲雅的歷史和民族文化方面造詣頗深。<hex:02100103><hex:02100103>為了復活鬪神天佑女王，向抵抗組織提議重現女王之刃的就是米希亞。她加入第四軍團，與抵抗組織為敵的原因有兩個。其中一個是博茲雅存在著根深蒂固的貧困問題。<hex:02100103><hex:02100103>在被帝國支配前，博茲雅是個小國，七成人民收入不足平均水平的一半，而生活在所謂的貧民窟的人甚至高達三分之一。原因很明顯，那就是統治階級的貴族和大商人佔據了大多數財產。被帝國支配後，這種狀態稍有緩和，但特別是在博茲雅堡壘這種大城市中，無家可歸的流浪漢和失去父母的孤兒依然隨處可見。<hex:02100103>米希亞就是這種誕生於貧困階層、在貧民窟長大的博茲雅人。小時候，她經常食不果腹，在垃圾堆中翻找可以賣掉的東西成了她每天的必修課。為了這些吃不飽穿不暖、沒有機會接受教育的極度貧窮的孤兒們，帝國設定了福利局，開始進行孤兒救助計劃。但是能享受到恩惠的兒童卻不足半數。<hex:02100103>米希亞有幸得到了上學的機會，並憑藉優秀的成績以特優生的身份進入了帝都的大學。但在博茲雅，「富人」將貧困階層視為社會的害蟲對待的情況屢見不鮮。米希亞不僅經常被當面辱罵，還受到過騷擾和折磨。不知不覺中，她已對富人恨之入骨。<hex:02100103>另外，米希亞是最後一任女王貢希爾德的後裔，知道女王悲慘的結局。<hex:02100103>因此，她因身為「窮人」和女王遇刺這兩點徹底失去了對博茲雅的信任，強烈地意識到自己不是這個社會的一員。<hex:02100103><hex:02100103>另一個原因，就是第四軍團的理念吸引了米希亞。伽布拉斯父子曾經公開聲明，他們對加入的士兵的衡量標準只有能力和忠心。無論是什麼出身、文化、宗教以及性別，只要是對第四軍團發誓效忠的有能之士，都可以得到平等的對待……這就是伽布拉斯父子的宗旨。<hex:02100103><hex:02100103>米希亞受到的心靈創傷如此之深，究竟有誰能阻止她呢……<hex:02100103>"
17,17,0,5,69478,0,72617,72517,5,"萊昂·雷姆·赫爾索斯","Lyon rem Helsos","68歲。人族。出生於舊蘭蒂斯共和國安貝爾格。<hex:02100103>加雷馬帝國第四軍團的千夫長。<hex:02100103><hex:02100103>追隨伽布拉斯父子兩代的猛將。和已逝的巴修·範·伽布拉斯一樣，是來自蘭蒂斯共和國的戰士。半世紀前攻佔博茲雅的時候，萊昂年紀輕輕便已擔任百夫長一職隨軍征戰了。因為是看著現任軍團長諾亞·範·伽布拉斯長大的，所以至今仍會叫他「小諾亞」。<hex:02100103><hex:02100103>隸屬以梅內紐斯為軍政官的博茲雅管區分遣隊，負責指揮「魔獸大隊」。這位人稱「獸王」的馴獸師會和他悉心養育的魔獸共同與抵抗組織戰鬥。<hex:02100103>雖然萊昂已有68歲高齡，但仍有一騎當千的恐怖戰力，可以活用常年征戰積累的兵法展開攻擊。但由於他比起勝利更熱衷於和強敵戰鬥，因此經常會無視自己制定的作戰方案，獨自出擊。這種破壞軍事部署的行為也時常受到官大一級的梅內紐斯的訓斥。萊昂是個喜歡戰鬥和戰爭的武鬥派，所以很討厭梅內紐斯那種運籌帷幄的策士。口頭禪之一是「真勇士就用拳頭來說話」。<hex:02100103>"
18,18,0,6,69478,0,72618,72518,3,"梅內紐斯·薩斯·拉那圖斯","Menenius sas Lanatus","55歲。精靈族。出生於加雷馬帝國首都。<hex:02100103>加雷馬帝國第四軍團的軍政官。<hex:02100103><hex:02100103>他是一名利用密探收集情報，為軍團長伽布拉斯出謀劃策的情報武官。除此之外他還負責指揮達爾馬斯卡和博茲雅等南方行省的聖遺物搜尋隊，意圖獲得憑現代知識無法再現的古代亞拉戈帝國以及伊瓦利斯王國等地的科學和魔法。<hex:02100103>由於博茲雅義軍發動了大規模反擊，他被任命為博茲雅管區的軍政官並帶著三個大隊前往帝國湖岸堡。三個大隊分別是獸王萊恩率領的「魔獸大隊」、妖術師阿爾貝雷歐率領的「術師大隊」，以及以魔導兵器為武裝的帝國基礎部隊「機械化步兵大隊」。<hex:02100103><hex:02100103>在加雷馬共和國時期，拉那圖斯家曾是非常有名的強大貴族，他的祖父泰盧斯因反對當時的獨裁官索魯斯·佐斯·加爾烏斯登上王位而被流放。泰盧斯流浪多年，最終病死，而他的兒子盧基烏斯被在邊境戰鬥的第四軍團收留。之後，盧基烏斯開始逐漸嶄露頭角，實力得到認可的他最終成為了巴修·範·伽布拉斯的副官之一。希望復興拉那圖斯家的盧基烏斯在巴修的推薦下，和一個精靈族的沒落貴族家的女兒結了婚。她帶著一個兒子，膝下無子的盧基烏斯便將他收為養子。這個養子就是梅內紐斯。<hex:02100103>梅內紐斯和現任軍團長諾亞·範·伽布拉斯自幼就是朋友，他對伽布拉斯父子的忠誠要遠高於其他人。因此，成為情報武官，一手包攬所有見不得人的工作正是他所希望的。他的做法手段一向冷酷無情，在軍團內被評價為「為達目的不擇手段的男人」。但他藏在心底的「一切都是為了伽布拉斯父子」的感情卻是熾熱的……<hex:02100103><hex:02100103>趁加雷馬帝國陷入內亂，伽布拉斯選擇脫離帝國以償夙願。這就意味著他們再也無法得到帝國的支援，與抵抗組織的戰鬥拖得越久就越不利。但梅內紐斯為了伽布拉斯，為了築建新的王國樂土，策劃了既能避免兵力損耗，又能讓抵抗組織陷入混亂的作戰方案。其中之一就是「聖劍天佑女王」的傳說……<hex:02100103>"
19,16,0,0,69478,0,72616,72516,3,"薩德爾·雷姆·阿爾貝雷歐","Sadr rem Albeleo","37歲。精靈族。出生於艾歐澤亞烏爾達哈。<hex:02100103>加雷馬帝國第四軍團的千夫長。<hex:02100103><hex:02100103>隸屬以梅內紐斯為軍政官的博茲雅管區分遣隊，負責指揮「術師大隊」的魔術師。一心追求失傳的古代魔法，為了發展和完成他的魔法，時常將俘虜當作實驗對象折磨致死。由於他性格冷漠，認為敵人的性命毫無價值，因此不僅是敵人，就連友軍都會稱他為「妖術師」。<hex:02100103><hex:02100103>阿爾貝雷歐原本在咒術師公會學習，但當時的會長穆穆埃珀很快就發現他是個冷酷無情的人，把他視作危險分子趕出了公會。阿爾貝雷歐被逐出烏爾達哈之後，為了追求更為強力的破壞魔法和召喚魔法在各地流浪。當他到達帝國支配的達爾馬斯卡管區時，第四軍團正在廣招人才，他以成立術師部隊為條件入伍。加入第四軍團後，伽布拉斯按照約定，將術師部隊交給了阿爾貝雷歐，這15年間，他培育出了大量魔術師，終於成功組建了能和艾歐澤亞諸國抗衡的術師大隊。<hex:02100103>阿爾貝雷歐對梅內紐斯負責的搜尋聖遺物一事頗有興趣，於是便申請加入與博茲雅義軍的戰鬥。來到博茲雅的時候，他將古代伊瓦利斯的聖遺物——聖石之一帶到了這裡……<hex:02100103>"
20,20,0,2,69478,0,72620,72520,3,"貢希爾德","Gunnhildr","統治古代博茲雅的女王。<hex:02100103><hex:02100103>古代博茲雅曾有過一段氏族之間紛爭不斷的時期。為了終結戰爭，氏族通過選出共同的女王，最終建立了一個統一的國家。女王名為「貢希爾德」，這是一個女王繼承者的稱號。<hex:02100103>女王是從掌管祭神活動的巫師（薩滿）中選出的最有能之人，不分種族，也不論其氏族是否強大。但實際上大多數的女王都是硌獅族，這是因為硌獅族在博茲雅人的種族構成中佔據多數。<hex:02100103><hex:02100103>第三星曆末期，亞拉戈帝國引發的第四靈災席捲了古代博茲雅。由強大氏族的族長擔任的為政者和神官們決定通過解放聖劍天佑女王的力量來渡過這一難關。但女王貢希爾德在和亞拉戈帝國的戰鬥中受了傷，當時正臥床不起。她害怕死亡。於是神官和女王之刃們從下級的博特雅失氏族中選擇了一位年輕的巫師，將她奉為了新的女王。等待著這位女王的不僅是解放聖劍之力的任務，還有死亡的命運。這些為政者認為，讓下級氏族的平民巫師來當這個「用完就廢掉的女王」剛剛好。但對此毫不知情的她解放了聖劍之力，成為了鬪神。<hex:02100103>女王成功從第四靈災中保護了人民，但神官們失算了。成為了鬪神的女王變回了人類的樣貌，她已經可以控制鬪神之力了。為政者們非常畏懼這種力量。出於恐懼，他們企圖利用女王之刃暗殺女王，因為博特雅失氏族的女王是個棄子，她不該活在世上……<hex:02100103>女王就這樣遭到了暗殺，失去她年輕的生命。但是，為政者和女王之刃們都沒有注意到，她靈魂（乙太）的一部分與聖劍融為了一體……<hex:02100103>"
21,21,1,0,69561,0,72622,72522,3,"莉莉婭·希雅薩裡斯","Lilja Sjasaris","19歲。維埃拉族。出生於達爾馬斯卡管區拉巴納斯塔。<hex:02100103>加隆德煉鐵廠的新人員工。<hex:02100103><hex:02100103>莉莉婭在拉巴納斯塔接受了帝國式的教育，特別擅長機工學，天賦過人。她原本打算跳級進入帝都的魔導院學習，可就在升學前，達爾馬斯卡起義軍響應了多瑪和阿拉米格發起的解放戰爭，開始了反攻作戰，拉巴納斯塔也陷入了戰爭狀態。為了躲避戰火，她逃離拉巴納斯塔來到了多瑪。在多瑪避難時，她依靠修理飛空艇和開發新型青磷引擎賺錢維生。加隆德煉鐵廠的傑西造訪多瑪飛地時聽說了莉莉婭的情況，有意將其招為員工。在得知加隆德煉鐵廠為多瑪、阿拉米格解放戰爭做出的貢獻後，莉莉婭立刻接受了對方的邀請，正式成為了加隆德煉鐵廠的員工。<hex:02100103><hex:02100103>表面上看，莉莉婭的性格積極又開朗，但她心裡其實也有不為人知的苦惱。<hex:02100103>她是出生於拉巴納斯塔的純達爾馬斯卡人，由於當時拉巴納斯塔被加雷馬帝國佔領，所以頻繁出現起義軍蜂起和帝國軍肅清，一直處於戰爭狀態。身為戰爭孤兒的莉莉婭在福利局的庇護下接受了帝國式教育，其中自然也包括要對帝國盡忠的思想教育。但她身邊的達爾馬斯卡人反抗意志很強，學生們大多都保持著陽奉陰違的態度。可莉莉婭對此卻感到有些疑惑。誠然，她並不支持帝國的侵略行為，然而渴望從帝國統治中解放的達爾馬斯卡，原本行使的也是王權專政。對於平民而言，不管是帝國的統治還是被佔領前達爾馬斯卡王室的統治，其實都沒有太大的區別。<hex:02100103>此外，莉莉婭還對駐留當地的第四軍團產生了興趣。他們並沒有對當地人民強制徵兵，而是一直以募兵的方式招納市民。莉莉婭聽說軍團長伽布拉斯曾經親自去勸說市民：「每個人都應發揮自己的才能，本著對自己負責的態度開拓人生，這才是人類應走的道路……」。莉莉婭著實被伽布拉斯的這番話吸引了。比起加雷馬帝國與達爾馬斯卡王國的戰爭，伽布拉斯的話語對莉莉婭有著更大的吸引力。不過，莉莉婭實在無法接受帝國暴力壓制行省人民的方針。對方是侵略祖國之人，莉莉婭對他們的反感終究不會淡化。<hex:02100103><hex:02100103>雖然反對帝國，但卻無法下定決心參加起義軍……莉莉婭很討厭這樣優柔寡斷的自己。<hex:02100103><hex:02100103>不過，在加入加隆德煉鐵廠後，她逐漸找到了自己的目標，那就是「自立」。這個自立並非獨立生活的意思，而是和字面意思一樣，指的是用自己的雙腳站起來，擺脫對他人的依賴與服從，在精神上達到自立。雖然置身事外理性觀察很重要，但腳踏實地的行動也是必不可少的。在親眼見到西德、傑西等人的工作後，莉莉婭開始明白，自己的使命就是盡全力做好當下力所能及之事，這和伽布拉斯宣揚的思想——「每個人都應發揮自己的才能，本著對自己負責的態度開拓人生」也不謀而合。不論帝國和達爾馬斯卡之間關係如何，這都是莉莉婭想要實現的目標。<hex:02100103><hex:02100103>「哎呀，那時候的我只知道紙上談兵呢，真是不堪回首啊。」<hex:02100103>「莉莉婭你在念叨什麼呢？別傻站著快點幹活。我和西德會長都很欣賞你的才能，你可別辜負我們的期待啊。」<hex:02100103>「我明白！大姐頭的教導我都做了筆記呢！你放心吧！」<hex:02100103>「能不能別再叫我大姐頭了！」<hex:02100103>"
22,22,1,0,69561,0,72623,72523,3,"布瓦基·恩澤·潘卡","Bwagi Ennze Panca","48歲。邦加族。出身於達爾馬斯卡管區瓦爾奈。<hex:02100103>達爾馬斯卡起義軍「蓮天之淚」的成員。<hex:02100103><hex:02100103>舊達爾馬斯卡王國時代布瓦基曾作為火槍隊的新人火槍手參加過對抗帝國軍的戰爭，戰敗後與火槍隊的倖存者搭夥做過空賊。現在則是達爾馬斯卡起義軍與東方聯盟之間的聯絡員。<hex:02100103><hex:02100103>火槍手本是以火槍與劍技並用為特點的兵種，但布瓦基更像一名機工士。據說他並不擅長刺劍之類細長劍的劍技，然而槍法卻十分了得，哪怕使用短銃也能在中距離準確命中目標。此外他還擅長機械，對帝國製造的青磷引擎的內部結構也十分熟悉。因此飛空艇龍捲號的維護基本也都交給了布瓦基。<hex:02100103><hex:02100103>在圍繞古代伊瓦利斯的秘寶「聖石」展開的一連串事件中，他與冒險者相遇了。當時空賊團的目的是搶奪聖石，可空賊頭目邦加莫南卻在聖石的邪惡意志影響下變成了鬼龍。這是聖石吸收了邦加莫南長年對加雷馬帝國的怨恨所導致的。化身為鬼龍的邦加莫南喪失了正常的意識，一行人不得不將其打倒。最終，在冒險者的奮戰下，邦加莫南的靈魂從聖石中解放，回歸了乙太界。對於布瓦基來說，邦加莫南既是火槍隊時代的舊交，又是自己視為兄長般崇拜的人物。為了繼承邦加莫南的遺志，布瓦基從空賊行業洗手，投身起義軍。<hex:02100103><hex:02100103>布瓦基為人開朗幽默。戰敗後，舊達爾馬斯卡王國的火槍隊被帝國軍吸納，可布瓦基卻拒絕服從帝國的命令，最終遭到開除。他在各地輾轉過著流浪生活，之後與曾經的火槍隊倖存者再會，組建了空賊團。<hex:02100103>可布瓦基也有無法忘卻的回憶。他曾在舊蘭蒂斯共和國的工業都市阿蔔德拉看過艾什瓦民族傳統戲劇。艾什瓦民族是沒有國家的流浪之民，只靠在各地表演歌謠、舞蹈、戲劇維生。在流浪途中，他們也會不斷傳播異國的情報。布瓦基觀看的是以市井人民的愛情為主題，有笑點有淚點又令人感動的日常戲劇。從記事起就在戰亂中求生的布瓦基被那齣戲劇深深震撼了。阿蔔德拉雖然也受到了帝國的侵略，但當時局勢已經恢復了穩定，民眾過著普通的生活。布瓦基在那裡深深地體會到了「和平的樣子」。他一時衝動地想要加入旅行藝人團，不過自然是被禮貌地拒絕了。<hex:02100103>成為空賊之後，布瓦基在與邦加莫南以及同伴們談話時，也喜歡扮演捧哏的角色。雖然少有機會能真正逗樂其他人，不過看到夥伴們日漸增多的笑容，布瓦基心中十分自豪。<hex:02100103><hex:02100103>可隨著頭目邦加莫南死於非命，布瓦基決定再次投身到戰鬥中。與此同時，他也隱藏起了自己的「幽默」，並下定決心，在祖國從帝國的統治中解放之前，以一名戰士的身份戰鬥下去……<hex:02100103>"
23,24,1,0,69561,0,72624,72524,3,"神庭水琴","Mikoto Jinba","24歲。敖龍族。出生於北方群島薩雷安。<hex:02100103>薩雷安的賢人。<hex:02100103><hex:02100103>水琴曾在薩雷安魔法大學學習乙太學，以在該領域的研究成果獲得了賢人稱號。平時她在母校擔任兼課老師。已故賢人穆恩布瑞達是她的大學學姐，兩人曾在同一間研究室研修。不久前她還通過加隆德煉鐵廠的朋友傑西，在黃金港的威風凜凜劇團接下了西德的委託，很快就解開了古代伊瓦利斯遺物「聖石」之謎，能力之優秀可見一斑。此次為了解開古代博茲雅遺物「探覺石」之謎，水琴經過多瑪的飛燕等人介紹，來到了甘戈斯。<hex:02100103><hex:02100103>水琴的性格溫和，有時甚至有些傻氣。而且她在講解自己的學術專業時有個壞習慣，總是會使用大量專業術語，讓人聽得雲裡霧裡。不過即使深陷危機，她也能處變不驚地闡述自己的意見，可見她也有著沉著冷靜的一面。<hex:02100103><hex:02100103>水琴擁有超越之力的其中一種——眺望未來。<hex:02100103>敏菲利亞和冒險者可以通過回溯過去的能力看到並體驗他人過去的經歷，而眺望未來則意味著可以體驗未來將要發生的事情。雖然聽上去像預知夢或者占卜預言，但眺望未來觀測到的是確定的未來，因此無法像預言那樣通過改變選擇來進行迴避。眺望未來即是體驗在時間軸上必然發生的、無法避免的未來。<hex:02100103>該能力與其他超越之力一樣無法通過主觀意識發動，而且即便發動也只能看到零碎散亂的片段，所以水琴認為這種能力並沒什麼用處。<hex:02100103><hex:02100103>水琴還有一位同卵雙胞胎的姐姐——神樂。因為是同卵雙胞胎，所以不僅年齡相同，就連長相都一模一樣。然而兩人的性格卻大相徑庭，除了對知識的渴求以外毫無共同點可言。神樂喜歡譏諷他人，即便在討論會等公開場合也得理不饒人。她成績優異，比水琴更早獲得賢人稱號，但她對掌管薩雷安國政的哲學家議會持批判態度。兩者之間的矛盾不斷加深，最終神樂對薩雷安徹底失望，出走，至今行蹤不明。<hex:02100103>水琴與神樂絕不是一對要好的姐妹。據水琴回憶，兩人自懂事起就沒有過親密的交談，宛如陌生人一般。尤其在她們跳級升入薩雷安魔法大學，開始住宿生活之後，基本就從彼此的視野中消失了。神樂從薩雷安失蹤，以及她批判議會，還因此失去賢人稱號這些事，水琴都是事後才知道的。水琴是個不折不扣的學者，對別人的事不甚關心，平時更樂意花時間在書籍上。有時她甚至覺得與其要處理麻煩的人際關係，還不如不跟任何人有瓜葛才好。不過話雖如此，在自己的親姐姐陷入困境時水琴居然毫不知情……由此也可以看出，這對姐妹的關係是有多麼淡薄了。<hex:02100103><hex:02100103>同一個研究室的學姐穆恩布瑞達是最掛心水琴情況的人。神樂的事與水琴自然無關，她從薩雷安出走都是她自己的言行所致。可水琴還是因為擔心失蹤的姐姐而變得坐立不安。穆恩布瑞達見狀不禁操心起來。從那以後穆恩布瑞達尤其重視與水琴之間的交流，兩人間的話題也從乙太學擴展到了關於飾品的喜好等日常話題，變得十分廣泛。漸漸地，穆恩布瑞達開始把水琴當做閨蜜和妹妹一樣對待，兩人經常互相傾訴煩惱、暢談夢想。水琴也逐漸對他人產生了興趣，慢慢覺得自己不應該一輩子只在薩雷安大學裡生活。不過雖然穆恩布瑞達經常鼓勵她到外面的世界看看，可水琴始終沒有離開薩雷安的勇氣。大學畢業後，兩人的交情依舊很好，每次見面都會盡情暢談，以至於忘記時間……<hex:02100103>然而好景不長。沒過多久，水琴就聽到了穆恩布瑞達故去的消息。她無法相信此事，不斷地向各方打聽穆恩布瑞達死亡的真相。數日後，通過於里昂熱寄來的信件，水琴終於得知了事情經過，有生以來她第一次放聲痛哭。她十分後悔在一無所知的情況下答應並協助穆恩布瑞達製作了乙太提取器。本應問清理由，本應問清楚穆恩布瑞達到底為何要研究製作乙太提取器。要是能問清楚的話，或許穆恩布瑞達就……<hex:02100103><hex:02100103>自那以後，水琴不僅開始主動接觸外界，還開始積極接受拂曉血盟或其他組織的委託請求。因為她認識到，自己的使命就是運用才能與知識幫助別人。<hex:02100103>"
24,25,1,1,69561,0,72625,72525,3,"米希亞·博特雅失","Misija Votyasch","29歲。魯加族。出生於博茲雅管區博茲雅堡壘。<hex:02100103>潛入博茲雅義軍的第四軍團的間諜。<hex:02100103><hex:02100103>問：你向組織提交的出身來歷我們無法核實。若有不實之處，請現在坦白出來。<hex:02100103><hex:02100103>答：非常抱歉，蒸發事件使我無法自證，但我提交的履歷絕無半分虛假。<hex:02100103><hex:02100103>問：那你為何背叛組織投奔敵人？且將緣由道來。<hex:02100103><hex:02100103>答：並非背叛，我只是為了完成自己的任務而潛入敵營。<hex:02100103><hex:02100103>問：也就是說，你是敵方派來的間諜？<hex:02100103><hex:02100103>答：沒錯。<hex:02100103><hex:02100103>問：說說你的任務。<hex:02100103><hex:02100103>答：重造義軍武器、重建女王之刃部隊，待第四軍團獲得聖劍天佑女王后，伺機召喚鬪神並精煉新的女王之刃部隊。<hex:02100103><hex:02100103>問：不錯的計劃，但你還是失敗了。你知道自己失敗的原因嗎？<hex:02100103><hex:02100103>答：失敗是因為我小看了解放者的力量。我知道想要實現這個計劃需要用到探知師探索記憶的能力，但這明明沒必要由解放者親自出馬。或許是賢人水琴察覺到了些許不對勁吧。<hex:02100103><hex:02100103>問：作戰計劃失敗後，第四軍團接下來會如何行動？<hex:02100103><hex:02100103>答：我不知道。就算知道也不會告訴你們。<hex:02100103><hex:02100103>問：我已經說過無數次了，我們無意將國家建立成你所懼怕的樣子。我們想要消除貧困與歧視，建立一個人人平等的社會。明知如此，你依舊要否定我們嗎？<hex:02100103><hex:02100103>答：不論你們建立怎樣的國家，都不太可能變革整個社會。就算重新立法、大肆宣揚平等的思想也是枉然。<hex:02100103><hex:02100103>問：何出此言？<hex:02100103><hex:02100103>答：我就是例子。帝國於博茲雅設立新法律、建立新秩序已半世紀有餘。你看民眾都變得和我一樣了嗎？歧視消失不見了嗎？<hex:02100103><hex:02100103>問：你的前提就有問題。帝國的法律與秩序我們很難接受。因為就算它是正確的，帝國侵略的事實也無從改變。所以我們才會抗拒。<hex:02100103><hex:02100103>答：不。就算你們最終獲得了勝利，頒布了新的律法，建立了新的秩序引導人民，照樣會有像我一樣的人反對、抗拒。道理是一樣的。<hex:02100103><hex:02100103>問：我不同意你的見解。<hex:02100103><hex:02100103>答：我就是例子。人類是愚蠢的，認準的事情至死都不會改變。你們要是真想建立起設想中的國家，那就只能把所有反抗者全殺光才行。就像你們準備殺我一樣。<hex:02100103><hex:02100103>問：你的處置還未定下。要等到解放後，於軍事法庭再定你的罪。<hex:02100103><hex:02100103>答：既然如此，那此番問答又有什麼意義。<hex:02100103><hex:02100103>問：我想救你。<hex:02100103><hex:02100103>答：可笑。你們就該殺了我。<hex:02100103><hex:02100103>問：我想救你，不想殺你。<hex:02100103><hex:02100103>答：你確實是好人。你，還有烏爾嘉失閣下，你們讓我明白了這博茲雅確實有清流尚存。希望你們能一直保持初心吧。<hex:02100103><hex:02100103>……本記錄是亞佩拉情報官於疑犯米希亞·博特雅失被拘束後第三日進行的訊問內容。遺憾的是內容中含有不符合解放軍身份的發言，因此被烏爾嘉失盟主下令禁止閱覽。<hex:02100103>"
25,26,1,2,69561,0,72626,72526,3,"貢希爾德","Gunnhildr","貢希爾德是統治古代博茲雅的女王所用稱號。<hex:02100103>她是最後一個繼承了該稱號的巫女……也就是最後的貢希爾德女王。<hex:02100103><hex:02100103>她的本名是奈文比·博特雅失，與米希亞是同一氏族。<hex:02100103>博特雅失一族代代都會出現探知師。奈文比自小便被相中，7歲時就進入了僧門。之後除了占星、觀天、數秘術等占卜之術，她還學習了通靈、祈禱、神樂舞等等，最終成為了侍奉女王貢希爾德的十二巫女之一。<hex:02100103><hex:02100103>時至第三星曆末期，亞拉戈帝國引發的第四靈災席捲了古代博茲雅。頻發的大地震使大地崩裂破碎、岩漿上湧。當時的為政者們打算髮動聖劍天佑女王的力量，召喚鬪神拯救博茲雅。此舉需要犧牲召喚者的性命，可女王卻拒絕了這個要求。為政者們只好另尋「用完就廢掉的女王」，趕忙擁護奈文比就任王位，並賜予她聖劍。奈文比一詞在古代博茲雅語中意味著「清廉」，她完全沒有察覺到為政者們的計謀，便將自己的生命獻給聖劍，召喚出了鬪神。就這樣，古代博茲雅得救了。<hex:02100103>對於為政者們來說，唯一的失誤就是他們並未想到奈文比會再次以人類的姿態出現。博特雅失一族代代都會出現探知師，也就是說這一族中有很大機率誕生擁有超越之力的人。奈文比就是如此。雖然她不曾參與探知師的修行，但卻可以不時看到別人的過去。然而她並沒有認識到這就是「回溯過去」的能力，她了解自己氏族的職責，因此並不覺得這是非比尋常的力量。正是超越之力的存在，使她並沒有被鬪神精煉，反而以自己的意志控制了鬪神，令其化作了自己的力量。<hex:02100103>為政者們心中對奈文比產生了恐懼。被恐懼支配的他們圖謀利用女王之刃暗殺掉女王。可憐的奈文比遭到偷襲，香消玉殞。眾人一致認為「能夠自由操控鬪神的力量，實屬褻瀆神靈的惡魔行徑，奈文比理應被打倒」。望向自己流淌在地板上的鮮血，她想：「或許為了封印禁忌的鬪神之力，他們別無選擇了吧。我拯救了博茲雅之民，這是我的榮耀。這樣的結局也不壞。」<hex:02100103>就在那一刹那，聖劍散發出了光輝，吸入了一部分奈文比的靈魂乙太。臨死前，奈文比的求生慾望瞬間閃過。「還想活下去」，她真切的願望映射在了聖劍之中。<hex:02100103><hex:02100103>最後的女王貢希爾德甦醒後第一眼見到的卻是被女王之刃包圍的情景。「你們又要來奪走我的性命嗎？」以前從未有過的憎惡、怨恨、悲傷……負面感情一口氣湧上心頭。「為什麼、為什麼、為什麼我必須要死？」奈文比釋放了自己的力量。「給我跪下，崇拜我，我乃女王貢希爾德……」<hex:02100103><hex:02100103>可她的面前還有另一個自己，另一個拚命想要阻止這一切的自己，正在無言地訴說著「不能這麼做，不行……」。在成為女王之前，自己首先是熱愛著這片土地的博茲雅人，就算被卑鄙小人算計，也不可以剝奪他人的生命。憎惡只會帶來更多憎惡，這樣的循環不會停止。「放棄怨恨吧」，另一個自己正在呼喊……<hex:02100103>"
26,27,1,0,69561,0,72627,72527,4,"求道之三位一體","Trinity seeker","鬪神天佑女王忠實的信徒。<hex:02100103>被精煉後的新生女王之刃隊員慈悲為懷布拉茲、豪情劍韋利博爾、熱氣拳阿姬三人的身體已經化作了「異形」，並融合成求道之三位一體阻擋在冒險者的面前……<hex:02100103><hex:02100103>從博茲雅的港口城市瑪特爾維往北步行約1小時，就能到達一片由緩坡構成的丘陵地帶。在一座略高的山丘上矗立著一面像是經歷了數百年風雨的古舊城壁。由石灰岩搭建而成的城壁非常厚實，約有兩個成年人並排張開雙臂的厚度。不過大部分的城壁已經崩塌，現在還保留著原貌的部分大概只占整個城壁的四分之一。通過城壁就能看到點綴在山丘之間的小村落。這個被破損城壁環繞的村落，正是網羅了諸般武藝傳承的「翠青門」大本營。據傳在小國博茲雅時代，村子坐落之地原本是座神祠，當時有眾多的巫師在此修行。中央建有多個尖塔的建築物就是過去的神祠。巫師們在此努力修行時，為了鍛鍊身心也學習了武藝。這就是翠青門的起源。<hex:02100103>加雷馬帝國入侵時，為了守護小國博茲雅，許多門徒前往戰場，最終戰死。當時第四軍團的巴修·範·伽布拉斯軍團長十分惜才，因此與翠青門約定只要向帝國宣誓忠誠就能得到庇護。當時的門主恭順了帝國，並以自己的首級作為交換保全了翠青門。<hex:02100103>翠青門的秘籍之一名為「三位一體」。其內容十分單純，就是在與強敵對峙的時候，不要隻身一人應對，而要三人齊心合力一同應戰。<hex:02100103>有著血緣關係、年齡又相仿的布拉茲和韋利博爾曾在同門中尋找組成三位一體的第三個人選。可二人在同門中也算是數一數二的強者，自然沒有找到他們看得上的人物。不過在物色的過程中，有一位百折不撓的少女，她就是阿姬。阿姬性格活潑開朗，和別人在一起時總能調動起氣氛。布拉茲、韋利博爾和阿姬同為被收留門下的孤兒，自然早就相識，二人將她視為親妹妹一樣疼愛。正因為如此，他們決定不接納她為第三人。為了解放博茲雅，總有一天人們會發動起義，反抗帝國。那時他們會帶領翠青門加入抵抗組織。但是像阿姬這樣前途光明的年輕人，不應捲入血債血償的戰亂之中……<hex:02100103>可阿姬毫不退讓。不僅如此，她在達到了拳術的最高水平後仍然不斷提升自己的實力，最終在與二人比試時取得了三局一勝的成績。這樣一來已然沒有理由可以阻止阿姬。二人只好接受她作為三位一體的第三人。做出這個決定並非是因為他們同意讓阿姬也戰死沙場，而是為了能親自保護阿姬的生命。他們發誓，哪怕是以自己的身體作為肉盾，也要好好地守護她。<hex:02100103><hex:02100103>然而施展出三位一體戰術，成為異形之人的求道之三位一體，已經無法回到過去……<hex:02100103><hex:02100103>"
27,28,1,0,69561,0,72628,72528,4,"女王護衛","Queen's Guard","鬪神天佑女王忠實的信徒。<hex:02100103>女王的士兵、騎士、槍手、戰士，他們也是慘遭精煉的新生女王之刃。非常遺憾，他們的身體已經化作了「異形」……<hex:02100103><hex:02100103>女王士兵是人稱潛行無蹤姆拉登的硌獅族義軍。<hex:02100103>姆拉登是在多瑪生活的第二代博茲雅難民。他精通忍術，在奪回多瑪城一戰時也曾作為多瑪抵抗組織的一員活躍在前線。多瑪解放後，他來到博茲雅，加入了白沙恩帶領的博茲雅義軍。在那裡他不但作為多瑪式忍術的教官負責為義軍培養士兵，還會前往第四軍團進行諜報任務。雖然在攻略帝國湖岸堡時他作為分遣隊的一員前往博茲雅北部，幸運地保住了一命，之後卻在南方博茲雅戰線上被精煉成了信徒。<hex:02100103>他無親無故，孑然一身，常常像口頭禪一樣念叨著「即使戰死沙場也沒有人為我悲傷，我就也無需顧慮太多了」。不知被精煉後，他的心中是作何感受……<hex:02100103><hex:02100103>女王騎士是有著勇武先鋒阿迪斯稱號的硌獅族義軍成員。<hex:02100103>阿迪斯出身於博茲雅的邊境傑爾奔特，與眾多的行省民一樣，他接受了帝國式的教育成為了帝國士兵。以博茲雅堡壘蒸發事件為契機，他加入了博茲雅義軍。身為百夫長，卻一馬當先殺入敵陣，是一位不折不扣的猛士，而且在軍中獲得名望後，他還有了喜歡單挑對決的壞習慣。不過部下們對他非常信賴，有不少年輕人十分憧憬他捨身殺敵的英姿。在南方博茲雅戰線上，為了讓己方隊員撤離，他殿後與敵人對峙。最終由於受到了鬪神乙太的影響而被精煉成了信徒。<hex:02100103>因阿迪斯的犧牲而得以倖存的義軍士兵們回到據點後都眼流血淚低聲啜泣，希望自己能代替阿迪斯犧牲。據說他們的慟哭之聲迴響在整個甘戈斯……<hex:02100103><hex:02100103>女王戰士是被稱為電光急速圖蓋姆的魯加族義軍成員。<hex:02100103>雖然身為女性，卻能自在地揮舞超過自己身高的巨大戰斧，其身姿宛如軍神降世。圖蓋姆是土生土長的博茲雅人，且出身於小國博茲雅時代統治者階級之一的貴族名門，是實打實的菁英人士。博茲雅被帝國統治後，她破例享有自由民的地位與權力，可為了解放祖國，她毅然決然地放棄特權加入了博茲雅義軍。雖然她曾是米希亞最為厭惡的貴族階級，但卻從未有過蔑視平民的言行舉止。因為平日裡沉默寡言，很少外露感情，以致於很多人對她都有過誤解，但她其實比任何人都更支持白沙恩建立平等社會的理想。<hex:02100103>化身為異形之人的圖蓋姆獲得了自由操控重力的能力，阻擋在冒險者面前……<hex:02100103><hex:02100103>女王槍手是被帝國軍稱為碧藍死神的硌獅族義軍成員拉提米爾。<hex:02100103>拉提米爾從前在博茲雅的邊境以打獵為生。博茲雅堡壘蒸發事件導致眾多無辜的博茲雅人死亡，拉提米爾認為這是帝國對博茲雅人民的虐殺，因此加入了博茲雅義軍。原本就擅長使用槍械的拉提米爾在軍隊中逐漸展現出了狙擊手的才能。帝國軍襲擊格拉河的義軍據點時，面對突如其來的夜襲，義軍陣腳大亂，瀕臨崩潰。倖存者們試圖逃離據點，可卻已經被帝國軍重重包圍，無處可逃。就在此時，包圍據點的帝國兵們竟然遭到狙擊，一個接一個地倒下了。在月光暗淡、漆黑一片的夜晚，不知從何處射來的子彈將同伴逐一擊倒，這下輪到帝國軍開始恐慌了。而這位狙擊手正是當晚負責放哨的拉提米爾。他隻身返回據點附近進行狙擊，試圖瓦解帝國軍的包圍網。等到黎明時分，約有36名帝國兵被他的狙擊子彈貫穿額頭。突襲部隊不得已只好撤退，殘存在據點的義軍士兵們也終於挺過了這九死一生的夜晚。<hex:02100103>曾經的碧藍死神，書寫傳奇的拉提米爾，如今正以異形之人的姿態保護著女王……<hex:02100103>"
28,29,1,0,69561,0,72629,72529,4,"誓約之三位一體","Trinity Avowed","鬪神天佑女王忠實的信徒。<hex:02100103>被精煉後的新生女王之刃隊員不動羅刹斯塔尼克、魔天將澤文、風花舞伊索爾德三人的身體已經化作了「異形」，並融合成了誓約之三位一體阻擋在冒險者的面前……<hex:02100103><hex:02100103>那是帝國湖岸堡攻略作戰開始的數月前……<hex:02100103>帝國湖岸堡一名源於其附近一座名為伊加科洛的湖。這座湖是博茲雅地區最大的鹽湖。在古代博茲雅語中，伊加科洛的意思是「鏡之湖」，湖如其名，天氣晴朗時，湖面上沒有一絲波浪，會像鏡面一樣反射天空中的景色。當時，從湖邊的義軍據點——沃洛狄前哨傳來了帝國軍來襲的消息，因為前哨陣地的偽裝已經被帝國軍識破，白沙恩立刻下令全軍撤離該地，並派遣澤文、斯塔尼克、伊索爾德前去支援友軍撤退。三人率領著各自的部隊前往沃洛狄前哨，雖然成功與殘存的駐軍匯合，卻在撤退途中遭遇了阿爾貝雷歐率領的帝國軍伏擊。阿爾貝雷歐正是看準了他們帶著傷兵行軍緩慢，才提前進行了埋伏。雖然處於弱勢，三人還是拼上性命奮力反擊，就算已經被帝國軍包圍，他們仍然利用岩石、樹木甚至是同伴的遺體充當沙袋，巧妙地構建起防禦工事，打算以此撐過帝國軍的猛攻。可殘存的部隊終究勢單力薄，難以抵禦帝國軍的進攻。三人意識到情況危急，這樣下去遲早會被全殲，於是澤文和斯塔尼克將傷兵託付給伊索爾德，自己帶領一小部分人佯裝進攻掩護他們逃脫。面對意料之外的反攻，帝國軍亂了陣腳，伊索爾德趁機成功逃脫，澤文和斯塔尼爾與僅剩的幾名殘兵卻徹底被包圍了。望著天空中的明月，二人享受著最後短暫的寧靜。帝國軍雖然停止了攻擊，但應該只是在等待增援部隊吧。待到黎明時分，他們就會再次進攻，到時我們必將命喪於此……不出所料，天空微微泛白時，遠處便傳來了帝國軍的行軍號令。這就是我們的結局了……正在二人準備赴死之時，不遠處卻響起了熟悉的曲調。那竟是伊索爾德演奏的博茲雅民謠。她也帶著增援部隊殺了回來。<hex:02100103><hex:02100103>就在帝國湖岸堡攻略作戰的前夜，斯塔尼克還說過想聽伊索爾德彈奏那支曲子。伊索爾德微微一笑，拿起慣用的愛弓代替樂器演奏起來。澤文喝了一口酒，閉上眼睛，回想起了曾經那些並肩作戰的時光。他們約定等到戰爭結束後，再伴著這首曲子把酒言歡……<hex:02100103>"
29,30,1,0,69561,0,72630,72530,5,"天佑女王","the Queen","古代亞拉戈帝國製作的媒介武器。對鬪神進行了徹底研究後，亞拉戈帝國研發出更簡單的方法使鬪神現身並加以控制，而這種武器正是召喚鬪神的媒介。其中的這把被命名為天佑女王。<hex:02100103>為何這把媒介武器會成為古代博茲雅的聖劍，原因尚不明確。不過考慮到古代博茲雅並沒有能與亞拉戈帝國抗衡的軍事力量，可以斷定不是從亞拉戈帝國奪來的，偷來一說也不太現實，更不可能是古代亞拉戈帝國拱手送出的。最有可能的猜測就是某些對帝國心灰意冷的古代亞拉戈人流亡至古代博茲雅後，獻上此物以求庇護，才有了這把聖劍。<hex:02100103>無論真相如何，細節已經不得而知。現在能夠確定的，只有這把統治古代博茲雅的女王貢希爾德的專屬佩劍，其實是亞拉戈帝國製作出的媒介武器。<hex:02100103><hex:02100103>這把武器的運作原理也十分有趣。<hex:02100103>在古代伊瓦利斯，人們將聖石尊為聖遺物，而聖石實際上是太古之時從宇宙降臨的聖天使阿爾蒂瑪用自身的魔力做出的一種特殊水晶。聖石會對人類的慾望產生反應，在吸取慾望後，賦予其實體化的力量。這就是聖石的本質。古代亞拉戈帝國的研究者看中了聖石的這種特性，對其進行了改良和優化，製造出媒介武器。而後又成功地利用使用者的慾望，特別是那些真切的願望作為媒介召喚出鬪神，進而研究出控制鬪神的方法。在無數次失敗後，研究者們終於得出結論：只要持有超越之力，就能以自身為容器召喚出鬪神……古代亞拉戈帝國的學術能力之強由此可見一斑。<hex:02100103><hex:02100103>時光流逝，現在米希亞決定利用自己的身體作為容器，基於聖劍的傳說以及最後的女王貢希爾德的悲劇召喚出鬪神。不過單純召喚出鬪神並非大功告成，還要用自身意志加以操控。要實現這一點，必須擁有超越之力。從加雷馬帝國的諜報網得到消息後，米希亞將目光放在了薩雷安的賢人水琴身上。她擄走擁有超越之力「眺望未來」的水琴，打算將她的能力複製到自己身上。正巧第四軍團剛好獲得了奧盧斯·瑪爾·亞希納在超越技術研究所開發的超越者強化技術。利用這項技術，米希亞成為了超越者。<hex:02100103><hex:02100103>米希亞利用聖劍吸收的最後一任女王貢希爾德，也就是奈文比·博特雅失的乙太殘渣和她的部分記憶乙太，成功做出了幻影。雖然這已經足夠令叛軍化為信徒，不過要想達成最終目標——召喚出鬪神真身，還需要更多的乙太。而一座名為女王古殿的古代博茲雅王宮中正好有大量的乙太供給。利用沉睡在王宮深處的巨大水晶——女王光輪，米希亞終於成功激發出了聖劍真正的力量。<hex:02100103><hex:02100103>成為了鬪神天佑女王的米希亞為了清算長年的怨恨，實現伽布拉斯的思想，向冒險者發起了挑戰……<hex:02100103><hex:02100103>"
30,23,1,0,69561,0,72631,72531,3,"羅斯提克·琉芭失","Rostik Liubasch","56歲。硌獅族。出生於舊博茲雅王都博茲雅。<hex:02100103>博茲雅義軍的一員。<hex:02100103><hex:02100103>立志從加雷馬帝國的統治中解放博茲雅管區，建立獨立國家。<hex:02100103><hex:02100103>他的父親曾是效命於小國博茲雅正規軍的絕槍戰士。受這位偉大父親的影響，長大後他也踏上了相同的道路。不過，羅斯提克對父親其實並沒有什麼印象。<hex:02100103>在他還小的時候，加雷馬帝國為了掃除伊爾薩巴德大陸南部的剩餘小國，以破竹之勢發起了進攻。羅斯提克的父親不得已將幼小的獨子託付給了自己的恩師——一名老絕槍戰士，之後就再也沒有回來過。<hex:02100103>雖然大家都稱讚他父親是護國的英雄，可父親守護的這個國家仍然被加雷馬帝國併入版圖，從此消失了。事已至此，至少成為一個能夠守護故鄉的男子漢吧。少年羅斯提克暗下決心，跟隨養父學習絕槍戰士的本領，長大後成為了帝國軍的一員。這次，一定要成為保衛故鄉的護盾。<hex:02100103>然而就像父親一樣，他也沒能守護住故鄉。他為了保護同胞而加入軍隊，可就在參軍期間博茲雅堡壘蒸發事件發生了。故鄉這次是真的、字面意思上的消失了。<hex:02100103><hex:02100103>事件發生後，對帝國心灰意冷的他逃出了軍隊。有段時間他化身為復仇的厲鬼，毫無計劃地不斷襲擊帝國軍。可無論他身為絕槍戰士有多麼高超的戰鬥技巧，一個人能做到的事情終歸是有限的。某天，羅斯提克遭到了帝國軍伏擊，雖然勉強脫身，卻身受重傷倒在了森林之中，只能等死。<hex:02100103>危機之下，是白沙恩救了他一命。當時博茲雅義軍正巧想要攻擊同一支帝國軍部隊，看到羅斯提克落敗逃走，趕忙出手相救。自此羅斯提克開始與義軍共同行動，並在理性的白沙恩的教導下認識到，不應該只為了復仇胡亂揮舞手中的槍刃，而是要將「守護之技」傳授給更多的有志之士。<hex:02100103>就這樣，瀕臨失傳的絕槍戰士技能再次得到傳承。不論是博茲雅義軍的核心成員馬爾夏克，還是在奇妙的命運指引下結識的拂曉血盟桑克瑞德，都算是羅斯提克的門生。羅斯提克向著嶄新的未來不斷前進，想要通過自己的技巧與教誨實現重建博茲雅的夢想。<hex:02100103>"
31,31,2,0,69620,0,72633,72533,1,"モリベのアトリ","Atori Moribe","29歳。アウラ族。ナグサ南西部・ダクラク村出身。<hex:02100103>ナグサ・レジスタンスの一員。東方連合から派遣された援軍のひとり。<hex:02100103><hex:02100103>アトリの一族はかつてドマからナグサへ移住した者たちである。そのためドマ風（東方風）の名前を持っている。祖先の霊を敬うといった儀禮的な習慣においてはドマ風を受け継ぐものの、すでに何世代もナグサで暮らしているため文化的にはナグサ民と違いはない。<hex:02100103>そんなアトリの一族……家族はもういない。<hex:02100103><hex:02100103>ダクラク村虐殺事件は、26年前、ナグサに侵攻した帝國軍が起こした事件である。<hex:02100103>第XI軍団配下の第XVII歩兵旅団がナグサ南西の山嶽地帯へ進軍。兵力としては比べものにならないほど低いナグサ・レジスタンスではあったが、地の利に勝るゲリラ的な攻撃に苦しんでいた。ジャングルから歩哨に向けて矢が放たれると、それは確実に命中し命を奪う。射手を追って密林を入ると伏兵による一斉攻撃を受け被害を増やすといった有様だった。こうした小規模な攻撃が晝夜を問わず斷続的に続き、そのため歩兵旅団の兵たちは精神的にかなり追い詰められていたという。<hex:02100103>そんな中、補給に立ち寄ったダクラク村で悲劇が起きる。ダクラク村は小さな農村で、レジスタンスは滯在していなかった。村人たちは帝國兵を恐れながらもその命令に従い、粛々と水や食料などの補給を手伝っていた。その時、酒に酔った帝國兵のひとりが住民に対して暴力行為に及ぶ。襲われた村人は必死の抵抗を試みたが、逆上した帝國兵の返り討ちに遭い死亡する。騒動を聞きつけた隊長に対し、その帝國兵はレジスタンスに襲われたと虛偽の報告をした。隊長は確認するよう促したが、怒った村人たちは農具を手にして村から出ていくよう要求。怒聲が響く中、すでにストレスが限界に達していた兵たちが銃を亂射。結果として帝國兵による一方的な虐殺となってしまった。<hex:02100103>當初、この事件は単なるレジスタンスとの戦闘と喧伝されたが、生き殘った村人の証言、及び良識ある帝國兵の內部告発により虐殺が明るみに出る。第XVII歩兵旅団はガレマール帝國の帝都へ移送され、軍法會議を経て処分された。ヴァリス大將軍は遺憾の意を表したが、ナグサでは屬州民たちの怨嗟の聲が収まることはなかったという。<hex:02100103><hex:02100103>さて、この虐殺事件の生き殘りがアトリである。當時4歳だったアトリは虐殺事件の直後に傷ついた母親と共に村を脫出。密林の中を三日三晩、食事も摂らずに彷徨い歩いた後、哨戒中のレジスタンスに運良く遭遇。殘念ながら母親はそこで息絶えたが、アトリの命は救われた。<hex:02100103>精神的ショックからか一時的に言葉を発することができなくなったが、時間の経過と共に次第に回復。ダクラク村での事件の詳細を証言した。<hex:02100103><hex:02100103>アトリはそのままレジスタンスの一員として反帝國闘爭に參加。槍術の達人として頭角を現す。<hex:02100103>言葉を失っていた時代に何かと優しく接してくれた虎鬚（こしゅ）を実の兄のように慕っている。<hex:02100103><hex:02100103>"
32,32,2,0,69620,0,72634,72534,2,"虎鬚","Kosyu","38歳。ルガディン族。ナグサ北東部・ブンライ村出身。<hex:02100103>ナグサ・レジスタンスの一員。東方連合から派遣された援軍のひとり。<hex:02100103><hex:02100103>ナグサ北東部の密林で暮らしてきた少數民族の戦士。本名は、獨特すぎて他種族には理解できないため、ナグサの反帝國組織ではもっぱら「虎鬚（こしゅ。虎のようにゴワゴワとしたヒゲ）」というあだ名で呼ばれている。<hex:02100103>訛りが強すぎるうえボソボソとしゃべるため、何を言ってるのか理解できないことがしばしば。そのせいかレジスタンス內でも虎鬚の人となりを知る者は極めて少ない。だが、斧術の達人としてその腕を疑う者はおらず、ボズヤへの今回の派遣は満場一致で支持されたようだ。<hex:02100103><hex:02100103>ナグサへの侵攻が始まり、虎鬚の生まれ育ったブンライ村はすぐに戦渦に巻き込まれてしまった。その時、わずか8歳。親兄弟の大半を失った虎鬚は、村を脫出した者たちと共に難民生活を送ることになる。だが、帝國軍の進軍に伴い、南へ、南へと逃れ続ける日々は辛く苦しいものだった。虎鬚には3歳違いの妹がいたが、その幼い妹も流浪の途中、病に倒れ命を失ってしまう。虎鬚は妹の亡骸を丁重に葬ると二度と涙を流さぬことを妹の墓に誓い、レジスタンスにその身を投じた。<hex:02100103>その訛り故にコミュニケーションを不得意としたが、虎鬚は武芸だけでなく學問にも秀でた若者であることがすぐに皆に知れ渡った。<hex:02100103>ナグサが帝國軍に平定される1年前のことである。ジャングルを哨戒していた虎鬚たちは飢えと疲労で憔悴しきった母娘と遭遇した。母親はダクラク村での事件を告げると娘を託して息を引き取ってしまう。幼い娘は深い哀しみのせいだろうか、言葉を失っていた。その娘がアトリであった。亡くなった妹の姿をアトリに見た虎鬚は、以來、アトリを実の妹のように可愛がり、甲斐甲斐しく世話をするようになった。<hex:02100103><hex:02100103>いつしか、ふたりはナグサ・レジスタンスでもトップクラスの戦闘力を誇る戦士へと成長していた。先日、ナグサ內で繰り広げられたカストルム・ウィリディスをめぐる激しい戦闘でもふたりは多くの戦果を挙げたという。<hex:02100103><hex:02100103>今回、ボズヤでの大規模な反攻作戦への援軍を東方連合から要請された際、ふたりは即座に立候補し承認された。帝國の支配に苦しむ人々を助けたい……それがふたりの変わらぬ強い意志であったからだ。<hex:02100103><hex:02100103>"
33,33,2,0,69620,0,72635,72535,1,"オボロ・トリオイ","Oboro Torioi","24歳。東方系ヒューラン族。ドマ國出身。<hex:02100103>東方連合から派遣された援軍のひとり。<hex:02100103><hex:02100103>ドマの領內にある忍びたちの「隠れ裡」出身。<hex:02100103>生まれたときに、すでにドマは帝國支配下にあったが、人裡離れた山奧にある「隠れ裡」は維持されており、ゲッカイという名の忍者に師事して、幼い頃より忍術修行に勵んできた。生まれ持った才能とたゆまぬ努力により、若くして「上忍」の稱號を得る。<hex:02100103><hex:02100103>ドマ前國主、カイエンによる反亂の折には、オボロもまた従軍。一時はドマ城を奪還するなど、反亂は成功したかに見えた。しかし、同じ「隠れ裡」の忍びが帝國側に寢返ったこと、帝國側の増援としてゼノス率いる第XII軍団が到著したことなどを受けて、ドマの反亂勢力は鎮圧されてしまう。<hex:02100103>その後、生き殘ったオボロは、裡の長老からの命を受け裏切り者の忍者を追い、エオルゼアに向かうことになる。<hex:02100103>かくして、エオルゼアの地で活動することになったオボロだが、その一方でドマに動きがあれば、すぐさま馳せ參じてきた。ヒエンが指揮したドマ奪還に際してはエオルゼアから即座に帰還し、大龍月亮門の魔導障壁を解除する任務で活躍した。<hex:02100103>今回も、ドマ國主ヒエンからの依頼を受けて、東方連合の一員としてボズヤ・レジスタンスへの援軍に參加することになった。<hex:02100103><hex:02100103>性格は非常に真面目で正義感が強い。任務遂行を第一とするため、ともすると融通の利かない男とも思われがちだが、他者の命を犠牲にするよりは自らの命を率先して投げだすタイプ。その勇猛果敢ぶりはさすがドマの忍びと評されている。<hex:02100103>もっとも、その愚直なまでの生真面目さ故、任務以外の個人に関わる生活には無頓著。そろそろ妻を娶って家庭を持つよう促されることも多いオボロだが、戀愛感情を持ったとしてもそのあとどうやって発展させればよいのか、まったく想像すらできないと弱音を吐くことも。<hex:02100103><hex:02100103>以下、エオルゼアにてオボロと行動を共にする忍びの証言（諸般の事情で個人名は控えさせていただきます）。<hex:02100103><hex:02100103>「以前は長老らが薦めた相手をそのまま娶ればよいと考えていた時期もあったようですよ。<hex:02100103>　……ええ、そうですね。オボロ様は「上忍」というお立場もあって、古い世代の長老たちから、お子様を立派な忍びに育て上げることが使命なのだと期待……いえ、圧力を向けられることも多いですから。<hex:02100103>　……ええ、そうなんです。エオルゼア市民の自由な生活ぶりに感化されたせいなのか……私が言ったとは絶対に內緒でお願いしますね、バレたら本當に困りますので。<hex:02100103>　その……なんというか……オボロ様はどうやら「戀愛」からの「結婚」に內心、憧れているご様子……。<hex:02100103>　ご自身で購入されたのか、現地の悪友にもらったのかは定かではありませんが、『結婚までのAtoZ』という指南書を、こっそりと読んでいるのを物陰から目撃したことが……。」<hex:02100103><hex:02100103>"
34,34,2,0,69620,0,72636,72536,3,"ツバメ・オシダリ","Tsubame Oshidari","22歳。東方系ヒューラン族。ドマ國出身。<hex:02100103>東方連合から派遣された援軍のひとり。<hex:02100103><hex:02100103>ドマの領內にある忍びたちの「隠れ裡」出身。<hex:02100103>生まれつき魔力が少なかったため、こと忍術の威力という面ではオボロたち「上忍」には及ばないが、しなやかかつ強靭な身體をもっており、手裏剣や短刀を用いた接近戦の評価は高い。また変裝術が得意であり、潛入任務もお手の物。そうした點が評価され、エオルゼアでの任務に派遣されていた。<hex:02100103>裏切り者の忍者を追うよう命じられたオボロに付き従っており、主に補佐役として任務を行う。今回のボズヤ派兵においてもそうだ。その戦闘能力もさることながら、諜報技術に長けた者の支援を求めるボズヤ・レジスタンス側の要望に応えて、忍びであるツバメが派遣されることになった。<hex:02100103><hex:02100103>オボロとの関係はあくまでも上司と部下であり、それ以外の個人的な感情は一切ない。そもそも、オボロの補佐をするのは任務のためだけではなく、優れた忍術の使い手ながらどうにも生活能力に難があるオボロを支えるための「お目付役」的な一面があるらしい。そう言われたわけではないが、ツバメは薄々、長老らの意図を理解していた。<hex:02100103>そもそも忍びは諜報活動のために時には數ヶ月にもわたり市井の人々の生活に溶け込む必要がある。忍びであることを隠し、商人など一般的な職業に従事して情報収集にあたるのだ。そうした隠密行動をツバメは得意としていた。たとえ文化や生活習慣の異なる土地であっても數日でそれらをマスターし、一般人として溶け込むことに長けているのだ。<hex:02100103>だが、オボロはそうした「馴染む」行為が苦手であった。もちろん忍びとしての最低限なレベルをクリアしているのだが、どことなく「馴染まない」のだ。本人もそれを理解しており、努力しているのだがどうにも上手くいかない。ある意味、オボロにとって唯一の欠點ともいえた。<hex:02100103>ツバメにはわかっていた、その原因が。オボロはどこか天然なところがある。育ちの良さともちょっと違うのだが、基本的に人が良いのだ。生來の生真面目さ、正義感の強さがどうしてもにじみ出てしまう。困った人を放っておけない、そんなところについ「地」が出てしまうのだ。なので裝うべき「人物像」からはみ出してしまい、それが違和感となって現れる。勘の良い人ほどその違和感が気になるというわけだ。<hex:02100103><hex:02100103>そんなオボロを「憎めない人」と思いながら今日もフォローする……それが自分の役割であることをツバメはよく理解しているのだ。そして、それもまた悪くないと心の何処かで微笑むのである。<hex:02100103><hex:02100103>"
35,35,2,0,69620,0,72637,72537,2,"メリオール・ミラー","Miljora Miller","18歳。ヒューラン族。ボズヤ管區シタデル・ボズヤ出身。<hex:02100103>ボズヤ・レジスタンスの一員。「新生グンヒルドの剣」のひとり。<hex:02100103><hex:02100103>メリオールは、闘神セイブ・ザ・クイーンのテンパード化を逃れることのできた數少ない「新生グンヒルドの剣」のひとりである。南方ボズヤ戦線で第IV軍団とボズヤ・レジスタンスが衝突していた頃、他任務で彼の地を離れていたため難を逃れたというわけだ。<hex:02100103>他任務とはカストルム・ラクスリトレへの攻撃開始と同時に、ダルマスカからの補給線を叩こうというバイシャーエンの作戦であった。中でも最大の補給基地といわれる東ボズヤ地域の港灣都市ケアリアへの奇襲作戦を指揮したのがメリオールであった。若くとも冷靜沈著な指揮官……それがメリオールである。<hex:02100103><hex:02100103>シタデル・ボズヤ蒸発事変で両親を失ったメリオールは、福祉局を経て、帝國式教育を受けて育つ。成績は優秀で同世代の子どもたちより頭がふたつ抜きん出るほどだったという。士官候補生への準備機関である青少年教科學校へ飛び級で進學すると、その才覚がさらに花開く。武芸もそうだが、戦術立案を得意とし、模擬戦では三階級上の士官候補生を負かしたほどの腕前だったらしい。<hex:02100103>そんなメリオールが14歳の時に出會ったのが赤魔道士ロヴロであった。白魔法と黒魔法を駆使する赤魔法に心を奪われたメリオールは戦闘科目としてこれを専攻する。その時、教鞭を執っていたのがロヴロだったというわけだ。<hex:02100103>ロヴロからの指南を受けたメリオールはめきめきとその腕を上げていった。それと同時に、ボズヤが如何に帝國によって富を搾取され、民は自由を奪われているのかを知ることになる。帝國式教育では語られない「真実」と向き合ったメリオールはボズヤ民としての尊厳を抱くようになった。<hex:02100103>2年前、ロヴロにボズヤ・レジスタンスのスパイ容疑がかかり、當局に連行されそうになった夜のことである。ロヴロ救出のためにレジスタンスの小隊が拘置所を襲撃したとの知らせを聞いたメリオールは、即座に準備していた荷物を持って寄宿舎を抜け出した。約束の待ち合わせ場所には師匠のロヴロがいた。以來、ふたりはレジスタンスに身を置いている。<hex:02100103><hex:02100103>ロヴロがテンパードになったとの知らせを受けた時、メリオールは奇襲作戦の直前だった。だが、彼女は気丈に振る舞うと、作戦を指揮し、見事、成功に導く。皆は私情を挾まず任務優先を第一とするメリオールを褒め稱えたが、內心、すぐにでも南方ボズヤへ行きロヴロに會いたい想いで一杯だった。<hex:02100103>ロヴロと最後に交わした約束が心をざわつかせた。萬が一、敵の捕虜となった場合は、互いに命を奪おうと。テンパードを元に戻すことができないのであれば、ロヴロに引導を渡さねばならない。だが、私にそれができるのだろうか？<hex:02100103>泣きたい心を必死で堪えるメリオールであった……。<hex:02100103><hex:02100103>"
36,36,2,0,69620,0,72638,72538,3,"ロヴロ・アン・スラナシュ","Lovro aan Slanasch","38歳。ロスガル族。ボズヤ管區シタデル・ボズヤ出身。<hex:02100103>ボズヤ・レジスタンスの一員。テンパードにされてしまった「新生グンヒルドの剣」のひとり。<hex:02100103><hex:02100103>徴用兵として帝國軍に従軍中にシタデル・ボズヤ蒸発事変が発生、親兄弟を失う。以來、帝國軍に身を置きながらもボズヤ・レジスタンスのスパイとして活動し始める。<hex:02100103><hex:02100103>ロヴロは赤魔道士である。<hex:02100103>なぜ赤魔法を操ることができるのか。<hex:02100103>徴用兵としてアラミゴ攻めに送られた際、そこで帝國側に寢返った赤魔道士に教わった。エーテル放射を不得手とするガレアン族では扱えないため、その技術の価値を見極めるべく屬州民のロヴロに白羽の矢が立てられたという。<hex:02100103>ロヴロは赤魔道士の術を気に入り、熱心に修行した。ロヴロに赤魔道士の技を教えたのはランバードというアラミゴ人だった。ランバードはかつて「紅の疾風」と呼ばれるアラミゴ革命軍の一員で、仲間と共に赤魔法を復興させた、いわば始祖的な達人であった。帝國に忠誠を盡くす見返りとして赤魔法を差し出したということだった。<hex:02100103>ロヴロは心の底では帝國に尻尾を振るランバードを嫌っていたが、赤魔法をマスターするまでの間、そうした態度はおくびにも出さず、修行に集中した。こうして赤魔道士となったロヴロは東方に帰還。各地の士官學校で赤魔法の教鞭をとることになった。ロヴロにはひとつの計畫があった。彼は帝國に対する反抗心を抱える者のみに赤魔法を教えることにしたのだ。いつの日か、帝國に抗うその時、共に反旗を翻して帝國と戦おう。帝國式教育を受け、帝國の支配を疑問に思わない生徒に秘かに真実を教えながら、來るべき時を待つのだ。<hex:02100103><hex:02100103>シタデル・ボズヤに戻ったロヴロは素晴らしい逸材と出會った。當時、14歳だったメリオールである。戦術家としての才能にも秀でた彼女はきっとレジスタンスにとっても大切な戦力になるだろう。そう考えたロヴロは彼女に対して、これまで以上に心血を注いで赤魔法を教えた。メリオールはまるで水を瞬時に吸い取る砂漠のように、ロヴロから赤魔法を學び、身につけていった。<hex:02100103>こうしてふたりは、秘かに交わした約束に従い、ボズヤ・レジスタンスに身を投じた。そして、反攻作戦を前にその才を認められ、共に「新生グンヒルドの剣」となった。<hex:02100103><hex:02100103>だが、ロヴロはロヴロでなくなってしまった。闘神セイブ・ザ・クイーンの力を受け、忠実なる下僕、テンパードになってしまったのである……。<hex:02100103><hex:02100103>"
37,37,2,3,69620,0,72639,72539,4,"ロフィー・ピル・ポティトゥス","Llofii pyr Potitus","19歳。ミコッテ族。ダルマスカ管區バルナイン出身。<hex:02100103>元ガレマール帝國第IV軍団「術士大隊」所屬の脫走兵。<hex:02100103><hex:02100103>殺処分の対象となった実験動物「モノセロス」を連れ、帝國軍から脫走したロフィー。第IV軍団の熾烈な追跡をかいくぐり、南方ボズヤ戦線をモノセロスと共に脫出することに成功した。<hex:02100103>カストルム・ラクスリトレが陥落したことを知ったロフィーはボズヤ・レジスタンスに投降。帝國兵と知りながら戦場で手助けしてくれたレジスタンス兵たちに恩義を感じていたのもあるが、何よりも行くあてもない手負いのロフィーとモノセロスにとっては捕虜になるほうがマシだと考えたのだ。<hex:02100103>ロフィーは知りうる第IV軍団の情報をすべて伝える代わりにモノセロスだけは遠く離れた故郷の山へ帰すよう懇願した。それが葉うのであれば処刑されても構わないと強く訴えた。並々ならぬその覚悟に心を打たれたバイシャーエンは、捕虜ではなくレジスタンスの客將として迎えることにした。そして無事に戦いを終えた後、自らの手でモノセロスを故郷へ連れていけばよいとも。<hex:02100103><hex:02100103>実はロフィーには戦場でやり殘したことがあり、それが気がかりであった。心殘りとはすなわち、他の実験動物たちの解放である。そのためには第IV軍団で魔導実験を指揮するかつての上官「傍白のファビノー」を討ち取らねばならない。ファビノーを生かしておいては、ボズヤの外でも同じ外道な生體実験を行うに違いないからだ。<hex:02100103><hex:02100103>「モノセロス……手伝ってくれる？　無理強いはしない。あなたの好きにすればいいわ。」<hex:02100103><hex:02100103>バイシャーエンはたとえロフィーが命を落とすことになったとしてもモノセロスは必ず故郷へ帰すと約束してくれた。考えてみれば、そんなモノセロスに付いてきてほしいと願う自分は、結局、ファビノーと同じではないか……そう恥じるロフィーはモノセロスを置いて戦場へと向かおうとした。だが、モノセロスはロフィーと共に行動することを選んだ。勝利がなんであるのか、それを理解することはできていないが、ロフィーの命を守りたいとモノセロスは心の底から願ったのである……。<hex:02100103><hex:02100103>"
38,38,2,0,69620,0,72640,72540,2,"ファビノー・クォ・ソラノス","Fabineau quo Soranus","37歳。エレゼン族。ランディス州マントヴァ出身。<hex:02100103>ガレマール帝國第IV軍団「術士大隊」所屬の百人隊長のひとり。<hex:02100103><hex:02100103>「潔白のロフィー」の元上官。モノセロスなどを実験動物とすることで、魔法の研究を行っていた張本人であり、ロフィー脫走の直接的要因を作った人物である。<hex:02100103>語り口は上品だが、魔獣はもとより人間の命などなんの価値もないと考える冷酷無比な男。そもそも他人に対する共感性が皆無であり、良心の呵責なしで平気で他者を傷つけることを好む。また、「結果がすべて」とする結果至上主義者でもあり、そのためには手段と方法を選ばない。究極のエゴイストともいえ、何よりも自分の思想や行動を根拠なく正しいと信じて疑わない。<hex:02100103>ミーイズムの塊ともいうべきファビノーだが、唯一、彼をイラつかせているのがシシニアスだ。<hex:02100103>帝都ガレマルド出身のシシニアスは超越技術研究所にて魔導技師長アウルス・マル・アシナに師事するエリートのひとり。アラミゴ陥落時に本國へ戻ればよいものを、「聖遺物」を求める軍団長ガブラスに気に入られ第IV軍団の魔導技師長に就任した。シシニアスはその類い希な才能と探索欲により數々の成果を上げている。そのこともあってか、第IV軍団の規律を無視するかのような人體実験を繰り返しても咎められることがない。<hex:02100103>ファビノーは自身の感情を理解していないが、深層心理下ではシシニアスをライバルとして意識していたのである。それ故、魔導技術に劣らぬよう、負けぬようにと新たな魔法の研究に沒頭するようになったのだ。それが前述のモノセロスに代表される魔法生物や魔獣を使った外道ともいえる実験であった。そして、それは次第に過激な実験へとエスカレートしていった……。<hex:02100103><hex:02100103>「ふむ……少なくとも吾輩は人間の命に手を付けたことはありませんよ。人間の命とは実に尊いものですからね。それに比べたら実験動物など……。こう考えてみたらいかがですか。魔法の発展……すなわち「力の確保」こそが戦爭を終わらせ平和を作り出す至高の鍵であると。……すべてはそのための貴い犠牲なのですよ。」<hex:02100103><hex:02100103>なお、「ソラノス」はマントヴァではよくある名字であり、鉄火のサルトヴォアールと血縁関係はない。<hex:02100103><hex:02100103>"
39,39,2,0,69620,0,72641,72541,3,"ヤマツミ・ピル・ウラベ","Yamatsumi pyr Urabe","41歳。東方系ヒューラン族。ドマ管區ゴウド村出身。<hex:02100103>ガレマール帝國第IV軍団「術士大隊」所屬の陰陽士。<hex:02100103><hex:02100103>神事を司るウラベ家は陰陽道を家學とし、ドマを治める國主一族に代々仕えてきた。だが、ドマがガレマール帝國の支配下となってからは一切の宗教行事が禁止された。そうした行事、儀式が禁じられたのは、帝國が忌み嫌う蠻神召喚に繋がりかねない危険性があると判斷されたためである。特に代理総督だったヨツユはウラベ家をはじめとする陰陽士一族を厳しく弾圧した。<hex:02100103>大半の陰陽士一族はドマから逃れるか、レジスタンスとして地下へ潛った。だが、ウラベ家は代々君主に仕え國政を支えてきたという自負と誇りから徹底抗戦を選ぶ。だが、反攻も空しく一族郎黨はことごとく捕らえられ処刑された。<hex:02100103>そんな中、ドマを逃れたウラベ家の者たちがいた「ウラベのヤマツミ」率いる陰陽衆であった。そして彼らのドマ脫出を計畫し、逃亡を手助けしたのが、何を隠そう第IV軍団のガブラスであった。<hex:02100103>ガブラスはその才を惜しみ、むざむざ、命を散らすべきではないと説得。生きていればいずれドマに帰還できる日もあろうし、何よりもダルマスカで新たな王國楽土を共に築こうと誘った。ガブラスの言に帝國とは異なる思想と価値観を感じたヤマツミは、遂に第IV軍団に下る決意をした。<hex:02100103><hex:02100103>こうして第IV軍団の正規兵となったヤマツミだが、第IV軍団では新參者ということもあり、十人長と実力よりはるかに低い階級である。だが、それは遊撃部隊として自由に活動できるようにとガブラスが配慮した上での位置づけで、術士大隊所屬でありながらメネニウスから直接、「聖遺物探索」の指示を受けることもあったようだ。<hex:02100103><hex:02100103>ヤマツミはドマ脫出の際、神具のひとつである「神巌戸の曲玉」を持ち出した。式を打つ際に用いられるこの神具はウラベ家に預けられ、代々の當主のみがそれを駆使したという。どのような理由でヤマツミの手に渡ったか定かではないが、ヤマツミによればそもそもこの神具はウラベ家がドマ國主一族に奉納したものであり、帝國支配下となった後、元の持ち主の手に戻っただけのことと主張している。だが、ドマ國はヤマツミを「神具を奪い、帝國に寢返った裏切り者」として追っているようだ。<hex:02100103><hex:02100103>"
40,40,2,0,69620,0,72642,72542,1,"パガガ・クォ・バックスタイン","Pagaga quo Vochstein","20歳。ララフェル族。ダルマスカ管區ニムラハバ出身。<hex:02100103>ガレマール帝國第IV軍団「魔獣大隊」所屬の百人隊長のひとり。<hex:02100103><hex:02100103>バックスタイン家はアラミゴにおける「名門魔獣使いの家名」である。多くの優れた魔獣使いを輩出したバックスタイン家は、特にグリフィンの飼育・鍛錬に長けており、その育成されたグリフィンはアラミゴの王侯貴族たちにも愛される存在であった。移動手段としてはもとより戦闘能力も高く、アラミゴの魔獣部隊の中核を成したほどである。その功績を讃えて爵位を授與されたバックスタイン家は末席ながらも貴族としてさらにアラミゴ発展のために力を盡くしたそうだ。<hex:02100103>アラミゴ王家に対する忠誠心は高く、ガレマール帝國がアラミゴに侵攻した際、當時の當主カラムはグリフィンを奪われまいと家畜房の扉を開け放って、手塩にかけて育てたすべてのグリフィンを野に逃がしたという。この痛快なエピソードは今でもアラミゴ市民に語り継がれているほどであった。<hex:02100103><hex:02100103>アラミゴが帝國支配下となった後、バックスタイン家は帝國への協力を頑なに拒んだ。ギラバニアのグリフィンはアラミゴの王侯貴族、そして民のために用いるべきであり侵略者の意のままにはさせないと強く拒否したという。第XII軍団は捕らえた當主カラムを処刑しようとした。その時、帝國軍への徴兵を志願したバックスタイン家の者がいた。カラムの息子のひとりガンプである。ガンプはすぐに喧嘩腰になるような粗暴で自分勝手な男という評判だった。だが、魔獣使いとしては一流で、カラムの息子の中でも一番であった。第XII軍団はガンプの入団、及びグリフィン飼育の技と引き換えにカラムを解放した。<hex:02100103>バックスタイン家の名を汚し、アラミゴの裏切り者と罵られたガンプはそうした悪評を気にせずグリフィンをせっせと飼育したという。だが、他者を不愉快にさせる野卑な性格の上、極めて高慢な態度はさすがに第XII軍団も扱いにくかったようだ。その噂を聞きつけた第IV軍団のガブラスが配下の魔獣大隊の強化を目的にガンプを引き取ることになった。<hex:02100103><hex:02100103>ガンプの不遜な態度は第IV軍団でも同じだった。だが、そんなガンプのプライドが脆く崩れ去る瞬間が訪れる。魔獣大隊內での模擬戦であった。獣王ライアンが育成した魔獣の前に、さすがのガンプも勝てなかったのである。負けん気の強いガンプはその後、何かにつけてライアンと戦果を競い合ったが、惜しいところでいつも敗北の憂き目に遭った。失意のガンプは更に他者を寄せ付けなくなっていた……。<hex:02100103>ダルマスカで反亂軍をニムラハバの森まで追い詰めた時のことである。森林ごと焼き払うことを提案した上官に対してガンプは森で暮らす魔獣たちを殺すべきではないと命令を無視。魔獣を助けるべく戦線を離脫し、炎上する森林へ飛んだ。その時、逃げ遅れた住人であろう、ララフェルの幼い娘をグリフィンが発見した。ガンプは人間の命などに興味はなかったが、グリフィンがとても気にしたため仕方なく娘を救出した。<hex:02100103><hex:02100103>ララフェルの娘は野生児同然の孤児で、當時、読み書きどころか言葉を話すことすらできなかったという。パガガと名付けられた娘をガンプは可愛がった。全身から拒絶と警戒の信號を出しつつも、人に甘えたいという眼差し。自分に似ていると感じたのかもしれない。<hex:02100103>命令不服従の上、勝手に戦線を離脫したとしてガンプは処刑を求刑されたが、それを助けたのはライアンであった。ガンプの才能を買っていたライアンは罰を引き下げるよう進言した。鞭打ちの刑を受けたガンプは背中を血塗れにして家畜房に帰還した。高熱で三日三晩、生死の境を彷徨ったガンプであったが、彼を甲斐甲斐しく世話したのはパガガであった。<hex:02100103><hex:02100103>この時を境にガンプから不遜さが消え、優しい男になった。他者を拒絶せず、すすんで會話をするようになり、次第に人望も高まっていく。皆は罰のおかげだと噂したが、パガガの存在がガンプを「人間に戻した」のだとライアンは感じた。いつしか魔獣大隊にはライアンとガンプありと謳われるようになる……。<hex:02100103><hex:02100103>だが、ガンプも不治の病に逆らうことはできなかった。病床から起き上がることのできなくなったガンプはパガガを養女に迎え、バックスタイン家の名を継がせることにした。彼の最期を看取った後、パガガは養父ガンプの墓前に誓った。父を超え、そしてライアンを超える魔獣使いになることを……。<hex:02100103><hex:02100103>"
41,41,2,0,69620,0,72643,72543,1,"ダグザ・エン・スース","Daguza oen Sus","46歳。シーク族。ダルマスカ管區ナルビナ出身。<hex:02100103>ガレマール帝國第IV軍団「魔獣大隊」所屬の兵長。ビーストマスター。<hex:02100103><hex:02100103>様々な種族が在籍する混成部隊を指揮しており、気前よく肉を振る舞うために部下からの信頼も厚い男。<hex:02100103>それもそのはず、「無骨のダグザ」は元傭兵で自分の傭兵団を率いるリーダーであった。さらに正確に記すならば、彼は強盜騎士である。強盜騎士とは、騎士の身分を持ちながら強盜や盜賊を生業とする者を示す。騎士という身分の有無だけが違うのだが、その身分が大きな意味を持っていた。騎士故に、相手に対して決闘を申し込むことができ、決闘という正規の戦いを相手に挑む……という名目で強盜を正當化する、それが強盜騎士の特権ともいえた。もちろん、それは正規の法ではなく、そもそも決闘を申し込む際、相手にとっては、ほぼ「言いがかり」であった。<hex:02100103><hex:02100103>ダグザは貧乏貴族の出で、騎士位を受け継いだものの、荘園経営には一切興味を持たず、仲間とともに博打や酒に溺れる毎日だったという。金に困ると前述のように強盜を働くといった日々を送っていた。ただ、その悪名は瞬く間に広がり、ダグザの領地を通過しようとする商人はどんどん減っていき、強盜を働くことができなくなっていく。<hex:02100103>そんな中、ガレマール帝國のダルマスカ侵攻が始まる。ダグザは傭兵団を率いて舊王國軍に參加するが、王家に対する忠誠心は薄く、契約が終わると両軍に対して売り込みをする破廉恥ぶりであったという。そんな彼の口癖が「オレには肉を食べさせなきゃいけねぇ家族がいるンだよ」。彼の家族とは、彼に付き従う悪友どものことで、義兄弟の契りを結んでいたという。<hex:02100103>いつしか、ダグザの傭兵団は「仲間にしたくないが、敵に回られると厄介」という評判を得て、両軍に重寶されたようだ。<hex:02100103><hex:02100103>ダルマスカが帝國の支配下となった後は、各軍団を相手に傭兵として売り込んだという。様々な戦場で悪名を得たダグザだったが、彼のモットーは「名を惜しむな、命を惜しめ」であり、戦場で命を失うぐらいならさっさと逃げることを第一にしていた。そのため、兵の生還率は高く、それでいて任務達成率もそこそこだったため、各軍団は「高値ではないがそれなりの値段」で彼の傭兵団を雇っていたという。<hex:02100103>だが、ヴァリス帝が即位すると、傭兵に対する運用方針も厳しくなり、ダグザ傭兵団も遂に「売り上げ不振」に陥る。<hex:02100103><hex:02100103>「オレには家族のために肉が必要なンだよ！」<hex:02100103><hex:02100103>ダグザの窮地を救ったのが、第IV軍団のガブラスであった。多民族で構成される第IV軍団の中には、協調性に欠く荒くれ者どもも多かった。そうした無頼漢らを「手懐ける」ことができたら、地位も名譽も金もダグザにくれてやろうと約束したのである。<hex:02100103>二つ返事で引き受けたダグザは正規兵として重用されることになった。だが、彼が第一にしているのは家族が腹ぺこにならない肉である。言い換えれば、翌日の朝を迎えられるだけの食事があれば十分なのだ。したがって、ダグザとその一派はガブラスと第IV軍団に対する忠誠心は一切ない。まったくない！　大事なことなので二度書いた。とはいえ、もらった金銭の分だけはきっちり働くダグザたちであった……。<hex:02100103><hex:02100103>"
42,42,2,0,69620,0,72644,72544,2,"ジルブリスベル・クォ・ブテオ","Gilbrisbert quo Buteo","29歳。エレゼン族。ダルマスカ管區ザーギドス出身。<hex:02100103>ガレマール帝國第IV軍団「魔導僧兵大隊」所屬の上級百人隊長。<hex:02100103><hex:02100103>舊ダルマスカ王國では邪教と呼ばれた宗教集団が存在した。彼らは國教であるヨクス教と対立する一派であり、具體的にはヨクス教の創始者である聖アジョラを糾弾し、最終的にその命を奪った裏切り者・ゲルモニークこそが救世主であると強く信じていたという。そのため王國は彼らを異端者として弾圧。極刑を免れた信奉者たちはダルマスカ國外への追放処分となった。<hex:02100103>舊ダルマスカ王國はヨクス教を國教としたものの、他宗教に対して寛容な國家であった。そもそも様々な種族や民族が暮らす「人種の坩堝」であった舊ダルマスカ王國は、その「寛容さ」なくして國家の安定を実現するなど不可能だったからだ。では、何故、ゲルモニーク派が弾圧の対象になったのか。<hex:02100103>聖アジョラは敵対する勢力を倒すために神の使いである聖天使アルテマを召喚したと伝えられているが、ゲルモニークはそのアルテマこそが神であると言った。そして、アルテマが生み出す「聖石」と呼ばれる奇跡の遺物が世の中の悩みをすべて解決すると説いたのだ。だが、「聖石」は実に危険な代物で、悩みを解決するどころか災いを引き起こすとして人々に忌み嫌われたようだ。迫害を受けたゲルモニーク派の信者たちは、王國に対して宣戦を布告。無差別な破壊工作を実施してしまう。<hex:02100103>ゲルモニーク派を過激派組織と斷定した王國は武力による徹底した弾圧を実行。これにより宗派幹部は極刑となり、改宗しない一般信者は國外追放処分となった。<hex:02100103>だが、國外でゲルモニーク派信者は秘かに、かつしぶとく生き延びた……。<hex:02100103><hex:02100103>ジルブリスベルはダルマスカ管區で生まれ、帝國式教育を受けた屬州民である。成績優秀な才人であったが、人を見下す癖があり、それ故、友人を持たぬ協調性のない若者として疎まれた。自身の能力を持て餘した彼は、禁忌とされた魔術や書籍に興味を抱くようになった。ゲルモニーク聖典と呼ばれるゲルモニーク派の経典を手に入れた彼は、國外で一派の生き殘りと接觸。その教えに傾倒した彼は「聖石」の「欠片」である「聖石片」を武器に第IV軍団へ入隊する。ゲルモニーク派の保護と引き換えに、一派が受け継いだ魔術と聖石片を用いた部隊を編成した。<hex:02100103><hex:02100103>ゲルモニーク派は命を捧げることでアルテマのもと、つまり天國へ行けるという過激な思想を信じている。そのため、戦いでは最後に自らの肉體と命を捧げることでルカヴィと呼ばれる異形の者たちを憑依・召喚するという荒技を用いる。それに必要な媒體が「聖石片」というわけだ。<hex:02100103>ただし、他の僧兵は使命のため命を差し出して戦うが、ジルブリスベルは他者を素材にして変異させると同時に精神支配の魔法で操って戦わせるという、なかなかの外道な策を得意とする。他者を生贄にして戦力を作り出すことから彼は「人形使い」と忌み嫌われているが、彼自身はそれを名譽と捉えているようだ……。<hex:02100103><hex:02100103>"
43,43,2,4,69620,69624,72645,72545,5,"ダボグ・アン・イニヴァシュ","Dabog aan Inivisch","推定34歳。ロスガル族。ボズヤ管區シタデル・ボズヤ出身。<hex:02100103>ガレマール帝國第IV軍団「機械化歩兵大隊」所屬の特殊兵ダボグなる人物のデータを用いた強化兵。<hex:02100103><hex:02100103><hex:02088AE4E80201FF82><hex:0248020203><hex:0249021103>※これ以降の情報は、特定のクエストをコンプリートした後に開示されます。<hex:0248020103><hex:0249020103><hex:02100103><hex:FF01><hex:03><hex:0208F210EFE4E80202FFF210E5>……こんにちは。第IV軍団所屬の技術士官ヴェリュータスで～す！<hex:02100103>うん？　ちゃんと記録されているかな？　……ま、いいや、とりあえず、このまま進めま～す！<hex:02100103><hex:02100103>え～、これはですね、ぶっちゃけると第VII軍団のウァレンス軍団長と、閣下が率いる魔導技術士官たちが開発した技術を応用したものです！　ただし、今回は、私こと、「天才」シシニアス・マル・ヴェリュータスがいたからこその「成果」であるッ！……という點にご注目ください～。<hex:02100103><hex:02100103>細かいことを省きますけど、とにかくこの「革新的な技術」を用いて本物の「被検體VIII號ダボグ」ちゃんのですね～、彼の「記憶」を「抽出」するんです～。でもって、他の捕虜のボズヤ・レジスタンスのロスガル兵ちゃんにこの記憶を「注入」するわけなんですね～。すると、まぁ、なんということでしょう、「ダボグちゃんに限りなく近い強化兵」を「量産」できちゃうってわけ！　ん～、なんて素ン晴らしい！<hex:02100103><hex:02100103>一応、こだわった點としてはですね～、ダボグちゃんに似たロスガル兵ちゃんを「何匹」か用意してですね～、できるだけオリジナルのダボグちゃんに「見た目」が近くなるよう、魔改造しちゃうんです～。ほら、ロスガルに限ったわけじゃないけど、私のような「生粋のガレアン族」からすると、もうそれ以外なんて、正直、見分けが付かない！（笑）　いやいや、差別するわけじゃないですよ～、ただ、わかんないものはわかんないわけで。それでも、ダボグちゃんにクリソツなロスガルが、さらに見た目までクリソツにアップデートされるわけですよ！　そりゃ、レジスタンスの皆さん、ちょ～驚いちゃうでしょ？（笑）　私、そういう驚く顔が見たくて、ついつい細かいことにこだわっちゃうんですね～（爆笑）　<hex:02100103><hex:02100103>今でも思い出しますよ～、私がネタバレした瞬間のレジスタンスの皆さんの表情！　とっても傑作でしたね～（笑）　いやぁ、ほんとによかった、マジで、こういうことやってきてよかった（笑）<hex:02100103>やはり研究ってのは驚きのためにあるようなものですからね～。身內を驚かすのもいいんですけど、敵が驚愕するのを陰からチラ見する、もうこれ最高！　末代まで語られちゃう！　私、「天才」ですからね～。魔導技術だけじゃなくて、「演出」も天才なんですよ～（笑）　<hex:02100103><hex:02100103>あれ、どうしたんですか～、その苦蟲を噛み潰したような表情は～、嫌だなぁ、そういうの、私、苦手なんですよね～。<hex:02100103><hex:02100103>まぁ、いいじゃないですか。どうせ、あなたたちレジスタンスは私を処刑するんでしょう？　だったら、せめて私のこれまでの成果をすべて吐き出しますよ。是非、記録して後世に伝えてください。なんだったら、あなたたちの新生ダルマスカとやらの軍事力向上に役立てたっていいんですよ～（笑）　え？　冗談じゃない？　またまた～（笑）　あなたたちは、今、もう戦爭は不要だ、ご免だ……って思っているかもしれませんが、いずれ戦爭を知らない世代が生まれます。その時、彼らはどう考えるでしょうね～。敵対する勢力に対して優位に戦うため、兵士を訓練する、戦略をよりよいものにする、そして兵器そのものを向上させる……その時、はたと気付くんです！　ああ、あの「天才」がいたなって（笑）　そう、私のことですよ～（爆笑）　だからね、あなたは、今、私の話を真面目に聞かなきゃいけない、きちんと記録しなきゃいけないんですッ！<hex:02100103><hex:02100103>あ、あれ？　ちょ、ちょっと、どこへ行くんです？　まだこれからだっていうのに！　ちょっと待ちなさい……！<hex:02100103><hex:FF01><hex:03><hex:02100103>"
44,44,2,5,69620,69624,72646,72546,5,"ライアン・クォ・ヘルソス","Lyon quo Helsos","68歳。ヒューラン族。舊ランディス共和國アンベルク出身。<hex:02100103>元ガレマール帝國第IV軍団「魔獣大隊」所屬の上級百人隊長。<hex:02100103><hex:02100103><hex:02088AE4E80201FF82><hex:0248020203><hex:0249021103>※これ以降の情報は、特定のクエストをコンプリートした後に開示されます。<hex:0248020103><hex:0249020103><hex:02100103><hex:FF01><hex:03><hex:0208F20A7CE4E80202FFF20A72>屬州ダルマスカへ帰還したライアンはその敗戦の責を咎められ、上級百人隊長へ降格の上、罰として投獄されることになった。その半年後、思いがけない事件が発生した。事件とはライアンによる軍団長ガブラスの暗殺であった……。<hex:02100103><hex:02100103>以下、ダルマスカ暫定政府による調査結果からの抜粋である。<hex:02100103><hex:02100103>ライアンの投獄は約半年に及んだが、內部の協力者によって脫獄を果たす。ライアンはすぐさま逃亡することをせずに、深夜、人目を盜んでガブラスの寢所に侵入。この時、ガブラスはダルマスカ解放軍との戦闘で受けた傷がもとで病床にあったという。しばしの問答を行ったライアンは覚悟を決めたガブラスを殺害。寢所に火を放つとカストルム・バルナインから協力者と共に逃亡した。<hex:02100103><hex:02100103>第IV軍団の無條件降伏後、ことの顛末を知った解放軍はライアンを戦爭犯罪人として指名手配した。さらにその身柄に多額の懸賞金をかけたが、行方を摑むことはできなかった。<hex:02100103><hex:02100103>だが、無條件降伏から3ヶ月後、突如、ライアンはバルナインのルムタ・ザラームに姿を現した。<hex:02100103>古代ダルマスカ語で「闇の槍」を意味するルムタ・ザラームは、逃亡した戦犯たちを追う専門組織である。そこへライアンは、やはり逃亡し特別指名手配となっていた元魔導技師長シシニアス・マル・ヴェリュータスを連れて出頭。その身柄を當局に引き渡すとそのまま行方をくらました。當時、擔當者はライアンをただの賞金稼ぎと思ったようで、「獣王」と恐れられたその人だと認識できなかったらしい。また、拘束されたシシニアスは意識を失った狀態で連れてこられており、後の裁判でも自分を拘束したのがライアンであるという認識を持っていなかった。<hex:02100103>いったい何故、ライアンがかつての仲間を売るような行為をしているのか謎であるが、當局はさらにライアンの首に懸けられた賞金額を上げ、現在もその行方を追っている。<hex:02100103><hex:02100103>なお、ルムタ・ザラームを訪れた際、ライアンには一人の若いララフェルの女性が従っていたという。當局は人相からその女性がライアンの脫獄を手助けした協力者のひとり、パガガ・クォ・バックスタインと斷定。彼女の行方も追っている……。<hex:02100103><hex:FF01><hex:03><hex:02100103>"
45,45,2,6,69620,69624,72647,72547,5,"梅內紐斯・薩斯・拉那圖斯","Menenius sas Lanatus","55歳。エレゼン族。ガレマール帝國ガレマルド出身。<hex:02100103>ガレマール帝國第IV軍団分遣隊長。<hex:02100103><hex:02100103><hex:02088AE4E80201FF82><hex:0248020203><hex:0249021103>※これ以降の情報は、特定のクエストをコンプリートした後に開示されます。<hex:0248020103><hex:0249020103><hex:02100103><hex:FF01><hex:03><hex:0208F21199E4E80202FFF2118F>帝國が崩壊した今、本國からの兵站は途切れ、ダルマスカとボズヤですべてを賄わねばならない。第IV軍団はいずれ物資や食料不足により戦闘がままならない狀態になるのは明白であった。そのためガブラスはダルマスカでの獨立を目指しボズヤを切り捨てることにした。だが、すぐに駐留している戦力を引き揚げるわけにはいかない。東方連合がドマとボズヤの二方向からダルマスカを攻めることが容易に予測でき、ダルマスカでの準備が整うまでの間、ボズヤとナグサで戦線を維持させる必要があったのだ。<hex:02100103>前線を挾んで膠著狀態を作りだし時間稼ぎをする。そのためには手段を選ぶ必要はない。メネニウスが分遣隊長としてこのボズヤで果たさなければならなかった任務がそれである。<hex:02100103><hex:02100103>メネニウスは複數の計畫を立案した、そのひとつが「闘神セイブ・ザ・クイーン」を用いたテンパード化による膠著狀態であった。屬州民のミーシィヤなる忠実な下僕を使い、レジスタンスに甚大な被害を與える。<hex:02100103>同時に水面下では古代アラグ帝國の忌まわしき兵器・アーマメントシリーズの探索と回収を行う。ボズヤのザトゥノル高原で発見された「ディアブロ・アーマメント」を新たな戦爭の抑止力としてダルマスカへ持ち帰る。<hex:02100103>さらには「聖剣セイブ・ザ・クイーン」のような「聖遺物」と呼ばれる魔導具を探し出し、第二、第三の闘神を抑止力に加える。<hex:02100103>こうした試みによりダルマスカの支配を延長させることができる。だが、それはけっして根本的な解決にはならない。いずれ第IV軍団は支配を維持することができなくなるであろうことをメネニウスは知っていたのだ……。<hex:02100103><hex:02100103>メネニウスは幼少の頃から「ノア」を知っていた。軍団長となった後も彼の命令はいつも明確だった。しかも、その目的や、達成後の影響まで彼と「共有」することができていた。だが、今回だけは「真意」を任務の中から見いだすことはできなかった。<hex:02100103>ライアンはその「真意」をはっきりとわかっていたようだった。もちろん、自分もおそらくこうであろうという推測をすることはできる……。<hex:02100103><hex:02100103>情報武官として各所に密偵を配したのはメネニウスだ。今でもその情報は共有されている。バルナインに居る「ノア」が気にしているのは、レジスタンスの各指導者が我々の支配を退け自由を得た後のことらしい。彼らの青寫真ともいうべき計畫を知りたがっていたようだった。<hex:02100103>その情報を得た時、自分の推測が當たっていたことをメネニウスは悟った。<hex:02100103>たしかに、このボズヤは、あのバイシャーエンなる輩が指導者の立場にいる限り、「ノア」の目指す目的は遂行されるであろう。だが、ダルマスカはどうだ？　ボズヤよりも人口も多く、各グループは未だに一枚岩とはいえない。だが、「ノア」のことだ。すでに手を打っているのであろう。おそらく自分の知らないところで、別の「駒」を使って、ダルマスカを巧みに操っているのだろう。<hex:02100103><hex:02100103>メネニウスは自問する。<hex:02100103><hex:02100103>ライアンは言った、『前途ある若者の命を粗末に扱う必要はあるのか』と。<hex:02100103>良いわけがないだろう。敗北するにせよ、死ぬのは上の務めだ。責を取るのは分遣隊長たる自分でなければならない。<hex:02100103>そうだ……それはわかっている、自分は軍人だ、組織というものはそうであるべきだ。<hex:02100103>だが、それでいいのか？<hex:02100103><hex:02100103>あの『ノア』を……バッシュ様より預かったあの『ノア』を、義父ルーシアスが命を賭して忠義を盡くしたあの親子を、あの子息を、自分はみすみす死なせるような『手助け』をしていいのか？<hex:02100103>だが、それでいいのか？<hex:02100103><hex:02100103>ライアンは言った、『ノア坊はとっくに覚悟を決めてるぞ』と。<hex:02100103>だが、それでいいのか？<hex:02100103><hex:FF01><hex:03><hex:02100103>"
46,46,2,0,69620,0,72648,72548,3,"ディアブロ・アーマメント","the Diablo Armament","アラグ文明の遺物。<hex:02100103>古代アラグ帝國は、対蠻神兵器として蠻神自體の力を取り込み再利用する「ウェポン」シリーズを開発、一方、ヴォイドから現れる妖異を最大限利用しようとして開発された兵器が「アーマメント」シリーズである。<hex:02100103><hex:02100103>アラグ帝國は妖異が優れた兵であると考えつつも、ふたつの難點を指摘していた。<hex:02100103><hex:02100103>第一に、物質界で顕現するためにはその器となる「依代」が必要であるという點。依代に妖異を憑依させることで物質界での活動が可能になるわけだが、この依代の「質」によって物質界でのパワーも左右されてしまうことになる。例えば、依代となる死體が小動物の場合、それに匹敵する小動物のような妖異しか顕現させられないが、ベヒーモスのような手強い魔獣を依代にした場合、それに匹敵する強力なパワーを秘めた妖異を顕現させることができるというわけだ。<hex:02100103>第二に、本質的に妖異はエーテルを食うことを優先するため、いつ裏切るかわからないという點。これに対しては召喚時に、魔法で精神を縛ることで反亂を防止しているが、上位の妖異ほどパワーがあるためその精神支配を破られるリスクがあった。つまり、強力な妖異でなければわざわざ顕現させる意味がないが、強力な妖異ほど扱いが難しいというわけだ。<hex:02100103><hex:02100103>そこでアラグ帝國の科學者は考えた。<hex:02100103>前者を「キメラ技術」によって新たに最高の依代を生産することで、後者を「ドラゴン族の制御技術＝拘束具」を応用することによってカバーしようというのだ。さらに魔科學の機械技術を取り入れることで強化したのが、これら「アーマメント」シリーズということになる。<hex:02100103><hex:02100103>ザトゥノル高原に眠っていたディアブロ・アーマメントは、復活した始皇帝ザンデが魔王級の大妖異「暗闇の雲」と契約を結び、借り受けた妖異軍団の一體を憑依させた兵器である。エオルゼアの妖異學者が考えた「妖異十二階位」という等級では、「第二位」に位置づけられるディアブロ種の大妖異と考えられ、妖異軍団のいち部隊を率いていた將だったと推測される。<hex:02100103>なお、このディアブロ・アーマメントは小國ボズヤ攻略のために実験的に配備されたが、第四霊災の発生に伴い、地中に沒したものと考えられる。<hex:02100103>なお、これら「アーマメント」シリーズは対蠻神兵器として開発されていたアルテマ・ウェポンと雙璧を成すものという計畫で開発と実験が続いていたが、実戦に投入された機體が何體あったのかは不明。今後の調査によって明かされるであろう。<hex:02100103><hex:02100103>"
47,47,2,0,69620,0,72649,72549,3,"シド・ガーロンド","Cid Garlond","34歳。ガレアン族。ガレマール帝國ガレマルド出身。<hex:02100103>ガーロンド・アイアンワークス社會長。<hex:02100103><hex:02100103>ガレマール帝國の筆頭機工師ミド・ナン・ガーロンドの嫡男。偉大な父の背を追うように魔導技術を學び、さらには魔導院へ進學。父の死後、次の筆頭機工師に指名されるが、魔導技術を侵略に用いる帝國の方針に反発し、エオルゼアへ亡命した。<hex:02100103>亡命後、同様の思想を持つ技術者らと「ガーロンド・アイアンワークス社」を設立。「暁の血盟」や「エオルゼア同盟」、さらには「アラミゴ」「ドマ」「東方連合」などを魔導技術の観點からバックアップしている。<hex:02100103><hex:02100103>シドは父ミドを尊敬しその背中を追って育ってきた。だが、いつしか研究に沒頭し、家庭に関わろうとしない父との間に、距離ができてしまった。この時、ミドが総責任者として攜わっていたのが「メテオ計劃」である。結果、その研究は「シタデル・ボズヤ蒸発事変」を引き起こし、失敗に終わる。ミド自身も事変に巻き込まれて重症を負い、その後、失意の內に生涯を閉じた。<hex:02100103><hex:02100103>數萬人もの人間の命を奪った「シタデル・ボズヤ蒸発事変」。シドはその報を聞き、自分を責めた。直接の原因が父の研究にあったとしても、自分はそれを止められたはず。最後に會ったのは事変の前夜。自分の言うことに耳を貸さない父との間にある海よりも深い溝を再確認しただけで、それ以上のことはしなかった。むしろ逃げ出すように帝都へ帰還したシドであったが、そのことをシドは悔いていた。きちんと父親を向かい合わなかったのは自分でないのか、結局、父が自分を見放したのではなく、自分が父を見放したのだ。その結果、あの悲慘な事変が起きてしまった。<hex:02100103>事変から15年。その間、一度たりとも忘れることはなかった。忘れようとしても忘れられない深い後悔の念……胸の奧にいつまでも殘る茨の棘、それがシドにとっての「シタデル・ボズヤ蒸発事変」であった……。<hex:02100103><hex:02100103>だが、真相は異なっていた。今回のボズヤ・レジスタンスへの協力によって……記憶探索の術により、それが判明した。<hex:02100103>衛星ダラガブに潛む龍神バハムートは、ミドが設計・建設した交信雷波塔を逆に利用し、ミドたちをバハムートのテンパードにしていたのだ。テンパードになったミドはバハムートの望むように「メテオ計劃」を加速度的に進めていった。それがバハムートの計略で、シタデル・ボズヤごと灰燼と帰すことになるというのに、だ。<hex:02100103>あの最後に父と會った晩、たしかにミドはテンパードだった。テンパード特有の青い輝きを放つ眼をしていたのだ。當時はテンパードという現象すら知らなかった自分は、その眼差しに潛む危険性に気づけなかった。それどころか、ミドは邪魔をするシドめがけて銃を撃った。息子の命すら奪おうとしたのだ。<hex:02100103><hex:02100103>自分に責があると後悔することで、その辛い事実から長年逃れてきたシド。だが、今はもう違う。真相を知った今、ミドはおそらく自分が知っている父だったのだと考えるようになった。父は蒸発事変が原因で亡くなったのではなく、テンパードになった瞬間、すでに運命は決まっていたのだ。<hex:02100103><hex:02100103>ボズヤ解放の手伝いを終えたシドは、大切に所持していたペンダントの蓋を開けた。15年前のあれ以來、一度も開けることのなかった、開けることのできなかったペンダントだ。そこには若かりし頃の自分と、やさしく微笑む父ミドがいた……。<hex:02100103><hex:02100103>"
48,48,2,0,69620,0,72650,72550,3,"フラン・エルト","Fran Eruyt","年齢不詳。ヴィエラ族。出身地不詳。<hex:02100103>ダルマスカ・レジスタンス「レンテの涙」の幹部。<hex:02100103><hex:02100103>フランは自らの人生について多くを語ろうとしない。だが、組織の統率力、戦略家としての指導力、さらには戦士としての腕前から、それなりの年齢を重ねているように思える。<hex:02100103><hex:02100103>それもそのはず、フランは舊ダルマスカ王國の禁衛府の騎士であった。禁衛府とは王族の警護と王都ラバナスタに限定された警察機構を擔った特別行政府のこと。フランが所屬していたのは禁衛府內のさらに特別な組織・重犯罪取締局であった。<hex:02100103>重犯罪取締局、通稱「サラーブ」と呼ばれ、禁衛府內の他部門とは完全に切り離された組織であった。禁衛府は原則、近衛騎士団と共に王家と王都を守るために存在するが、サラーブはあくまでも國家公共の安全と秩序を守るために存在する組織である。つまり、國家に仇なす存在であれば、それがたとえ王侯貴族であったとしても処分の対象と判斷する……それがサラーブであった。<hex:02100103>そのため、サラーブは完全に他部門を遮斷しており、誰が所屬しているのか、サラーブ內の人間でないとわからないほどであったという。（帝國との戦爭末期、バッガモナンやブワジが近衛騎士団の一角を成す銃士隊の一員だったが、フランと面識がまったくなかったのはそうした理由によるものだ）<hex:02100103>フランはそのサラーブ內でいち部隊を指揮する指揮官であった。時には陰から要人警護を、時には反逆を企むカルト教団と、時には他國の諜報活動を破壊するなどの様々な作戦を指揮していたのだ。<hex:02100103><hex:02100103>そんなフランの最後の仕事が「アーシェ王女の暗殺」である。正確には暗殺されたと見せかけてその身柄を秘かに隠し、王家の血筋を守るという特殊作戦であった。作戦は成功し、目撃者であったバッガモナンたち銃士隊は王女が亡くなったことを広く流布した。また、近衛騎士団のフリをして王女の亡骸を受け取ったのもフランとそのチームである。また、この作戦を許可したのはアーシェの雙子の兄・ラスラ王子であった。敗北ともなれば王家は皆殺しになるのが必至。かといって、このままアーシェを生かしておく限り、ダルマスカの民は死ぬまで帝國に抗い続けるであろう。そう考えたラスラは実父である國王すら欺き、國家のためにアーシェを隠匿することにしたのだった。かくしてアーシェ王女はフランの故郷に伝わる特殊な秘術により、祖國復興の時まで永い眠りについた……。<hex:02100103><hex:02100103>目覚めたアーシェは過去の記憶の大半を失っていたが、自分が何者なのかだけはきちんと覚えていた。だが、秘術の影響なのか、かつての戦爭による心理的外傷によるものなのか、時折、過去の陰慘な出來事がフラッシュバックするため発作を起こす。フランはアーシェを補佐しつつ「レンテの涙」を指導していたのであった。<hex:02100103><hex:02100103>「聖石」をめぐる冒険の中で、王國に仕えた銃士隊と再會することになった時、フランの心中はとても複雑だった。特に銃士隊隊長を務めていたバッガモナンは結果としてラスラとサラーブの計畫に利用された形となっただけではなく、「聖石」によって異形の存在となり命を失ってしまった。<hex:02100103>それについて、フランは命令とはいえ自らの手でバッガモナンらを騙してしまったことに心を痛めている。特に、あれから30年あまりの年月が経過し、そのことを話していればバッガモナンの命が今もあったかもしれないと考えると深いため息が出てしまう。<hex:02100103>生き殘ったブワジらは今ではフランにとってかけがいのない仲間である。また、彼らはアーシェを本人とは思っておらず、王家の子孫であると信じている。血筋が絶えなかったことを素直に喜んでいる彼らにいつか真実を告げる時が必ず來る。その時、業を背負った自分が裁かれるのだと覚悟を決めていた。<hex:02100103><hex:02100103>だが、今はその時ではない。ボズヤ解放を糧として、祖國ダルマスカを取り戻すことが先決である。その日のために冷徹な氷の仮面を被り続け、味方をも欺くのだ……。<hex:02100103><hex:02100103>"
49,49,2,0,69620,0,72651,72551,3,"ヒエン・リジン","Hien Rijin","24歳。東方系ヒューラン族。ドマ國ドマ出身。<hex:02100103>現ドマ國主。先代國主であるカイエンの長子。<hex:02100103><hex:02100103>25年前、母ミナが彼を身ごもったのは帝國の侵攻してくる直前。ドマ陥落後に生まれ、帝國支配下で成長することになる。屬州民として帝國式教育を受けることを條件に、ドマ古來の教養や武芸を學ぶことを許された。その際、教育役を務めたのが父の重臣でもあったゴウセツである。<hex:02100103>彼の指導により、侍の剣技とドマ人としての自己認識を確立した。<hex:02100103><hex:02100103>父カイエンとともに起こした武裝蜂起は、屬州総督府が置かれていたドマ城を一時的に製圧するなど成功するかに見えたが、最終的には増援として派遣されてきた第XII軍団に敗北。カイエンもゼノスに討たれ、彼はほうほうの體でアジムステップに逃亡した……。<hex:02100103><hex:02100103>西方から渡ってきたエオルゼアの英雄、ゴウセツやユウギリといった重臣たち、なによりドマの民の支えもあって、代理総督ヨツユ以下、ドマ駐留帝國軍を打ち破り、ついにドマの獨立を勝ち取ることに成功した。<hex:02100103>その後、ドマ一國で帝國に抗うことの難しさを痛感していた彼は、エオルゼア同盟軍との共闘を確立すると同時に、アジムステップの遊牧民や紅玉海の海賊衆に加え、ナグサやダルマスカといった周辺地域の勢力とも協力関係を結ぶことを目指す。これが後に東方連合となり、オサード小大陸を中心とする東方地域全域の反帝國抵抗活動を支えることになる。<hex:02100103><hex:02100103>ボズヤ・レジスタンスは大規模な反攻作戦を前に、ヒエンを訪ね、東方連合のバックアップの約束、さらには內輪もめをしていたレジスタンス內の爭いをやめさせる提案をもらう。それが「グンヒルドの剣」の復刻であった。<hex:02100103><hex:02100103>一方、ヒエンはこの東方での反帝國闘爭に対して、英雄が協力の意志を示してくれたことについては、感謝の気持ちを抱くと同時に心を痛めてもいた。たとえ帝國が侵略者であったとしても、戦うのは人間と人間。我々は自分にこそ正義があると確信しているが、正義の反対はやはり正義である。敵も自分が信じる正義のもと、熾烈な戦いを挑んでくるであろう。そして、それは決して心安らかな結果だけでは終わらないであろうと理解していたためである。<hex:02100103>実際、報告によると、「新生グンヒルドの剣」たちはテンパードとなり、その命を散らしたという。不條理極まる戦場に、英雄の存在は必要なのか。ヒエンは自分にそれを問うた。<hex:02100103>英雄は誰もが望む白き者、光り輝く神と同一に扱われるべき存在。だが、今、自分が課したのは、ただ戦場を駈け抜く征服者への道。「血塗れの英雄」になることを望んだのだ。それは正しいことだったのか。<hex:02100103><hex:02100103>だが、ヒエンにはわかっていた。誰かが手を汚さねばならないことを。民が未來永劫苦しむのであれば、それを誰かが止めなければならない。たとえ「血塗れの鬼神」と畏れられたとしても……だ。子どもたちが大人になった時、彼らが望まぬにも関わらず手を汚す……そんな目に遭わせるぐらいなら、今、自分がこの手を汚そう。<hex:02100103>人を殺めることなどしなくてすむならするべきではない。だが、今は違う、その時ではない。<hex:02100103>それを英雄は理解してくれるであろうか、納得してくれるだろうか……。<hex:02100103><hex:02100103>「英雄殿よ、そなたが背負ったその深き業を……わしにも背負わせてくれ。<hex:02100103>　そなたにそれを願ったわしが一番の「悪」であろうからな。<hex:02100103>　平和な世を作るまで、ともに歩幅を合わせようではないか。」<hex:02100103><hex:02100103>"
50,50,2,0,69620,0,72652,72552,3,"諾亞・範・伽布拉斯","Noah van Gabranth","48歳。ヒューラン族。ランディス管區アンベルク出身。<hex:02100103>ガレマール帝國第IV軍団の軍団長。<hex:02100103><hex:02100103>前軍団長にして実父であるバッシュの病死に伴いわずか20歳で軍団長に就任したノアは、ダルマスカ管區及びボズヤ管區を支配するだけでなく、反亂や暴動などを鎮圧するために各地を転戦していた。<hex:02100103>また、第IV軍団は帝國內でも異色の軍団として知られている。その最大の特徴は兵士の大半が非ガレアン族で構成されている點であろう。ガブラス本人もそうだが、屬州となった各管區から選抜された志願兵をガレアン族と差をつけずに要職に重用。帝國に忠誠を誓うのであれば、その種族や性別、出自を一切不問とし、能力だけを評価するという徹底した成果主義であった。<hex:02100103>この方針は屬州運営にも適用され、帝國とはやや異なる屬州法を制定し、その管區にあったやり方で統治を行っていた。そうした運営方針を初代ソル帝は評価していたが、その獨自性をヴァリス帝は「ガブラスに野心あり」と疎んでいたようだ。<hex:02100103><hex:02100103>第IV軍団內ではカリスマと呼ばれ兵から慕われたガブラスであったが、ボズヤ敗戦後、東方連合と連攜したダルマスカ・レジスタンスの反攻作戦におおいに手を焼いた。度重なる解放軍との戦闘で第IV軍団は疲弊し、本國からの兵站が途切れたこともあって、次第に士気も低下し重要拠點を奪われるようになる。<hex:02100103>そんな最中に事件が起きる。ボズヤ敗戦の責を問われた獣王ライアンによる謀反であった。內部協力者によって脫獄を果たしたライアンは、深夜、人目を盜んでガブラスの寢所に侵入。この時、ガブラスはダルマスカ・レジスタンスとの戦闘で受けた傷がもとで病床にあった。しばしの問答を行ったガブラスは覚悟を決めると一切の抵抗せずにライアンの凶刃に倒れたという。その後、ライアンは寢所に火を放つとカストルム・バルナインから逃亡。後のレジスタンスはガブラスと思われる甲冑及び死體を発見。ただし、損傷が酷く、また兜の下の素顔を知る者が少なかったことから、死體の検分に時間がかかった。だが、最終的にそれがガブラス本人の死體であると斷定。ガブラスは死亡したことが正式に発表された……。<hex:02100103><hex:02100103>軍団長ガブラスを失った第IV軍団は瓦解した。2/3の兵が無條件降伏を呑み解放軍に投降、殘りの1/3が更なる戦闘を繰り広げたが多勢に無勢で瞬く間に壊滅した。この戦いを最後にダルマスカは帝國からの支配にピリオドを打ち、三十數年ぶりに自由となったのであった。<hex:02100103><hex:02100103>だが、ガブラスはまだ生きているという噂が流れるようになった。死體の検分が確かではないということ、未だ獣王ライアンなど要職にいた戦犯たちが逃亡していること、さらには暫定政府が第IV軍団の兵卒の大半をさしたる罪を問わずに帝國への帰還を認めたこと、及び、自由市民の身分を與えたことなどが原因のようだ。<hex:02100103>以來、ダルマスカ市民は「ガブラスの亡霊」に怯えることになるが、それはまたあらためて報告したい……。<hex:02100103><hex:02100103>"
51,0,0,0,0,0,0,0,0,"","",""
52,0,0,0,0,0,0,0,0,"","",""
53,0,0,0,0,0,0,0,0,"","",""
54,0,0,0,0,0,0,0,0,"","",""
55,0,0,0,0,0,0,0,0,"","",""
