key,0,1,2,3,4,5,6,7,8,9,10,11,12,13,14,15,16,17,18,19,20,21,22,23,24,25,26,27,28,29,30,31,32,33,34,35,36,37,38,39,40,41,42,43,44,45,46,47,48,49,50,51,52,53,54,55,56,57,58,59,60,61,62,63,64,65,66,67,68,69,70,71,72,73,74,75,76,77,78,79,80,81,82,83,84,85,86,87,88,89,90,91,92,93,94,95,96,97,98,99,100,101,102,103,104,105,106
#,LGB{TargetMarker},,,,,,,,,,,VFX{Fire},VFX{Hit},VFX{Miss},VFX{Additional},,,LGB{EventNPC}[0][0],LGB{EventNPC}[0][1],LGB{EventNPC}[0][2],LGB{EventNPC}[0][3],LGB{EventNPC}[0][4],LGB{EventNPC}[0][5],LGB{EventNPC}[0][6],LGB{EventNPC}[0][7],,,,,,,,,,,,,,,,,,,,,,,,,,,,,,,,,,,,,,,,,,,,,,,,,LGB{EventNPC}[1][0],LGB{EventNPC}[1][1],LGB{EventNPC}[1][2],LGB{EventNPC}[1][3],LGB{EventNPC}[1][4],LGB{EventNPC}[1][5],LGB{EventNPC}[1][6],LGB{EventNPC}[1][7],,,,,,,,,,,,,Objective[0],Hint[0],Objective[1],Hint[1],,,,,,,,ActionText,,
offset,260,264,277,270,271,272,273,274,266,275,276,244,248,252,256,268,277,0,16,32,48,64,80,96,112,4,20,36,52,68,84,100,116,6,22,38,54,70,86,102,118,12,28,44,60,76,92,108,124,8,24,40,56,72,88,104,120,10,26,42,58,74,90,106,122,13,29,45,61,77,93,109,125,128,132,136,140,144,148,152,156,164,172,180,188,166,174,182,190,160,168,176,184,192,196,200,204,208,212,216,220,224,228,232,236,240,241
int32,uint32,uint16,bit&01,byte,byte,byte,byte,byte,uint16,byte,byte,str,str,str,str,uint16,bit&02,uint32,uint32,uint32,uint32,uint32,uint32,uint32,uint32,uint16,uint16,uint16,uint16,uint16,uint16,uint16,uint16,uint16,uint16,uint16,uint16,uint16,uint16,uint16,uint16,byte,byte,byte,byte,byte,byte,byte,byte,uint16,uint16,uint16,uint16,uint16,uint16,uint16,uint16,uint16,uint16,uint16,uint16,uint16,uint16,uint16,uint16,byte,byte,byte,byte,byte,byte,byte,byte,uint32,uint32,uint32,uint32,uint32,uint32,uint32,uint32,uint16,uint16,uint16,uint16,byte,byte,byte,byte,uint32,uint32,uint32,uint32,str,str,str,str,str,str,str,str,str,str,str,str,byte,byte
1,0,0,False,0,0,0,0,0,0,0,0,"","","","",0,False,0,0,0,0,0,0,0,0,0,0,0,0,0,0,0,0,0,0,0,0,0,0,0,0,0,0,0,0,0,0,0,0,0,0,0,0,0,0,0,0,0,0,0,0,0,0,0,0,0,0,0,0,0,0,0,0,0,0,0,0,0,0,0,0,0,0,0,0,0,0,0,0,0,0,0,0,"","","","","","","","","","","","",0,0
2,0,0,False,0,0,0,0,0,0,0,0,"","","","",0,False,0,0,0,0,0,0,0,0,0,0,0,0,0,0,0,0,0,0,0,0,0,0,0,0,0,0,0,0,0,0,0,0,0,0,0,0,0,0,0,0,0,0,0,0,0,0,0,0,0,0,0,0,0,0,0,0,0,0,0,0,0,0,0,0,0,0,0,0,0,0,0,0,0,0,0,0,"","","","","","","","","","","","",0,0
3,0,0,False,0,0,0,0,0,0,0,0,"","","","",0,False,0,0,0,0,0,0,0,0,0,0,0,0,0,0,0,0,0,0,0,0,0,0,0,0,0,0,0,0,0,0,0,0,0,0,0,0,0,0,0,0,0,0,0,0,0,0,0,0,0,0,0,0,0,0,0,0,0,0,0,0,0,0,0,0,0,0,0,0,0,0,0,0,0,0,0,0,"","","","","","","","","","","","",0,0
4,6913467,0,False,0,8,5,20,20,8300,0,20,"ev_snipe_clic0f","","","",0,False,6913443,0,0,0,0,0,0,0,19,0,0,0,0,0,0,0,0,0,0,0,0,0,0,0,0,0,0,0,0,0,0,0,1200,0,0,0,0,0,0,0,2200,20000,20000,20000,20000,20000,20000,20000,1,0,0,0,0,0,0,0,6913444,6913445,0,0,0,0,0,0,0,0,0,0,0,0,0,0,0,0,0,0,"觀察長頸駝！","要想製作優質的標本，<hex:02100103>必須要仔細觀察活著的長頸駝。<hex:02100103>從上到下仔細觀察長頸駝！","","仔細觀察巨大的長頸駝全身","","","","","","","","觀察",15,15
5,6958636,0,False,0,20,14,35,35,900,2,20,"ev_snipe0cf","ev_snipe_hit0f","ev_snipe_mis0f","",0,False,6958463,6958464,6958465,6958466,0,0,0,0,20,20,20,20,0,0,0,0,0,0,0,0,0,0,0,0,0,0,0,0,0,0,0,0,0,0,0,0,0,0,0,0,20000,20000,20000,20000,20000,20000,20000,20000,1,1,1,1,0,0,0,0,0,0,0,0,0,0,0,0,0,0,0,0,0,0,0,0,0,0,0,0,"用吹箭射中所有的箭靶！","為了彰顯吹箭的可用性，<hex:02100103>用吹箭射中所有的箭靶！","","用吹箭射擊指定的箭靶","","","","","","","","放箭",35,26
6,6969729,0,False,0,30,17,20,20,13200,0,20,"ev_snipe_clic0f","","","",0,False,6969739,0,0,0,0,0,0,0,21,0,0,0,0,0,0,0,0,0,0,0,0,0,0,0,0,0,0,0,0,0,0,0,0,0,0,0,0,0,0,0,1500,20000,20000,20000,20000,20000,20000,20000,1,0,0,0,0,0,0,0,0,0,0,0,0,0,0,0,0,0,0,0,0,0,0,0,0,0,0,0,"查看倒在沙灘上的人！","好像有人倒在了海邊，<hex:02100103>尋找那個人並確認其情況！","","查看倒下的人","","","","","","","","查看",15,15
7,6971567,0,False,0,25,3,95,95,2600,2,20,"ev_snipe0cf","ev_snipe_hit0f","ev_snipe_mis0f","",0,False,6971552,0,0,0,0,0,0,0,22,0,0,0,0,0,0,0,0,0,0,0,0,0,0,0,0,0,0,0,0,0,0,0,0,0,0,0,0,0,0,0,20000,20000,20000,20000,20000,20000,20000,20000,1,0,0,0,0,0,0,0,0,0,0,0,0,0,0,0,0,0,0,0,0,0,0,0,0,0,0,0,"麻痹弗帕！","用塗有麻痹藥的吹箭麻痹弗帕！<hex:02100103>尋找弗帕，用吹箭射擊！","","用吹箭射擊弗帕","","","","","","","","放箭",35,26
8,6977220,0,False,0,5,9,14,16,7600,2,20,"ev_snipe0cf","ev_snipe_hit0f","ev_snipe_mis0f","",0,False,6977195,0,0,0,0,0,0,0,24,0,0,0,0,0,0,0,0,0,0,0,0,0,0,0,0,0,0,0,0,0,0,0,0,0,0,0,0,0,0,0,5600,20000,20000,20000,20000,20000,20000,20000,1,0,0,0,0,0,0,0,0,0,0,0,0,0,0,0,0,0,0,0,0,0,0,0,0,0,0,0,"讓警戒中的帝國兵睡去！","用塗有催眠藥的吹箭<hex:02100103>讓警戒中的帝國兵睡去！<hex:02100103>尋找帝國兵，用吹箭射擊！","","用吹箭射擊帝國兵","","","","","","","","放箭",35,26
9,6977227,0,False,0,15,2,11,24,7600,2,20,"ev_snipe0cf","ev_snipe_hit0f","ev_snipe_mis0f","",0,False,6977196,7010933,7010934,7010935,7010936,0,0,0,23,23,24,23,24,0,0,0,0,0,0,0,0,0,0,0,0,0,0,0,0,0,0,0,0,0,0,0,0,0,0,0,5000,5000,6600,5000,6000,20000,20000,20000,1,1,1,1,1,0,0,0,0,0,0,0,0,0,0,0,0,0,0,0,0,0,0,0,0,0,0,0,"讓警戒中的帝國兵睡去！","用塗有催眠藥的吹箭<hex:02100103>讓警戒中的帝國兵睡去！<hex:02100103>尋找帝國兵，用吹箭射擊！","","用吹箭射擊帝國兵","","","","","","","","放箭",35,26
10,6977228,0,False,0,3,4,8,5,6700,2,20,"ev_snipe0cf","ev_snipe_hit0f","ev_snipe_mis0f","",0,False,6977197,6977198,0,0,0,0,0,0,25,26,0,0,0,0,0,0,0,0,0,0,0,0,0,0,0,0,0,0,0,0,0,0,0,0,0,0,0,0,0,0,3100,2100,20000,20000,20000,20000,20000,20000,1,1,0,0,0,0,0,0,0,0,0,0,0,0,0,0,0,0,0,0,0,0,0,0,0,0,0,0,"讓警戒中的帝國兵睡去！","帝國河畔堡前有警戒中的帝國兵。<hex:02100103>用吹箭射擊，讓其睡去！","","用吹箭射擊帝國兵","","","","","","","","放箭",35,26
11,7021040,0,False,0,8,7,15,23,9500,0,20,"ev_snipe_clic0f","","","",0,False,6949952,0,0,0,0,0,0,0,27,0,0,0,0,0,0,0,0,0,0,0,0,0,0,0,0,0,0,0,0,0,0,0,0,0,0,0,0,0,0,0,3600,20000,20000,20000,20000,20000,20000,20000,1,0,0,0,0,0,0,0,0,0,0,0,0,0,0,0,0,0,0,0,0,0,0,0,0,0,0,0,"進行監視！","尋找疑似是叛徒的人，<hex:02100103>監視其一舉一動！","","進行監視","","","","","","","","監視",15,15
12,7021041,0,False,0,8,11,19,30,7700,0,20,"ev_snipe_clic0f","","","",0,False,6949953,0,0,0,0,0,0,0,27,0,0,0,0,0,0,0,0,0,0,0,0,0,0,0,0,0,0,0,0,0,0,0,0,0,0,0,0,0,0,0,2200,20000,20000,20000,20000,20000,20000,20000,1,0,0,0,0,0,0,0,0,0,0,0,0,0,0,0,0,0,0,0,0,0,0,0,0,0,0,0,"進行監視！","尋找疑似是叛徒的人，<hex:02100103>監視其一舉一動！","","進行監視","","","","","","","","監視",15,15
13,7021042,0,False,0,20,30,62,39,3020,0,20,"ev_snipe_clic0f","","","",0,False,6949954,0,0,0,0,0,0,0,27,0,0,0,0,0,0,0,0,0,0,0,0,0,0,0,0,0,0,0,0,0,0,0,0,0,0,0,0,0,0,0,2200,20000,20000,20000,20000,20000,20000,20000,1,0,0,0,0,0,0,0,6949955,0,0,0,0,0,0,0,0,0,0,0,0,0,0,0,0,0,0,0,"進行監視！","尋找疑似是叛徒的人，<hex:02100103>監視其一舉一動！","","進行監視","","","","","","","","監視",15,15
14,7021043,0,False,0,4,4,15,7,5800,1,20,"ev_snipe0cf","ev_snipe_hit0f","ev_snipe_mis0f","",0,False,6875122,0,0,0,0,0,0,0,28,0,0,0,0,0,0,0,0,0,0,0,0,0,0,0,0,0,0,0,0,0,0,0,0,0,0,0,0,0,0,0,2000,20000,20000,20000,20000,20000,20000,20000,1,0,0,0,0,0,0,0,0,0,0,0,0,0,0,0,0,0,0,0,0,0,0,0,0,0,0,0,"讓羊睡去！","小羊羔逃離了羊群迷失了方向。<hex:02100103>為了捕獲膽小的小羊羔，<hex:02100103>用吹箭射擊，讓其睡去！","","用吹箭射擊迷路的羊羔","","","","","","","","放箭",35,26
15,7022105,0,False,0,4,5,13,3,7700,0,20,"ev_snipe_clic0f","","","",0,False,7022106,7022108,7022109,7022110,7022111,7022112,7022113,0,29,29,29,29,30,30,30,0,0,0,0,0,0,0,0,0,0,0,0,0,0,0,0,0,0,0,0,0,0,0,0,0,2000,2000,2000,2000,20000,20000,20000,20000,1,1,1,1,0,0,0,0,0,0,0,0,0,0,0,0,0,0,0,0,0,0,0,0,0,0,0,0,"確認格格魯玖看到了什麼！","必須調查清楚格格魯玖看到了什麼。<hex:02100103>找到他看到的東西，進行確認！","失敗條件：確認到錯誤的目標","確認格格魯玖看到了什麼","","","","","","","","確認",15,15
16,7083179,0,False,0,15,15,15,15,9000,2,20,"ev_snipe1cf","ev_snipe_hit0f","ev_snipe_mis0f","",0,False,7083176,0,0,0,0,0,0,0,31,0,0,0,0,0,0,0,0,0,0,0,0,0,0,0,0,0,0,0,0,0,0,0,0,0,0,0,0,0,0,0,10000,20000,20000,20000,20000,20000,20000,20000,1,0,0,0,0,0,0,0,0,0,0,0,0,0,0,0,0,0,0,0,0,0,0,0,0,0,0,0,"用戀愛水泡射擊魅力四射的斑鰩！","年輕的斑鰩想要吸引魅力四射的斑鰩，<hex:02100103>用戀愛水泡射擊使其回頭！","","用戀愛水泡射擊魅力四射的斑鰩","","","","","","","","射出戀愛水泡",15,15
17,7089186,0,False,0,4,2,8,13,2800,0,20,"ev_snipe_clic0f","","","",0,False,7108347,0,0,0,0,0,0,0,32,0,0,0,0,0,0,0,0,0,0,0,0,0,0,0,0,0,0,0,0,0,0,0,0,0,0,0,0,0,0,0,1500,20000,20000,20000,20000,20000,20000,20000,1,0,0,0,0,0,0,0,7089197,0,0,0,0,0,0,0,0,0,0,0,0,0,0,0,0,0,0,0,"觀察蝦蛄並尋找弱點！","為了傳授與魔物戰鬥的方法，<hex:02100103>仔細觀察蝦蛄全身並尋找弱點！","","觀察蝦蛄的弱點","","","","","","","","觀察",20,14
18,7089199,0,False,0,5,1,7,9,2900,0,20,"ev_snipe_clic0f","","","",0,False,7109884,0,0,0,0,0,0,0,33,0,0,0,0,0,0,0,0,0,0,0,0,0,0,0,0,0,0,0,0,0,0,0,0,0,0,0,0,0,0,0,1500,20000,20000,20000,20000,20000,20000,20000,1,0,0,0,0,0,0,0,7089198,0,0,0,0,0,0,0,0,0,0,0,0,0,0,0,0,0,0,0,"觀察弗巴德並尋找弱點！","為了傳授與魔物戰鬥的方法，<hex:02100103>仔細觀察弗巴德全身並尋找弱點！","","觀察弗巴德的弱點","","","","","","","","觀察",20,14
19,7107673,0,False,0,6,8,4,30,7000,0,20,"ev_snipe_clic0f","","","",0,False,7107674,0,0,0,0,0,0,0,34,0,0,0,0,0,0,0,0,0,0,0,0,0,0,0,0,0,0,0,0,0,0,0,0,0,0,0,0,0,0,0,2500,20000,20000,20000,20000,20000,20000,20000,1,0,0,0,0,0,0,0,0,0,0,0,0,0,0,0,0,0,0,0,0,0,0,0,0,0,0,0,"尋找性情古怪的鯰魚精！","尋找性情古怪的鯰魚精進行觀察！","","尋找性情古怪的鯰魚精","","","","","","","","確認",35,26
20,7107679,0,False,0,6,8,10,3,8200,0,20,"ev_snipe_clic0f","","","",0,False,7107680,0,0,0,0,0,0,0,34,0,0,0,0,0,0,0,0,0,0,0,0,0,0,0,0,0,0,0,0,0,0,0,0,0,0,0,0,0,0,0,2500,20000,20000,20000,20000,20000,20000,20000,1,0,0,0,0,0,0,0,0,0,0,0,0,0,0,0,0,0,0,0,0,0,0,0,0,0,0,0,"尋找性情古怪的鯰魚精！","尋找性情古怪的鯰魚精進行觀察！","","尋找性情古怪的鯰魚精","","","","","","","","確認",35,26
21,0,0,False,0,0,0,0,0,0,0,0,"","","","",0,False,0,0,0,0,0,0,0,0,0,0,0,0,0,0,0,0,0,0,0,0,0,0,0,0,0,0,0,0,0,0,0,0,0,0,0,0,0,0,0,0,0,0,0,0,0,0,0,0,0,0,0,0,0,0,0,0,0,0,0,0,0,0,0,0,0,0,0,0,0,0,0,0,0,0,0,0,"","","","","","","","","","","","",0,0
22,7241979,0,False,0,17,7,24,22,300,2,20,"ev_snipe2cf","ev_snipe2_hit0f","ev_snipe2_hit0f","ev_snipe2_mis0f",0,True,7238920,7238921,7238923,7247105,0,0,0,0,35,35,35,0,0,0,0,0,0,0,0,0,0,0,0,0,0,0,0,0,0,0,0,0,0,0,0,0,0,0,0,0,20000,20000,20000,20000,20000,20000,20000,20000,1,1,1,0,0,0,0,0,0,0,0,0,0,0,0,0,0,0,0,0,0,0,0,0,0,0,0,0,"驅除凶暴化的陀羅！","凶暴化的陀羅正在襲擊野營地，<hex:02100103>在陀羅們到達礦石以前炮擊所有的陀羅！","失敗條件：凶暴化的陀羅到達礦石","炮擊凶暴化的陀羅","","","","","","","","開炮",35,35
23,7352833,0,False,0,3,29,18,118,3200,0,20,"ev_snipe_clic0f","","","",0,False,7359005,0,0,0,0,0,0,0,37,0,0,0,0,0,0,0,0,0,0,0,0,0,0,0,0,0,0,0,0,0,0,0,0,0,0,0,0,0,0,0,6000,20000,20000,20000,20000,20000,20000,20000,1,0,0,0,0,0,0,0,0,0,0,0,0,0,0,0,0,0,0,0,0,0,0,0,0,0,0,0,"尋找邦加莫南！","邦加莫南就在黎鐸拉納大燈塔的某處，<hex:02100103>找到他！","","找出邦加莫南","","","","","","","","確認",24,20
24,7400603,0,False,0,16,5,15,15,900,1,7,"ev_snipe3cf","ev_snipe_hit0f","ev_snipe_hit0f","ev_snipe_hit0f",0,False,7400606,7400611,7516452,0,0,0,0,0,38,39,41,0,0,0,0,0,0,0,0,0,0,0,0,0,0,0,0,0,0,0,0,0,0,0,0,0,0,0,0,0,20000,20000,20000,20000,20000,20000,20000,20000,1,0,0,0,0,0,0,0,0,0,0,0,0,0,0,0,0,0,0,0,0,0,0,0,0,0,0,0,"用箭射中靶子！","為了再現傳統弓射，用祭禮用的弓射出箭，<hex:02100103>命中魚信拿的靶子！","失敗條件：射中魚信","射中靶子","","","","","","","","放箭",35,35
25,7453945,0,False,1,18,5,25,25,500,1,7,"ev_snipe3cf","ev_snipe_hit0f","ev_snipe_mis0f","",0,False,7453963,7453964,7453965,7453966,0,0,0,0,40,40,40,40,0,0,0,0,0,0,0,0,0,0,0,0,0,0,0,0,0,0,0,0,0,0,0,0,0,0,0,0,6000,6000,6000,6000,20000,20000,20000,20000,1,1,1,1,0,0,0,0,0,0,0,0,0,0,0,0,0,0,0,0,0,0,0,0,0,0,0,0,"用箭射中靶子！","為了再現傳統弓射，用祭禮用的弓射出箭，<hex:02100103>命中鯰魚精拿的靶子！","","射中靶子","","","","","","","","放箭",35,35
26,7941310,0,False,0,16,50,50,60,4000,0,20,"ev_snipe0cf","ev_snipe_hit0f","ev_snipe_mis0f","",0,False,8010875,0,0,0,0,0,0,0,66,0,0,0,0,0,0,0,0,0,0,0,0,0,0,0,0,0,0,0,0,0,0,0,0,0,0,0,0,0,0,0,20000,20000,20000,20000,20000,20000,20000,20000,1,0,0,0,0,0,0,0,0,0,0,0,0,0,0,0,0,0,0,0,0,0,0,0,0,0,0,0,"用吹箭射中豚豬！","為了獲得最適合製作武具的豚豬牙，<hex:02100103>尋找牙齒結實的豚豬，<hex:02100103>用吹箭射擊使其麻痹！","","射中豚豬","","","","","","","","放箭",35,35
27,7964390,0,False,0,15,10,30,30,0,0,7,"ev_snipe_clic0f","","","",0,False,7964369,7964370,7964371,7964372,7964344,0,0,0,42,43,44,45,46,0,0,0,0,0,0,0,0,0,0,0,0,0,0,0,0,0,0,0,0,0,0,0,0,0,0,0,20000,20000,20000,20000,20000,20000,20000,20000,1,1,1,1,0,0,0,0,0,0,0,0,0,0,0,0,0,0,0,0,0,0,0,0,0,0,0,0,"確認商品！","勒昂琅的蠕動食材店中<hex:02100103>擺滿了各類商品，<hex:02100103>確認所有商品！","","確認商品","","","","","","","","確認",35,35
28,7964462,0,False,1,15,5,45,45,1000,0,7,"ev_snipe_clic0f","","","",0,False,7964427,7964431,7964432,7964433,0,0,0,0,47,48,49,50,0,0,0,0,0,0,0,0,0,0,0,0,0,0,0,0,0,0,0,0,0,0,0,0,0,0,0,0,900,20000,20000,20000,20000,20000,20000,20000,1,0,0,0,0,0,0,0,0,0,0,0,0,0,0,0,0,0,0,0,0,0,0,0,0,0,0,0,"尋找石板！","給雅·修特拉的禮物<hex:02100103>似乎就藏在這個教會之中，<hex:02100103>找出古舊的石板！","","找出石板","","","","","","","","確認",35,26
29,7964494,0,False,0,18,2,70,85,1000,0,20,"ev_snipe_clic0f","","","",0,False,7964480,7964482,7964486,7964487,0,0,0,0,51,52,53,54,0,0,0,0,0,0,0,0,0,0,0,0,0,0,0,0,0,0,0,0,0,0,0,0,0,0,0,0,20000,20000,20000,20000,20000,20000,20000,20000,1,1,1,0,0,0,0,0,0,0,0,0,0,0,0,0,0,0,0,0,0,0,0,0,0,0,0,0,"觀察壁畫！","雅·修特拉委託<hex:02100103>觀察古舊的壁畫，<hex:02100103>觀察所有的壁畫！","","觀察壁畫","","","","","","","","觀察",35,26
30,0,0,False,0,0,0,0,0,0,0,0,"","","","",0,False,0,0,0,0,0,0,0,0,0,0,0,0,0,0,0,0,0,0,0,0,0,0,0,0,0,0,0,0,0,0,0,0,0,0,0,0,0,0,0,0,0,0,0,0,0,0,0,0,0,0,0,0,0,0,0,0,0,0,0,0,0,0,0,0,0,0,0,0,0,0,0,0,0,0,0,0,"","","","","","","","","","","","",0,0
31,0,0,False,0,0,0,0,0,0,0,0,"","","","",0,False,0,0,0,0,0,0,0,0,0,0,0,0,0,0,0,0,0,0,0,0,0,0,0,0,0,0,0,0,0,0,0,0,0,0,0,0,0,0,0,0,0,0,0,0,0,0,0,0,0,0,0,0,0,0,0,0,0,0,0,0,0,0,0,0,0,0,0,0,0,0,0,0,0,0,0,0,"","","","","","","","","","","","",0,0
32,7981474,0,False,0,5,5,16,16,10200,0,7,"ev_snipe_clic0f","","","",0,False,7981478,7981479,0,0,0,0,0,0,65,67,0,0,0,0,0,0,0,0,0,0,0,0,0,0,0,0,0,0,0,0,0,0,0,0,0,0,0,0,0,0,5000,5000,20000,20000,20000,20000,20000,20000,1,0,0,0,0,0,0,0,0,0,0,0,0,0,0,0,0,0,0,0,0,0,0,0,0,0,0,0,"尋找藍髮的貓秘族！","深藍色短髮的貓秘族似乎搶走了農作物。<hex:02100103>找出犯人！","","找出藍髮的貓秘族","","","","","","","","確認",35,26
33,7981481,0,False,0,12,12,16,16,6500,0,7,"ev_snipe_clic0f","","","",0,False,7981482,7981483,0,0,0,0,0,0,68,69,0,0,0,0,0,0,0,0,0,0,0,0,0,0,0,0,0,0,0,0,0,0,0,0,0,0,0,0,0,0,3000,3000,20000,20000,20000,20000,20000,20000,1,0,0,0,0,0,0,0,0,0,0,0,0,0,0,0,0,0,0,0,0,0,0,0,0,0,0,0,"尋找神秘的人影！","來自神秘村莊的人物<hex:02100103>似乎正在窺探這邊的情況，<hex:02100103>找出神秘的人影！","","找出神秘的人影","","","","","","","","確認",35,26
34,7981428,0,False,0,5,40,25,25,1000,1,20,"ev_snipe0cf","ev_snipe_hit0f","ev_snipe_mis0f","",0,False,7981491,7981429,7981433,0,0,0,0,0,70,62,63,0,0,0,0,0,0,0,0,0,0,0,0,0,0,0,0,0,0,0,0,0,0,0,0,0,0,0,0,0,4000,3000,3000,20000,20000,20000,20000,20000,1,0,0,0,0,0,0,0,0,0,0,0,0,0,0,0,0,0,0,0,0,0,0,0,0,0,0,0,"射擊戴著不同頭盔的矮人族！","現在進行圖爾找碴大作戰的練習，<hex:02100103>射擊與圖爾家族<hex:02100103>戴著不同頭盔的矮人族！","","射擊戴著不同頭盔的矮人族","","","","","","","","用彈弓射擊",35,26
35,7981428,0,False,0,5,40,25,25,1000,1,20,"ev_snipe0cf","ev_snipe_hit0f","ev_snipe_mis0f","",0,False,7981430,7981431,7981432,7981429,7981433,0,0,0,59,60,61,74,75,0,0,0,0,0,0,0,0,0,0,0,0,0,0,0,0,0,0,0,0,0,0,0,0,0,0,0,4000,4000,4000,3000,3000,20000,20000,20000,1,0,0,0,0,0,0,0,0,0,0,0,0,0,0,0,0,0,0,0,0,0,0,0,0,0,0,0,"射擊戴著不同頭盔的矮人族！","現在正式進行圖爾找碴大作戰，<hex:02100103>射擊與圖爾家族<hex:02100103>戴著不同頭盔的矮人族！","失敗條件：射擊與圖爾家族戴著相同頭盔的矮人族","射擊戴著不同頭盔的矮人族","","","","","","","","用彈弓射擊",35,26
36,8035299,0,False,0,32,3,15,13,9200,0,7,"ev_snipe_clic0f","","","",0,False,8035302,8035305,8035306,0,0,0,0,0,71,73,72,0,0,0,0,0,0,0,0,0,0,0,0,0,0,0,0,0,0,0,0,0,0,0,0,0,0,0,0,0,12800,3000,4000,20000,20000,20000,20000,20000,1,0,0,0,0,0,0,0,0,0,0,0,0,0,0,0,0,0,0,0,0,0,0,0,0,0,0,0,"尋找建築物的特徵！","調查形成<hex:02100103>鰭人潮池的建築物，<hex:02100103>尋找比較獨特的地方！","","找出獨特的外觀","","","","","","","","確認",35,26
37,7949226,30,False,0,10,3,30,30,2600,0,20,"ev_snipe_clic0f","","","",0,False,7981756,0,0,0,0,0,0,0,64,0,0,0,0,0,0,0,0,0,0,0,0,0,0,0,0,0,0,0,0,0,0,0,0,0,0,0,0,0,0,0,6000,20000,20000,20000,20000,20000,20000,20000,1,0,0,0,0,0,0,0,7981751,7981752,7981753,7981755,8052961,8052964,0,0,0,0,0,0,0,0,0,0,0,0,0,0,"確認仙子族的數量！","要陪仙子族玩<hex:02100103>使用望遠鏡的遊戲了，<hex:02100103>尋找仙子族，確認其數量！","","確認仙子族的數量","","","","","","","","確認",24,20
38,8049671,0,False,0,17,20,70,70,500,2,20,"ev_snipe0cf","ev_snipe_hit0f","ev_snipe_mis0f","",0,True,8049677,8049678,8049679,8049697,0,0,0,0,76,76,76,0,0,0,0,0,0,0,0,0,0,0,0,0,0,0,0,0,0,0,0,0,0,0,0,0,0,0,0,0,20000,20000,20000,20000,20000,20000,20000,20000,1,1,1,0,0,0,0,0,0,0,0,0,0,0,0,0,0,0,0,0,0,0,0,0,0,0,0,0,"討伐古拉姆！","發射解咒器，<hex:02100103>討伐接近衛兵的<hex:02100103>古拉姆！","失敗條件：古拉姆接近衛兵","討伐古拉姆","","","","","","","","發射解咒器",35,35
39,8225532,0,False,0,9,9,22,6,0,0,20,"ev_snipe_clic0f","","","",0,False,8225506,8225509,8225510,8225511,0,0,0,0,77,78,0,0,0,0,0,0,0,0,0,0,0,0,0,0,0,0,0,0,0,0,0,0,0,0,0,0,0,0,0,0,20000,20000,20000,20000,20000,20000,20000,20000,1,0,0,0,0,0,0,0,0,0,0,0,0,0,0,0,0,0,0,0,0,0,0,0,0,0,0,0,"給采·努茲發送信號！","在不被塔羅斯發現的情況下<hex:02100103>給采·努茲發送信號！","失敗條件：采·努茲被塔羅斯發現","給采·努茲發送信號","","","","","","","","發送信號",35,35
40,8149851,0,False,0,7,3,25,25,1300,3,20,"ev_snipe4cf","ev_snipe4_hit0f","ev_snipe4_mis0f","",0,False,8149746,8149747,8149748,8149749,0,0,0,0,80,80,80,81,0,0,0,0,0,0,0,0,0,0,0,0,0,0,0,0,0,0,0,0,0,0,0,0,0,0,0,0,20000,20000,20000,20000,20000,20000,20000,20000,1,1,1,0,0,0,0,0,0,0,0,0,0,0,0,0,0,0,0,0,0,0,0,0,0,0,0,0,"趕走靠近的東西！","投擲護身仙子豬<hex:02100103>趕走靠近採花的仙子的東西！","失敗條件：對方成功接近靠近採花的仙子","趕走靠近的東西","","","","","","","","投擲護身仙子豬",35,35
41,0,0,False,0,0,0,0,0,0,0,0,"","","","",0,False,0,0,0,0,0,0,0,0,0,0,0,0,0,0,0,0,0,0,0,0,0,0,0,0,0,0,0,0,0,0,0,0,0,0,0,0,0,0,0,0,0,0,0,0,0,0,0,0,0,0,0,0,0,0,0,0,0,0,0,0,0,0,0,0,0,0,0,0,0,0,0,0,0,0,0,0,"","","","","","","","","","","","",0,0
42,0,0,False,0,0,0,0,0,0,0,0,"","","","",0,False,0,0,0,0,0,0,0,0,0,0,0,0,0,0,0,0,0,0,0,0,0,0,0,0,0,0,0,0,0,0,0,0,0,0,0,0,0,0,0,0,0,0,0,0,0,0,0,0,0,0,0,0,0,0,0,0,0,0,0,0,0,0,0,0,0,0,0,0,0,0,0,0,0,0,0,0,"","","","","","","","","","","","",0,0
43,0,0,False,0,0,0,0,0,0,0,0,"","","","",0,False,0,0,0,0,0,0,0,0,0,0,0,0,0,0,0,0,0,0,0,0,0,0,0,0,0,0,0,0,0,0,0,0,0,0,0,0,0,0,0,0,0,0,0,0,0,0,0,0,0,0,0,0,0,0,0,0,0,0,0,0,0,0,0,0,0,0,0,0,0,0,0,0,0,0,0,0,"","","","","","","","","","","","",0,0
44,0,0,False,0,0,0,0,0,0,0,0,"","","","",0,False,0,0,0,0,0,0,0,0,0,0,0,0,0,0,0,0,0,0,0,0,0,0,0,0,0,0,0,0,0,0,0,0,0,0,0,0,0,0,0,0,0,0,0,0,0,0,0,0,0,0,0,0,0,0,0,0,0,0,0,0,0,0,0,0,0,0,0,0,0,0,0,0,0,0,0,0,"","","","","","","","","","","","",0,0
45,8225545,0,False,0,12,5,14,21,0,0,20,"ev_snipe_clic0f","","","",0,False,8225537,8225538,8229226,8225539,8225540,8225541,8225542,0,77,78,0,0,0,0,0,0,0,0,0,0,0,0,0,0,0,0,0,0,0,0,0,0,0,0,0,0,0,0,0,0,20000,20000,20000,20000,20000,20000,20000,20000,1,0,0,0,0,0,0,0,0,0,0,0,0,0,0,0,0,0,0,0,0,0,0,0,0,0,0,0,"給采·努茲發送信號！","在不被塔羅斯和周圍魔物<hex:02100103>發現的情況下<hex:02100103>給采·努茲發送信號！","失敗條件：采·努茲被塔羅斯或周圍魔物發現","給采·努茲發送信號","","","","","","","","發送信號",35,35
